  -5.0000000000000000       -5.0000000000000000        1.9287498479639178E-022
  -5.0000000000000000       -4.9000000000000004        5.1907180793788676E-022
  -5.0000000000000000       -4.7999999999999998        1.3692825997566993E-021
  -5.0000000000000000       -4.7000000000000002        3.5405672445239965E-021
  -5.0000000000000000       -4.5999999999999996        8.9736001752192879E-021
  -5.0000000000000000       -4.5000000000000000        2.2293317120883141E-020
  -5.0000000000000000       -4.4000000000000004        5.4287117546670783E-020
  -5.0000000000000000       -4.2999999999999998        1.2957851007869728E-019
  -5.0000000000000000       -4.2000000000000002        3.0316795318288269E-019
  -5.0000000000000000       -4.0999999999999996        6.9526074848183812E-019
  -5.0000000000000000       -4.0000000000000000        1.5628821893349888E-018
  -5.0000000000000000       -3.8999999999999999        3.4436490306397653E-018
  -5.0000000000000000       -3.7999999999999998        7.4374769662549228E-018
  -5.0000000000000000       -3.7000000000000002        1.5745138861118057E-017
  -5.0000000000000000       -3.5999999999999996        3.2672432315842433E-017
  -5.0000000000000000       -3.5000000000000000        6.6455441729150706E-017
  -5.0000000000000000       -3.3999999999999999        1.3249324644393799E-016
  -5.0000000000000000       -3.2999999999999998        2.5892324693295902E-016
  -5.0000000000000000       -3.2000000000000002        4.9597805108092934E-016
  -5.0000000000000000       -3.0999999999999996        9.3125363579246603E-016
  -5.0000000000000000       -3.0000000000000000        1.7139084315420130E-015
  -5.0000000000000000       -2.8999999999999999        3.0918709555545129E-015
  -5.0000000000000000       -2.7999999999999998        5.4672535379919853E-015
  -5.0000000000000000       -2.6999999999999997        9.4761336941707752E-015
  -5.0000000000000000       -2.5999999999999996        1.6099309693815608E-014
  -5.0000000000000000       -2.5000000000000000        2.6810038677818034E-014
  -5.0000000000000000       -2.3999999999999999        4.3762460991433526E-014
  -5.0000000000000000       -2.2999999999999998        7.0019683467194794E-014
  -5.0000000000000000       -2.1999999999999997        1.0981272280576603E-013
  -5.0000000000000000       -2.0999999999999996        1.6881043431448633E-013
  -5.0000000000000000       -2.0000000000000000        2.5436656473769228E-013
  -5.0000000000000000       -1.8999999999999999        3.7569453072347756E-013
  -5.0000000000000000       -1.7999999999999998        5.4390597666807287E-013
  -5.0000000000000000       -1.6999999999999997        7.7183932097558182E-013
  -5.0000000000000000       -1.5999999999999996        1.0736038957721622E-012
  -5.0000000000000000       -1.5000000000000000        1.4637785141259089E-012
  -5.0000000000000000       -1.3999999999999999        1.9562338426589448E-012
  -5.0000000000000000       -1.2999999999999998        2.5625967912045225E-012
  -5.0000000000000000       -1.1999999999999997        3.2904394126290563E-012
  -5.0000000000000000       -1.0999999999999996        4.1413470774072622E-012
  -5.0000000000000000       -1.0000000000000000        5.1090890280633251E-012
  -5.0000000000000000      -0.89999999999999947        6.1781638515806612E-012
  -5.0000000000000000      -0.79999999999999982        7.3230075855306592E-012
  -5.0000000000000000      -0.70000000000000018        8.5081209726284732E-012
  -5.0000000000000000      -0.59999999999999964        9.6892896523888197E-012
  -5.0000000000000000      -0.50000000000000000        1.0815941557285693E-011
  -5.0000000000000000      -0.39999999999999947        1.1834525106040489E-011
  -5.0000000000000000      -0.29999999999999982        1.2692624997486851E-011
  -5.0000000000000000      -0.19999999999999929        1.3343389796997741E-011
  -5.0000000000000000       -9.9999999999999645E-002   1.3749756514625386E-011
  -5.0000000000000000        0.0000000000000000        1.3887943864964021E-011
  -5.0000000000000000       0.10000000000000053        1.3749756514625386E-011
  -5.0000000000000000       0.20000000000000018        1.3343389796997741E-011
  -5.0000000000000000       0.30000000000000071        1.2692624997486851E-011
  -5.0000000000000000       0.40000000000000036        1.1834525106040489E-011
  -5.0000000000000000       0.50000000000000000        1.0815941557285693E-011
  -5.0000000000000000       0.60000000000000053        9.6892896523888197E-012
  -5.0000000000000000       0.70000000000000018        8.5081209726284732E-012
  -5.0000000000000000       0.80000000000000071        7.3230075855306592E-012
  -5.0000000000000000       0.90000000000000036        6.1781638515806394E-012
  -5.0000000000000000        1.0000000000000000        5.1090890280633251E-012
  -5.0000000000000000        1.1000000000000005        4.1413470774072622E-012
  -5.0000000000000000        1.2000000000000002        3.2904394126290445E-012
  -5.0000000000000000        1.3000000000000007        2.5625967912045136E-012
  -5.0000000000000000        1.4000000000000004        1.9562338426589448E-012
  -5.0000000000000000        1.5000000000000000        1.4637785141259089E-012
  -5.0000000000000000        1.6000000000000005        1.0736038957721583E-012
  -5.0000000000000000        1.7000000000000002        7.7183932097558182E-013
  -5.0000000000000000        1.8000000000000007        5.4390597666807095E-013
  -5.0000000000000000        1.9000000000000004        3.7569453072347756E-013
  -5.0000000000000000        2.0000000000000000        2.5436656473769228E-013
  -5.0000000000000000        2.1000000000000005        1.6881043431448514E-013
  -5.0000000000000000        2.2000000000000002        1.0981272280576603E-013
  -5.0000000000000000        2.3000000000000007        7.0019683467194555E-014
  -5.0000000000000000        2.4000000000000004        4.3762460991433368E-014
  -5.0000000000000000        2.5000000000000000        2.6810038677818034E-014
  -5.0000000000000000        2.6000000000000005        1.6099309693815552E-014
  -5.0000000000000000        2.7000000000000002        9.4761336941707752E-015
  -5.0000000000000000        2.8000000000000007        5.4672535379919467E-015
  -5.0000000000000000        2.9000000000000004        3.0918709555544908E-015
  -5.0000000000000000        3.0000000000000000        1.7139084315420130E-015
  -5.0000000000000000        3.0999999999999996        9.3125363579246603E-016
  -5.0000000000000000        3.2000000000000011        4.9597805108092579E-016
  -5.0000000000000000        3.3000000000000007        2.5892324693295902E-016
  -5.0000000000000000        3.4000000000000004        1.3249324644393799E-016
  -5.0000000000000000        3.5000000000000000        6.6455441729150706E-017
  -5.0000000000000000        3.5999999999999996        3.2672432315842433E-017
  -5.0000000000000000        3.7000000000000011        1.5745138861117835E-017
  -5.0000000000000000        3.8000000000000007        7.4374769662548704E-018
  -5.0000000000000000        3.9000000000000004        3.4436490306397653E-018
  -5.0000000000000000        4.0000000000000000        1.5628821893349888E-018
  -5.0000000000000000        4.0999999999999996        6.9526074848183812E-019
  -5.0000000000000000        4.2000000000000011        3.0316795318288053E-019
  -5.0000000000000000        4.3000000000000007        1.2957851007869545E-019
  -5.0000000000000000        4.4000000000000004        5.4287117546670783E-020
  -5.0000000000000000        4.5000000000000000        2.2293317120883141E-020
  -5.0000000000000000        4.6000000000000014        8.9736001752191615E-021
  -5.0000000000000000        4.7000000000000011        3.5405672445239709E-021
  -5.0000000000000000        4.8000000000000007        1.3692825997566897E-021
  -5.0000000000000000        4.9000000000000004        5.1907180793788676E-022
  -5.0000000000000000        5.0000000000000000        1.9287498479639178E-022

  -4.9000000000000004       -5.0000000000000000        5.1907180793788676E-022
  -4.9000000000000004       -4.9000000000000004        1.3969439431470891E-021
  -4.9000000000000004       -4.7999999999999998        3.6850605348532277E-021
  -4.9000000000000004       -4.7000000000000002        9.5284966201335699E-021
  -4.9000000000000004       -4.5999999999999996        2.4150062132629406E-020
  -4.9000000000000004       -4.5000000000000000        5.9996543538734410E-020
  -4.9000000000000004       -4.4000000000000004        1.4609936214607619E-019
  -4.9000000000000004       -4.2999999999999998        3.4872615319944465E-019
  -4.9000000000000004       -4.2000000000000002        8.1589604651733690E-019
  -4.9000000000000004       -4.0999999999999996        1.8711096935856630E-018
  -4.9000000000000004       -4.0000000000000000        4.2060824241589869E-018
  -4.9000000000000004       -3.8999999999999999        9.2676669819298108E-018
  -4.9000000000000004       -3.7999999999999998        2.0015994398888757E-017
  -4.9000000000000004       -3.7000000000000002        4.2373860474966705E-017
  -4.9000000000000004       -3.5999999999999996        8.7929176143892754E-017
  -4.9000000000000004       -3.5000000000000000        1.7884717565668714E-016
  -4.9000000000000004       -3.3999999999999999        3.5657039218339040E-016
  -4.9000000000000004       -3.2999999999999998        6.9682316783857612E-016
  -4.9000000000000004       -3.2000000000000002        1.3347932285975936E-015
  -4.9000000000000004       -3.0999999999999996        2.5062218871452567E-015
  -4.9000000000000004       -3.0000000000000000        4.6125294534158972E-015
  -4.9000000000000004       -2.8999999999999999        8.3209496996437162E-015
  -4.9000000000000004       -2.7999999999999998        1.4713661190517370E-014
  -4.9000000000000004       -2.6999999999999997        2.5502497662342620E-014
  -4.9000000000000004       -2.5999999999999996        4.3327017229022992E-014
  -4.9000000000000004       -2.5000000000000000        7.2152100294760554E-014
  -4.9000000000000004       -2.3999999999999999        1.1777504361498518E-013
  -4.9000000000000004       -2.2999999999999998        1.8843938588989741E-013
  -4.9000000000000004       -2.1999999999999997        2.9553178511741007E-013
  -4.9000000000000004       -2.0999999999999996        4.5430846011939412E-013
  -4.9000000000000004       -2.0000000000000000        6.8456006763513431E-013
  -4.9000000000000004       -1.8999999999999999        1.0110820721560967E-012
  -4.9000000000000004       -1.7999999999999998        1.4637785141259037E-012
  -4.9000000000000004       -1.6999999999999997        2.0772005877241223E-012
  -4.9000000000000004       -1.5999999999999996        2.8893198139504922E-012
  -4.9000000000000004       -1.5000000000000000        3.9393711970998073E-012
  -4.9000000000000004       -1.3999999999999999        5.2646839533399881E-012
  -4.9000000000000004       -1.2999999999999998        6.8965488232211803E-012
  -4.9000000000000004       -1.1999999999999997        8.8553439764439298E-012
  -4.9000000000000004       -1.0999999999999996        1.1145336016681237E-011
  -4.9000000000000004       -1.0000000000000000        1.3749756514625336E-011
  -4.9000000000000004      -0.89999999999999947        1.6626887533195881E-011
  -4.9000000000000004      -0.79999999999999982        1.9707930455455148E-011
  -4.9000000000000004      -0.70000000000000018        2.2897348456455365E-011
  -4.9000000000000004      -0.59999999999999964        2.6076150325085657E-011
  -4.9000000000000004      -0.50000000000000000        2.9108234769882069E-011
  -4.9000000000000004      -0.39999999999999947        3.1849481929258806E-011
  -4.9000000000000004      -0.29999999999999982        3.4158829937838409E-011
  -4.9000000000000004      -0.19999999999999929        3.5910190599673563E-011
  -4.9000000000000004       -9.9999999999999645E-002   3.7003818718568491E-011
  -4.9000000000000004        0.0000000000000000        3.7375713279442431E-011
  -4.9000000000000004       0.10000000000000053        3.7003818718568491E-011
  -4.9000000000000004       0.20000000000000018        3.5910190599673563E-011
  -4.9000000000000004       0.30000000000000071        3.4158829937838409E-011
  -4.9000000000000004       0.40000000000000036        3.1849481929258806E-011
  -4.9000000000000004       0.50000000000000000        2.9108234769882069E-011
  -4.9000000000000004       0.60000000000000053        2.6076150325085657E-011
  -4.9000000000000004       0.70000000000000018        2.2897348456455365E-011
  -4.9000000000000004       0.80000000000000071        1.9707930455455148E-011
  -4.9000000000000004       0.90000000000000036        1.6626887533195822E-011
  -4.9000000000000004        1.0000000000000000        1.3749756514625336E-011
  -4.9000000000000004        1.1000000000000005        1.1145336016681237E-011
  -4.9000000000000004        1.2000000000000002        8.8553439764438975E-012
  -4.9000000000000004        1.3000000000000007        6.8965488232211560E-012
  -4.9000000000000004        1.4000000000000004        5.2646839533399881E-012
  -4.9000000000000004        1.5000000000000000        3.9393711970998073E-012
  -4.9000000000000004        1.6000000000000005        2.8893198139504822E-012
  -4.9000000000000004        1.7000000000000002        2.0772005877241223E-012
  -4.9000000000000004        1.8000000000000007        1.4637785141258986E-012
  -4.9000000000000004        1.9000000000000004        1.0110820721560967E-012
  -4.9000000000000004        2.0000000000000000        6.8456006763513431E-013
  -4.9000000000000004        2.1000000000000005        4.5430846011939089E-013
  -4.9000000000000004        2.2000000000000002        2.9553178511741007E-013
  -4.9000000000000004        2.3000000000000007        1.8843938588989673E-013
  -4.9000000000000004        2.4000000000000004        1.1777504361498475E-013
  -4.9000000000000004        2.5000000000000000        7.2152100294760554E-014
  -4.9000000000000004        2.6000000000000005        4.3327017229022834E-014
  -4.9000000000000004        2.7000000000000002        2.5502497662342620E-014
  -4.9000000000000004        2.8000000000000007        1.4713661190517319E-014
  -4.9000000000000004        2.9000000000000004        8.3209496996436578E-015
  -4.9000000000000004        3.0000000000000000        4.6125294534158972E-015
  -4.9000000000000004        3.0999999999999996        2.5062218871452567E-015
  -4.9000000000000004        3.2000000000000011        1.3347932285975839E-015
  -4.9000000000000004        3.3000000000000007        6.9682316783857612E-016
  -4.9000000000000004        3.4000000000000004        3.5657039218339040E-016
  -4.9000000000000004        3.5000000000000000        1.7884717565668714E-016
  -4.9000000000000004        3.5999999999999996        8.7929176143892754E-017
  -4.9000000000000004        3.7000000000000011        4.2373860474966101E-017
  -4.9000000000000004        3.8000000000000007        2.0015994398888616E-017
  -4.9000000000000004        3.9000000000000004        9.2676669819298108E-018
  -4.9000000000000004        4.0000000000000000        4.2060824241589869E-018
  -4.9000000000000004        4.0999999999999996        1.8711096935856630E-018
  -4.9000000000000004        4.2000000000000011        8.1589604651733113E-019
  -4.9000000000000004        4.3000000000000007        3.4872615319943974E-019
  -4.9000000000000004        4.4000000000000004        1.4609936214607619E-019
  -4.9000000000000004        4.5000000000000000        5.9996543538734410E-020
  -4.9000000000000004        4.6000000000000014        2.4150062132629063E-020
  -4.9000000000000004        4.7000000000000011        9.5284966201335022E-021
  -4.9000000000000004        4.8000000000000007        3.6850605348532021E-021
  -4.9000000000000004        4.9000000000000004        1.3969439431470891E-021
  -4.9000000000000004        5.0000000000000000        5.1907180793788676E-022

  -4.7999999999999998       -5.0000000000000000        1.3692825997566993E-021
  -4.7999999999999998       -4.9000000000000004        3.6850605348532277E-021
  -4.7999999999999998       -4.7999999999999998        9.7209850203007803E-021
  -4.7999999999999998       -4.7000000000000002        2.5135644865056269E-020
  -4.7999999999999998       -4.5999999999999996        6.3706522595828653E-020
  -4.7999999999999998       -4.5000000000000000        1.5826754960840555E-019
  -4.7999999999999998       -4.4000000000000004        3.8540200288841702E-019
  -4.7999999999999998       -4.2999999999999998        9.1992022366436146E-019
  -4.7999999999999998       -4.2000000000000002        2.1522884553193797E-018
  -4.7999999999999998       -4.0999999999999996        4.9358834490382108E-018
  -4.7999999999999998       -4.0000000000000000        1.1095411826397148E-017
  -4.7999999999999998       -3.8999999999999999        2.4447590766121310E-017
  -4.7999999999999998       -3.7999999999999998        5.2801081523012666E-017
  -4.7999999999999998       -3.7000000000000002        1.1177989046138422E-016
  -4.7999999999999998       -3.5999999999999996        2.3195228302435696E-016
  -4.7999999999999998       -3.5000000000000000        4.7178891609469954E-016
  -4.7999999999999998       -3.3999999999999999        9.4061289042992425E-016
  -4.7999999999999998       -3.2999999999999998        1.8381808147493916E-015
  -4.7999999999999998       -3.2000000000000002        3.5211104017624837E-015
  -4.7999999999999998       -3.0999999999999996        6.6112741411069776E-015
  -4.7999999999999998       -3.0000000000000000        1.2167596515246377E-014
  -4.7999999999999998       -2.8999999999999999        2.1950203156739794E-014
  -4.7999999999999998       -2.7999999999999998        3.8813821014339750E-014
  -4.7999999999999998       -2.6999999999999997        6.7274172408069346E-014
  -4.7999999999999998       -2.5999999999999996        1.1429426503964378E-013
  -4.7999999999999998       -2.5000000000000000        1.9033323320332987E-013
  -4.7999999999999998       -2.3999999999999999        3.1068402375434566E-013
  -4.7999999999999998       -2.2999999999999998        4.9709263393235685E-013
  -4.7999999999999998       -2.1999999999999997        7.7959643511351849E-013
  -4.7999999999999998       -2.0999999999999996        1.1984404852096798E-012
  -4.7999999999999998       -2.0000000000000000        1.8058314375132171E-012
  -4.7999999999999998       -1.8999999999999999        2.6671783501965065E-012
  -4.7999999999999998       -1.7999999999999998        3.8613664210601045E-012
  -4.7999999999999998       -1.6999999999999997        5.4795397813540704E-012
  -4.7999999999999998       -1.5999999999999996        7.6218651945129178E-012
  -4.7999999999999998       -1.5000000000000000        1.0391842422728834E-011
  -4.7999999999999998       -1.3999999999999999        1.3887943864964021E-011
  -4.7999999999999998       -1.2999999999999998        1.8192712756881824E-011
  -4.7999999999999998       -1.1999999999999997        2.3359905578335572E-011
  -4.7999999999999998       -1.0999999999999996        2.9400777392844726E-011
  -4.7999999999999998       -1.0000000000000000        3.6271094015224788E-011
  -4.7999999999999998      -0.89999999999999947        4.3860805844498973E-011
  -4.7999999999999998      -0.79999999999999982        5.1988425950305175E-011
  -4.7999999999999998      -0.70000000000000018        6.0401933494608153E-011
  -4.7999999999999998      -0.59999999999999964        6.8787436271346101E-011
  -4.7999999999999998      -0.50000000000000000        7.6785906632790754E-011
  -4.7999999999999998      -0.39999999999999947        8.4017164388588981E-011
  -4.7999999999999998      -0.29999999999999982        9.0109096172542116E-011
  -4.7999999999999998      -0.19999999999999929        9.4729088326761011E-011
  -4.7999999999999998       -9.9999999999999645E-002   9.7614018563593816E-011
  -4.7999999999999998        0.0000000000000000        9.8595055759915160E-011
  -4.7999999999999998       0.10000000000000053        9.7614018563593816E-011
  -4.7999999999999998       0.20000000000000018        9.4729088326761011E-011
  -4.7999999999999998       0.30000000000000071        9.0109096172542116E-011
  -4.7999999999999998       0.40000000000000036        8.4017164388588981E-011
  -4.7999999999999998       0.50000000000000000        7.6785906632790754E-011
  -4.7999999999999998       0.60000000000000053        6.8787436271346101E-011
  -4.7999999999999998       0.70000000000000018        6.0401933494608153E-011
  -4.7999999999999998       0.80000000000000071        5.1988425950305175E-011
  -4.7999999999999998       0.90000000000000036        4.3860805844498812E-011
  -4.7999999999999998        1.0000000000000000        3.6271094015224788E-011
  -4.7999999999999998        1.1000000000000005        2.9400777392844726E-011
  -4.7999999999999998        1.2000000000000002        2.3359905578335488E-011
  -4.7999999999999998        1.3000000000000007        1.8192712756881759E-011
  -4.7999999999999998        1.4000000000000004        1.3887943864964021E-011
  -4.7999999999999998        1.5000000000000000        1.0391842422728834E-011
  -4.7999999999999998        1.6000000000000005        7.6218651945128903E-012
  -4.7999999999999998        1.7000000000000002        5.4795397813540704E-012
  -4.7999999999999998        1.8000000000000007        3.8613664210600908E-012
  -4.7999999999999998        1.9000000000000004        2.6671783501965065E-012
  -4.7999999999999998        2.0000000000000000        1.8058314375132171E-012
  -4.7999999999999998        2.1000000000000005        1.1984404852096714E-012
  -4.7999999999999998        2.2000000000000002        7.7959643511351849E-013
  -4.7999999999999998        2.3000000000000007        4.9709263393235514E-013
  -4.7999999999999998        2.4000000000000004        3.1068402375434455E-013
  -4.7999999999999998        2.5000000000000000        1.9033323320332987E-013
  -4.7999999999999998        2.6000000000000005        1.1429426503964337E-013
  -4.7999999999999998        2.7000000000000002        6.7274172408069346E-014
  -4.7999999999999998        2.8000000000000007        3.8813821014339611E-014
  -4.7999999999999998        2.9000000000000004        2.1950203156739715E-014
  -4.7999999999999998        3.0000000000000000        1.2167596515246377E-014
  -4.7999999999999998        3.0999999999999996        6.6112741411069776E-015
  -4.7999999999999998        3.2000000000000011        3.5211104017624585E-015
  -4.7999999999999998        3.3000000000000007        1.8381808147493786E-015
  -4.7999999999999998        3.4000000000000004        9.4061289042991754E-016
  -4.7999999999999998        3.5000000000000000        4.7178891609469954E-016
  -4.7999999999999998        3.5999999999999996        2.3195228302435696E-016
  -4.7999999999999998        3.7000000000000011        1.1177989046138422E-016
  -4.7999999999999998        3.8000000000000007        5.2801081523012291E-017
  -4.7999999999999998        3.9000000000000004        2.4447590766121310E-017
  -4.7999999999999998        4.0000000000000000        1.1095411826397148E-017
  -4.7999999999999998        4.0999999999999996        4.9358834490382108E-018
  -4.7999999999999998        4.2000000000000011        2.1522884553193643E-018
  -4.7999999999999998        4.3000000000000007        9.1992022366436146E-019
  -4.7999999999999998        4.4000000000000004        3.8540200288841702E-019
  -4.7999999999999998        4.5000000000000000        1.5826754960840555E-019
  -4.7999999999999998        4.6000000000000014        6.3706522595827292E-020
  -4.7999999999999998        4.7000000000000011        2.5135644865056091E-020
  -4.7999999999999998        4.8000000000000007        9.7209850203007111E-021
  -4.7999999999999998        4.9000000000000004        3.6850605348532277E-021
  -4.7999999999999998        5.0000000000000000        1.3692825997566993E-021

  -4.7000000000000002       -5.0000000000000000        3.5405672445239965E-021
  -4.7000000000000002       -4.9000000000000004        9.5284966201335699E-021
  -4.7000000000000002       -4.7999999999999998        2.5135644865056269E-020
  -4.7000000000000002       -4.7000000000000002        6.4993479720708472E-020
  -4.7000000000000002       -4.5999999999999996        1.6472657083745667E-019
  -4.7000000000000002       -4.5000000000000000        4.0923393177870236E-019
  -4.7000000000000002       -4.4000000000000004        9.9653768158825639E-019
  -4.7000000000000002       -4.2999999999999998        2.3786466081289395E-018
  -4.7000000000000002       -4.2000000000000002        5.5651930485532784E-018
  -4.7000000000000002       -4.0999999999999996        1.2762761511435170E-017
  -4.7000000000000002       -4.0000000000000000        2.8689513533602258E-017
  -4.7000000000000002       -3.8999999999999999        6.3214371590960497E-017
  -4.7000000000000002       -3.7999999999999998        1.3652826651637672E-016
  -4.7000000000000002       -3.7000000000000002        2.8903034248326922E-016
  -4.7000000000000002       -3.5999999999999996        5.9976125871644440E-016
  -4.7000000000000002       -3.5000000000000000        1.2199091575042126E-015
  -4.7000000000000002       -3.3999999999999999        2.4321518364616251E-015
  -4.7000000000000002       -3.2999999999999998        4.7530018882665541E-015
  -4.7000000000000002       -3.2000000000000002        9.1045691773547156E-015
  -4.7000000000000002       -3.0999999999999996        1.7094835407045314E-014
  -4.7000000000000002       -3.0000000000000000        3.1461871840130253E-014
  -4.7000000000000002       -2.8999999999999999        5.6756852326327025E-014
  -4.7000000000000002       -2.7999999999999998        1.0036127191173424E-013
  -4.7000000000000002       -2.6999999999999997        1.7395147741802374E-013
  -4.7000000000000002       -2.5999999999999996        2.9553178511741108E-013
  -4.7000000000000002       -2.5000000000000000        4.9214647958266346E-013
  -4.7000000000000002       -2.3999999999999999        8.0333868121672197E-013
  -4.7000000000000002       -2.2999999999999998        1.2853372251336457E-012
  -4.7000000000000002       -2.1999999999999997        2.0158100326412155E-012
  -4.7000000000000002       -2.0999999999999996        3.0988191387218256E-012
  -4.7000000000000002       -2.0000000000000000        4.6693557910741257E-012
  -4.7000000000000002       -1.8999999999999999        6.8965488232211803E-012
  -4.7000000000000002       -1.7999999999999998        9.9843724530929297E-012
  -4.7000000000000002       -1.6999999999999997        1.4168498941252600E-011
  -4.7000000000000002       -1.5999999999999996        1.9707930455455216E-011
  -4.7000000000000002       -1.5000000000000000        2.6870287330538016E-011
  -4.7000000000000002       -1.3999999999999999        3.5910190599673563E-011
  -4.7000000000000002       -1.2999999999999998        4.7041073104627748E-011
  -4.7000000000000002       -1.1999999999999997        6.0401933494608153E-011
  -4.7000000000000002       -1.0999999999999996        7.6021874096073237E-011
  -4.7000000000000002       -1.0000000000000000        9.3786518149119506E-011
  -4.7000000000000002      -0.89999999999999947        1.1341130933749743E-010
  -4.7000000000000002      -0.79999999999999982        1.3442697515233013E-010
  -4.7000000000000002      -0.70000000000000018        1.5618186287836096E-010
  -4.7000000000000002      -0.59999999999999964        1.7786433840639205E-010
  -4.7000000000000002      -0.50000000000000000        1.9854606047973092E-010
  -4.7000000000000002      -0.39999999999999947        2.1724399350790093E-010
  -4.7000000000000002      -0.29999999999999982        2.3299596036556168E-010
  -4.7000000000000002      -0.19999999999999929        2.4494191870468888E-010
  -4.7000000000000002       -9.9999999999999645E-002   2.5240151068451975E-010
  -4.7000000000000002        0.0000000000000000        2.5493818803919602E-010
  -4.7000000000000002       0.10000000000000053        2.5240151068451975E-010
  -4.7000000000000002       0.20000000000000018        2.4494191870468888E-010
  -4.7000000000000002       0.30000000000000071        2.3299596036556168E-010
  -4.7000000000000002       0.40000000000000036        2.1724399350790093E-010
  -4.7000000000000002       0.50000000000000000        1.9854606047973092E-010
  -4.7000000000000002       0.60000000000000053        1.7786433840639205E-010
  -4.7000000000000002       0.70000000000000018        1.5618186287836096E-010
  -4.7000000000000002       0.80000000000000071        1.3442697515233013E-010
  -4.7000000000000002       0.90000000000000036        1.1341130933749703E-010
  -4.7000000000000002        1.0000000000000000        9.3786518149119506E-011
  -4.7000000000000002        1.1000000000000005        7.6021874096073237E-011
  -4.7000000000000002        1.2000000000000002        6.0401933494607934E-011
  -4.7000000000000002        1.3000000000000007        4.7041073104627580E-011
  -4.7000000000000002        1.4000000000000004        3.5910190599673563E-011
  -4.7000000000000002        1.5000000000000000        2.6870287330538016E-011
  -4.7000000000000002        1.6000000000000005        1.9707930455455148E-011
  -4.7000000000000002        1.7000000000000002        1.4168498941252600E-011
  -4.7000000000000002        1.8000000000000007        9.9843724530928941E-012
  -4.7000000000000002        1.9000000000000004        6.8965488232211803E-012
  -4.7000000000000002        2.0000000000000000        4.6693557910741257E-012
  -4.7000000000000002        2.1000000000000005        3.0988191387218033E-012
  -4.7000000000000002        2.2000000000000002        2.0158100326412155E-012
  -4.7000000000000002        2.3000000000000007        1.2853372251336410E-012
  -4.7000000000000002        2.4000000000000004        8.0333868121671904E-013
  -4.7000000000000002        2.5000000000000000        4.9214647958266346E-013
  -4.7000000000000002        2.6000000000000005        2.9553178511741007E-013
  -4.7000000000000002        2.7000000000000002        1.7395147741802374E-013
  -4.7000000000000002        2.8000000000000007        1.0036127191173389E-013
  -4.7000000000000002        2.9000000000000004        5.6756852326326823E-014
  -4.7000000000000002        3.0000000000000000        3.1461871840130253E-014
  -4.7000000000000002        3.0999999999999996        1.7094835407045314E-014
  -4.7000000000000002        3.2000000000000011        9.1045691773546509E-015
  -4.7000000000000002        3.3000000000000007        4.7530018882665541E-015
  -4.7000000000000002        3.4000000000000004        2.4321518364616251E-015
  -4.7000000000000002        3.5000000000000000        1.2199091575042126E-015
  -4.7000000000000002        3.5999999999999996        5.9976125871644440E-016
  -4.7000000000000002        3.7000000000000011        2.8903034248326508E-016
  -4.7000000000000002        3.8000000000000007        1.3652826651637576E-016
  -4.7000000000000002        3.9000000000000004        6.3214371590960497E-017
  -4.7000000000000002        4.0000000000000000        2.8689513533602258E-017
  -4.7000000000000002        4.0999999999999996        1.2762761511435170E-017
  -4.7000000000000002        4.2000000000000011        5.5651930485532391E-018
  -4.7000000000000002        4.3000000000000007        2.3786466081289060E-018
  -4.7000000000000002        4.4000000000000004        9.9653768158825639E-019
  -4.7000000000000002        4.5000000000000000        4.0923393177870236E-019
  -4.7000000000000002        4.6000000000000014        1.6472657083745431E-019
  -4.7000000000000002        4.7000000000000011        6.4993479720708002E-020
  -4.7000000000000002        4.8000000000000007        2.5135644865056091E-020
  -4.7000000000000002        4.9000000000000004        9.5284966201335699E-021
  -4.7000000000000002        5.0000000000000000        3.5405672445239965E-021

  -4.5999999999999996       -5.0000000000000000        8.9736001752192879E-021
  -4.5999999999999996       -4.9000000000000004        2.4150062132629406E-020
  -4.5999999999999996       -4.7999999999999998        6.3706522595828653E-020
  -4.5999999999999996       -4.7000000000000002        1.6472657083745667E-019
  -4.5999999999999996       -4.5999999999999996        4.1750100558505440E-019
  -4.5999999999999996       -4.5000000000000000        1.0372071558857673E-018
  -4.5999999999999996       -4.4000000000000004        2.5257338998274724E-018
  -4.5999999999999996       -4.2999999999999998        6.0287016586124198E-018
  -4.5999999999999996       -4.2000000000000002        1.4105032856773469E-017
  -4.5999999999999996       -4.0999999999999996        3.2347336182480585E-017
  -4.5999999999999996       -4.0000000000000000        7.2713835352307069E-017
  -4.5999999999999996       -3.8999999999999999        1.6021740495463583E-016
  -4.5999999999999996       -3.7999999999999998        3.4603214449001561E-016
  -4.5999999999999996       -3.7000000000000002        7.3255005563388251E-016
  -4.5999999999999996       -3.5999999999999996        1.5201004145964753E-015
  -4.5999999999999996       -3.5000000000000000        3.0918709555545129E-015
  -4.5999999999999996       -3.3999999999999999        6.1643111508721504E-015
  -4.5999999999999996       -3.2999999999999998        1.2046526907046657E-014
  -4.5999999999999996       -3.2000000000000002        2.3075614138262324E-014
  -4.5999999999999996       -3.0999999999999996        4.3327017229023301E-014
  -4.5999999999999996       -3.0000000000000000        7.9740402923847413E-014
  -4.5999999999999996       -2.8999999999999999        1.4385076311377811E-013
  -4.5999999999999996       -2.7999999999999998        2.5436656473769318E-013
  -4.5999999999999996       -2.6999999999999997        4.4088161597616918E-013
  -4.5999999999999996       -2.5999999999999996        7.4902802165787131E-013
  -4.5999999999999996       -2.5000000000000000        1.2473497692345873E-012
  -4.5999999999999996       -2.3999999999999999        2.0360692602792198E-012
  -4.5999999999999996       -2.2999999999999998        3.2576989934351138E-012
  -4.5999999999999996       -2.1999999999999997        5.1090890280633429E-012
  -4.5999999999999996       -2.0999999999999996        7.8539855468683758E-012
  -4.5999999999999996       -2.0000000000000000        1.1834525106040531E-011
  -4.5999999999999996       -1.8999999999999999        1.7479366286343817E-011
  -4.5999999999999996       -1.7999999999999998        2.5305483615119096E-011
  -4.5999999999999996       -1.6999999999999997        3.5910190599673815E-011
  -4.5999999999999996       -1.5999999999999996        4.9949930611206014E-011
  -4.5999999999999996       -1.5000000000000000        6.8102989844477841E-011
  -4.5999999999999996       -1.3999999999999999        9.1014707644879674E-011
  -4.5999999999999996       -1.2999999999999998        1.1922603150867226E-010
  -4.5999999999999996       -1.1999999999999997        1.5308925478794871E-010
  -4.5999999999999996       -1.0999999999999996        1.9267813759620801E-010
  -4.5999999999999996       -1.0000000000000000        2.3770279098576849E-010
  -4.5999999999999996      -0.89999999999999947        2.8744200436154667E-010
  -4.5999999999999996      -0.79999999999999982        3.4070640224299034E-010
  -4.5999999999999996      -0.70000000000000018        3.9584436484266193E-010
  -4.5999999999999996      -0.59999999999999964        4.5079879806193161E-010
  -4.5999999999999996      -0.50000000000000000        5.0321681246575107E-010
  -4.5999999999999996      -0.39999999999999947        5.5060689532813226E-010
  -4.5999999999999996      -0.29999999999999982        5.9053039989440610E-010
  -4.5999999999999996      -0.19999999999999929        6.2080754094036462E-010
  -4.5999999999999996       -9.9999999999999645E-002   6.3971394527453075E-010
  -4.5999999999999996        0.0000000000000000        6.4614317731061311E-010
  -4.5999999999999996       0.10000000000000053        6.3971394527453075E-010
  -4.5999999999999996       0.20000000000000018        6.2080754094036462E-010
  -4.5999999999999996       0.30000000000000071        5.9053039989440610E-010
  -4.5999999999999996       0.40000000000000036        5.5060689532813226E-010
  -4.5999999999999996       0.50000000000000000        5.0321681246575107E-010
  -4.5999999999999996       0.60000000000000053        4.5079879806193161E-010
  -4.5999999999999996       0.70000000000000018        3.9584436484266193E-010
  -4.5999999999999996       0.80000000000000071        3.4070640224299034E-010
  -4.5999999999999996       0.90000000000000036        2.8744200436154569E-010
  -4.5999999999999996        1.0000000000000000        2.3770279098576849E-010
  -4.5999999999999996        1.1000000000000005        1.9267813759620801E-010
  -4.5999999999999996        1.2000000000000002        1.5308925478794817E-010
  -4.5999999999999996        1.3000000000000007        1.1922603150867185E-010
  -4.5999999999999996        1.4000000000000004        9.1014707644879674E-011
  -4.5999999999999996        1.5000000000000000        6.8102989844477841E-011
  -4.5999999999999996        1.6000000000000005        4.9949930611205840E-011
  -4.5999999999999996        1.7000000000000002        3.5910190599673815E-011
  -4.5999999999999996        1.8000000000000007        2.5305483615119005E-011
  -4.5999999999999996        1.9000000000000004        1.7479366286343817E-011
  -4.5999999999999996        2.0000000000000000        1.1834525106040531E-011
  -4.5999999999999996        2.1000000000000005        7.8539855468683209E-012
  -4.5999999999999996        2.2000000000000002        5.1090890280633429E-012
  -4.5999999999999996        2.3000000000000007        3.2576989934351024E-012
  -4.5999999999999996        2.4000000000000004        2.0360692602792125E-012
  -4.5999999999999996        2.5000000000000000        1.2473497692345873E-012
  -4.5999999999999996        2.6000000000000005        7.4902802165786858E-013
  -4.5999999999999996        2.7000000000000002        4.4088161597616918E-013
  -4.5999999999999996        2.8000000000000007        2.5436656473769228E-013
  -4.5999999999999996        2.9000000000000004        1.4385076311377761E-013
  -4.5999999999999996        3.0000000000000000        7.9740402923847413E-014
  -4.5999999999999996        3.0999999999999996        4.3327017229023301E-014
  -4.5999999999999996        3.2000000000000011        2.3075614138262160E-014
  -4.5999999999999996        3.3000000000000007        1.2046526907046657E-014
  -4.5999999999999996        3.4000000000000004        6.1643111508721504E-015
  -4.5999999999999996        3.5000000000000000        3.0918709555545129E-015
  -4.5999999999999996        3.5999999999999996        1.5201004145964753E-015
  -4.5999999999999996        3.7000000000000011        7.3255005563387205E-016
  -4.5999999999999996        3.8000000000000007        3.4603214449001314E-016
  -4.5999999999999996        3.9000000000000004        1.6021740495463583E-016
  -4.5999999999999996        4.0000000000000000        7.2713835352307069E-017
  -4.5999999999999996        4.0999999999999996        3.2347336182480585E-017
  -4.5999999999999996        4.2000000000000011        1.4105032856773367E-017
  -4.5999999999999996        4.3000000000000007        6.0287016586123343E-018
  -4.5999999999999996        4.4000000000000004        2.5257338998274724E-018
  -4.5999999999999996        4.5000000000000000        1.0372071558857673E-018
  -4.5999999999999996        4.6000000000000014        4.1750100558504848E-019
  -4.5999999999999996        4.7000000000000011        1.6472657083745549E-019
  -4.5999999999999996        4.8000000000000007        6.3706522595828195E-020
  -4.5999999999999996        4.9000000000000004        2.4150062132629406E-020
  -4.5999999999999996        5.0000000000000000        8.9736001752192879E-021

  -4.5000000000000000       -5.0000000000000000        2.2293317120883141E-020
  -4.5000000000000000       -4.9000000000000004        5.9996543538734410E-020
  -4.5000000000000000       -4.7999999999999998        1.5826754960840555E-019
  -4.5000000000000000       -4.7000000000000002        4.0923393177870236E-019
  -4.5000000000000000       -4.5999999999999996        1.0372071558857673E-018
  -4.5000000000000000       -4.5000000000000000        2.5767571091549810E-018
  -4.5000000000000000       -4.4000000000000004        6.2747376406752776E-018
  -4.5000000000000000       -4.2999999999999998        1.4977239377545201E-017
  -4.5000000000000000       -4.2000000000000002        3.5041450960215418E-017
  -4.5000000000000000       -4.0999999999999996        8.0361216173110224E-017
  -4.5000000000000000       -4.0000000000000000        1.8064461965456932E-016
  -4.5000000000000000       -3.8999999999999999        3.9803170936924064E-016
  -4.5000000000000000       -3.7999999999999998        8.5965545383201361E-016
  -4.5000000000000000       -3.7000000000000002        1.8198906100435490E-015
  -4.5000000000000000       -3.5999999999999996        3.7764197129896124E-015
  -4.5000000000000000       -3.5000000000000000        7.6812046852020953E-015
  -4.5000000000000000       -3.3999999999999999        1.5314137094906978E-014
  -4.5000000000000000       -3.2999999999999998        2.9927458244202403E-014
  -4.5000000000000000       -3.2000000000000002        5.7327268175378149E-014
  -4.5000000000000000       -3.0999999999999996        1.0763828520641439E-013
  -4.5000000000000000       -3.0000000000000000        1.9810087980489796E-013
  -4.5000000000000000       -2.8999999999999999        3.5737169224815913E-013
  -4.5000000000000000       -2.7999999999999998        6.3192858851753677E-013
  -4.5000000000000000       -2.6999999999999997        1.0952921331247048E-012
  -4.5000000000000000       -2.5999999999999996        1.8608271923412937E-012
  -4.5000000000000000       -2.5000000000000000        3.0988191387218256E-012
  -4.5000000000000000       -2.3999999999999999        5.0582527428438030E-012
  -4.5000000000000000       -2.2999999999999998        8.0931750163758614E-012
  -4.5000000000000000       -2.1999999999999997        1.2692624997486851E-011
  -4.5000000000000000       -2.0999999999999996        1.9511833270963712E-011
  -4.5000000000000000       -2.0000000000000000        2.9400777392844726E-011
  -4.5000000000000000       -1.8999999999999999        4.3424383534450674E-011
  -4.5000000000000000       -1.7999999999999998        6.2866983163240419E-011
  -4.5000000000000000       -1.6999999999999997        8.9212495684912973E-011
  -4.5000000000000000       -1.5999999999999996        1.2409173815842671E-010
  -4.5000000000000000       -1.5000000000000000        1.6918979226151304E-010
  -4.5000000000000000       -1.3999999999999999        2.2610988907160514E-010
  -4.5000000000000000       -1.2999999999999998        2.9619591664304164E-010
  -4.5000000000000000       -1.1999999999999997        3.8032308528878910E-010
  -4.5000000000000000       -1.0999999999999996        4.7867463892087812E-010
  -4.5000000000000000       -1.0000000000000000        5.9053039989440393E-010
  -4.5000000000000000      -0.89999999999999947        7.1409864847668469E-010
  -4.5000000000000000      -0.79999999999999982        8.4642459236072915E-010
  -4.5000000000000000      -0.70000000000000018        9.8340507529202216E-010
  -4.5000000000000000      -0.59999999999999964        1.1199296120480444E-009
  -4.5000000000000000      -0.50000000000000000        1.2501528663867426E-009
  -4.5000000000000000      -0.39999999999999947        1.3678851171007296E-009
  -4.5000000000000000      -0.29999999999999982        1.4670679791064146E-009
  -4.5000000000000000      -0.19999999999999929        1.5422861628533596E-009
  -4.5000000000000000       -9.9999999999999645E-002   1.5892557691660126E-009
  -4.5000000000000000        0.0000000000000000        1.6052280551856116E-009
  -4.5000000000000000       0.10000000000000053        1.5892557691660126E-009
  -4.5000000000000000       0.20000000000000018        1.5422861628533596E-009
  -4.5000000000000000       0.30000000000000071        1.4670679791064146E-009
  -4.5000000000000000       0.40000000000000036        1.3678851171007296E-009
  -4.5000000000000000       0.50000000000000000        1.2501528663867426E-009
  -4.5000000000000000       0.60000000000000053        1.1199296120480444E-009
  -4.5000000000000000       0.70000000000000018        9.8340507529202216E-010
  -4.5000000000000000       0.80000000000000071        8.4642459236072915E-010
  -4.5000000000000000       0.90000000000000036        7.1409864847668220E-010
  -4.5000000000000000        1.0000000000000000        5.9053039989440393E-010
  -4.5000000000000000        1.1000000000000005        4.7867463892087812E-010
  -4.5000000000000000        1.2000000000000002        3.8032308528878770E-010
  -4.5000000000000000        1.3000000000000007        2.9619591664304061E-010
  -4.5000000000000000        1.4000000000000004        2.2610988907160514E-010
  -4.5000000000000000        1.5000000000000000        1.6918979226151304E-010
  -4.5000000000000000        1.6000000000000005        1.2409173815842627E-010
  -4.5000000000000000        1.7000000000000002        8.9212495684912973E-011
  -4.5000000000000000        1.8000000000000007        6.2866983163240199E-011
  -4.5000000000000000        1.9000000000000004        4.3424383534450674E-011
  -4.5000000000000000        2.0000000000000000        2.9400777392844726E-011
  -4.5000000000000000        2.1000000000000005        1.9511833270963573E-011
  -4.5000000000000000        2.2000000000000002        1.2692624997486851E-011
  -4.5000000000000000        2.3000000000000007        8.0931750163758323E-012
  -4.5000000000000000        2.4000000000000004        5.0582527428437852E-012
  -4.5000000000000000        2.5000000000000000        3.0988191387218256E-012
  -4.5000000000000000        2.6000000000000005        1.8608271923412872E-012
  -4.5000000000000000        2.7000000000000002        1.0952921331247048E-012
  -4.5000000000000000        2.8000000000000007        6.3192858851753455E-013
  -4.5000000000000000        2.9000000000000004        3.5737169224815786E-013
  -4.5000000000000000        3.0000000000000000        1.9810087980489796E-013
  -4.5000000000000000        3.0999999999999996        1.0763828520641439E-013
  -4.5000000000000000        3.2000000000000011        5.7327268175377745E-014
  -4.5000000000000000        3.3000000000000007        2.9927458244202302E-014
  -4.5000000000000000        3.4000000000000004        1.5314137094906921E-014
  -4.5000000000000000        3.5000000000000000        7.6812046852020953E-015
  -4.5000000000000000        3.5999999999999996        3.7764197129896124E-015
  -4.5000000000000000        3.7000000000000011        1.8198906100435234E-015
  -4.5000000000000000        3.8000000000000007        8.5965545383200750E-016
  -4.5000000000000000        3.9000000000000004        3.9803170936924064E-016
  -4.5000000000000000        4.0000000000000000        1.8064461965456932E-016
  -4.5000000000000000        4.0999999999999996        8.0361216173110224E-017
  -4.5000000000000000        4.2000000000000011        3.5041450960215172E-017
  -4.5000000000000000        4.3000000000000007        1.4977239377544988E-017
  -4.5000000000000000        4.4000000000000004        6.2747376406752776E-018
  -4.5000000000000000        4.5000000000000000        2.5767571091549810E-018
  -4.5000000000000000        4.6000000000000014        1.0372071558857525E-018
  -4.5000000000000000        4.7000000000000011        4.0923393177869948E-019
  -4.5000000000000000        4.8000000000000007        1.5826754960840444E-019
  -4.5000000000000000        4.9000000000000004        5.9996543538734410E-020
  -4.5000000000000000        5.0000000000000000        2.2293317120883141E-020

  -4.4000000000000004       -5.0000000000000000        5.4287117546670783E-020
  -4.4000000000000004       -4.9000000000000004        1.4609936214607619E-019
  -4.4000000000000004       -4.7999999999999998        3.8540200288841702E-019
  -4.4000000000000004       -4.7000000000000002        9.9653768158825639E-019
  -4.4000000000000004       -4.5999999999999996        2.5257338998274724E-018
  -4.4000000000000004       -4.5000000000000000        6.2747376406752776E-018
  -4.4000000000000004       -4.4000000000000004        1.5279799682872937E-017
  -4.4000000000000004       -4.2999999999999998        3.6471519702726385E-017
  -4.4000000000000004       -4.2000000000000002        8.5330476257440658E-017
  -4.4000000000000004       -4.0999999999999996        1.9568998031685625E-016
  -4.4000000000000004       -4.0000000000000000        4.3989306966682363E-016
  -4.4000000000000004       -3.8999999999999999        9.6925881763863216E-016
  -4.4000000000000004       -3.7999999999999998        2.0933724855193764E-015
  -4.4000000000000004       -3.7000000000000002        4.4316695866210356E-015
  -4.4000000000000004       -3.5999999999999996        9.1960716188165430E-015
  -4.4000000000000004       -3.5000000000000000        1.8704729286562271E-014
  -4.4000000000000004       -3.3999999999999999        3.7291909323726044E-014
  -4.4000000000000004       -3.2999999999999998        7.2877240958196922E-014
  -4.4000000000000004       -3.2000000000000002        1.3959933056130931E-013
  -4.4000000000000004       -3.0999999999999996        2.6211317992013606E-013
  -4.4000000000000004       -3.0000000000000000        4.8240132635951708E-013
  -4.4000000000000004       -2.8999999999999999        8.7024640432512951E-013
  -4.4000000000000004       -2.7999999999999998        1.5388280433968073E-012
  -4.4000000000000004       -2.6999999999999997        2.6671783501964972E-012
  -4.4000000000000004       -2.5999999999999996        4.5313554719967576E-012
  -4.4000000000000004       -2.5000000000000000        7.5460263686860450E-012
  -4.4000000000000004       -2.3999999999999999        1.2317501237817201E-011
  -4.4000000000000004       -2.2999999999999998        1.9707930455455216E-011
  -4.4000000000000004       -2.1999999999999997        3.0908187484083207E-011
  -4.4000000000000004       -2.0999999999999996        4.7513843749147723E-011
  -4.4000000000000004       -2.0000000000000000        7.1594704800288993E-011
  -4.4000000000000004       -1.8999999999999999        1.0574400393372432E-010
  -4.4000000000000004       -1.7999999999999998        1.5308925478794762E-010
  -4.4000000000000004       -1.6999999999999997        2.1724399350790093E-010
  -4.4000000000000004       -1.5999999999999996        3.0217947106968314E-010
  -4.4000000000000004       -1.5000000000000000        4.1199907983158330E-010
  -4.4000000000000004       -1.3999999999999999        5.5060689532812833E-010
  -4.4000000000000004       -1.2999999999999998        7.2127545920845004E-010
  -4.4000000000000004       -1.1999999999999997        9.2613602205677541E-010
  -4.4000000000000004       -1.0999999999999996        1.1656348065567010E-009
  -4.4000000000000004       -1.0000000000000000        1.4380180867709259E-009
  -4.4000000000000004      -0.89999999999999947        1.7389227928515948E-009
  -4.4000000000000004      -0.79999999999999982        2.0611536224385504E-009
  -4.4000000000000004      -0.70000000000000018        2.3947188580725476E-009
  -4.4000000000000004      -0.59999999999999964        2.7271738056557508E-009
  -4.4000000000000004      -0.50000000000000000        3.0442843135833767E-009
  -4.4000000000000004      -0.39999999999999947        3.3309776082100985E-009
  -4.4000000000000004      -0.29999999999999982        3.5725007363799340E-009
  -4.4000000000000004      -0.19999999999999929        3.7556667659382893E-009
  -4.4000000000000004       -9.9999999999999645E-002   3.8700438469796418E-009
  -4.4000000000000004        0.0000000000000000        3.9089384342648500E-009
  -4.4000000000000004       0.10000000000000053        3.8700438469796418E-009
  -4.4000000000000004       0.20000000000000018        3.7556667659382893E-009
  -4.4000000000000004       0.30000000000000071        3.5725007363799340E-009
  -4.4000000000000004       0.40000000000000036        3.3309776082100985E-009
  -4.4000000000000004       0.50000000000000000        3.0442843135833767E-009
  -4.4000000000000004       0.60000000000000053        2.7271738056557508E-009
  -4.4000000000000004       0.70000000000000018        2.3947188580725476E-009
  -4.4000000000000004       0.80000000000000071        2.0611536224385504E-009
  -4.4000000000000004       0.90000000000000036        1.7389227928515886E-009
  -4.4000000000000004        1.0000000000000000        1.4380180867709259E-009
  -4.4000000000000004        1.1000000000000005        1.1656348065567010E-009
  -4.4000000000000004        1.2000000000000002        9.2613602205677210E-010
  -4.4000000000000004        1.3000000000000007        7.2127545920845004E-010
  -4.4000000000000004        1.4000000000000004        5.5060689532812833E-010
  -4.4000000000000004        1.5000000000000000        4.1199907983158330E-010
  -4.4000000000000004        1.6000000000000005        3.0217947106968205E-010
  -4.4000000000000004        1.7000000000000002        2.1724399350790093E-010
  -4.4000000000000004        1.8000000000000007        1.5308925478794706E-010
  -4.4000000000000004        1.9000000000000004        1.0574400393372395E-010
  -4.4000000000000004        2.0000000000000000        7.1594704800288993E-011
  -4.4000000000000004        2.1000000000000005        4.7513843749147723E-011
  -4.4000000000000004        2.2000000000000002        3.0908187484083207E-011
  -4.4000000000000004        2.3000000000000007        1.9707930455455148E-011
  -4.4000000000000004        2.4000000000000004        1.2317501237817201E-011
  -4.4000000000000004        2.5000000000000000        7.5460263686860450E-012
  -4.4000000000000004        2.6000000000000005        4.5313554719967415E-012
  -4.4000000000000004        2.7000000000000002        2.6671783501964875E-012
  -4.4000000000000004        2.8000000000000007        1.5388280433968019E-012
  -4.4000000000000004        2.9000000000000004        8.7024640432512951E-013
  -4.4000000000000004        3.0000000000000000        4.8240132635951708E-013
  -4.4000000000000004        3.0999999999999996        2.6211317992013606E-013
  -4.4000000000000004        3.2000000000000011        1.3959933056130880E-013
  -4.4000000000000004        3.3000000000000007        7.2877240958196404E-014
  -4.4000000000000004        3.4000000000000004        3.7291909323725911E-014
  -4.4000000000000004        3.5000000000000000        1.8704729286562271E-014
  -4.4000000000000004        3.5999999999999996        9.1960716188165430E-015
  -4.4000000000000004        3.7000000000000011        4.4316695866210040E-015
  -4.4000000000000004        3.8000000000000007        2.0933724855193614E-015
  -4.4000000000000004        3.9000000000000004        9.6925881763862526E-016
  -4.4000000000000004        4.0000000000000000        4.3989306966682363E-016
  -4.4000000000000004        4.0999999999999996        1.9568998031685625E-016
  -4.4000000000000004        4.2000000000000011        8.5330476257439450E-017
  -4.4000000000000004        4.3000000000000007        3.6471519702726126E-017
  -4.4000000000000004        4.4000000000000004        1.5279799682872937E-017
  -4.4000000000000004        4.5000000000000000        6.2747376406752776E-018
  -4.4000000000000004        4.6000000000000014        2.5257338998274185E-018
  -4.4000000000000004        4.7000000000000011        9.9653768158824214E-019
  -4.4000000000000004        4.8000000000000007        3.8540200288841702E-019
  -4.4000000000000004        4.9000000000000004        1.4609936214607619E-019
  -4.4000000000000004        5.0000000000000000        5.4287117546670783E-020

  -4.2999999999999998       -5.0000000000000000        1.2957851007869728E-019
  -4.2999999999999998       -4.9000000000000004        3.4872615319944465E-019
  -4.2999999999999998       -4.7999999999999998        9.1992022366436146E-019
  -4.2999999999999998       -4.7000000000000002        2.3786466081289395E-018
  -4.2999999999999998       -4.5999999999999996        6.0287016586124198E-018
  -4.2999999999999998       -4.5000000000000000        1.4977239377545201E-017
  -4.2999999999999998       -4.4000000000000004        3.6471519702726385E-017
  -4.2999999999999998       -4.2999999999999998        8.7054266222962508E-017
  -4.2999999999999998       -4.2000000000000002        2.0367623991528164E-016
  -4.2999999999999998       -4.0999999999999996        4.6709453794425839E-016
  -4.2999999999999998       -4.0000000000000000        1.0499855423778569E-015
  -4.2999999999999998       -3.8999999999999999        2.3135343916957693E-015
  -4.2999999999999998       -3.7999999999999998        4.9966935061553141E-015
  -4.2999999999999998       -3.7000000000000002        1.0578000235539243E-014
  -4.2999999999999998       -3.5999999999999996        2.1950203156739873E-014
  -4.2999999999999998       -3.5000000000000000        4.4646521346329090E-014
  -4.2999999999999998       -3.3999999999999999        8.9012463113445275E-014
  -4.2999999999999998       -3.2999999999999998        1.7395147741802498E-013
  -4.2999999999999998       -3.2000000000000002        3.3321115726151397E-013
  -4.2999999999999998       -3.0999999999999996        6.2564079400313716E-013
  -4.2999999999999998       -3.0000000000000000        1.1514489616420434E-012
  -4.2999999999999998       -2.8999999999999999        2.0772005877241373E-012
  -4.2999999999999998       -2.7999999999999998        3.6730453584913827E-012
  -4.2999999999999998       -2.6999999999999997        6.3663169523690224E-012
  -4.2999999999999998       -2.5999999999999996        1.0815941557285730E-011
  -4.2999999999999998       -2.5000000000000000        1.8011692240397190E-011
  -4.2999999999999998       -2.3999999999999999        2.9400777392844726E-011
  -4.2999999999999998       -2.2999999999999998        4.7041073104627916E-011
  -4.2999999999999998       -2.1999999999999997        7.3775088168521749E-011
  -4.2999999999999998       -2.0999999999999996        1.1341130933749783E-010
  -4.2999999999999998       -2.0000000000000000        1.7089017794267719E-010
  -4.2999999999999998       -1.8999999999999999        2.5240151068452156E-010
  -4.2999999999999998       -1.7999999999999998        3.6541040381129713E-010
  -4.2999999999999998       -1.6999999999999997        5.1854204596696862E-010
  -4.2999999999999998       -1.5999999999999996        7.2127545920845511E-010
  -4.2999999999999998       -1.5000000000000000        9.8340507529202567E-010
  -4.2999999999999998       -1.3999999999999999        1.3142495744840210E-009
  -4.2999999999999998       -1.2999999999999998        1.7216202219653638E-009
  -4.2999999999999998       -1.1999999999999997        2.2106041228871262E-009
  -4.2999999999999998       -1.0999999999999996        2.7822663710158728E-009
  -4.2999999999999998       -1.0000000000000000        3.4324209788777536E-009
  -4.2999999999999998      -0.89999999999999947        4.1506536876982376E-009
  -4.2999999999999998      -0.79999999999999982        4.9197899521794774E-009
  -4.2999999999999998      -0.70000000000000018        5.7159804334726519E-009
  -4.2999999999999998      -0.59999999999999964        6.5095207561668477E-009
  -4.2999999999999998      -0.50000000000000000        7.2664352693058968E-009
  -4.2999999999999998      -0.39999999999999947        7.9507466058830556E-009
  -4.2999999999999998      -0.29999999999999982        8.5272407818887745E-009
  -4.2999999999999998      -0.19999999999999929        8.9644417658385626E-009
  -4.2999999999999998       -9.9999999999999645E-002   9.2374496619705944E-009
  -4.2999999999999998        0.0000000000000000        9.3302875745050053E-009
  -4.2999999999999998       0.10000000000000053        9.2374496619705944E-009
  -4.2999999999999998       0.20000000000000018        8.9644417658385626E-009
  -4.2999999999999998       0.30000000000000071        8.5272407818887745E-009
  -4.2999999999999998       0.40000000000000036        7.9507466058830556E-009
  -4.2999999999999998       0.50000000000000000        7.2664352693058968E-009
  -4.2999999999999998       0.60000000000000053        6.5095207561668477E-009
  -4.2999999999999998       0.70000000000000018        5.7159804334726519E-009
  -4.2999999999999998       0.80000000000000071        4.9197899521794774E-009
  -4.2999999999999998       0.90000000000000036        4.1506536876982236E-009
  -4.2999999999999998        1.0000000000000000        3.4324209788777536E-009
  -4.2999999999999998        1.1000000000000005        2.7822663710158728E-009
  -4.2999999999999998        1.2000000000000002        2.2106041228871184E-009
  -4.2999999999999998        1.3000000000000007        1.7216202219653638E-009
  -4.2999999999999998        1.4000000000000004        1.3142495744840210E-009
  -4.2999999999999998        1.5000000000000000        9.8340507529202567E-010
  -4.2999999999999998        1.6000000000000005        7.2127545920845252E-010
  -4.2999999999999998        1.7000000000000002        5.1854204596696862E-010
  -4.2999999999999998        1.8000000000000007        3.6541040381129584E-010
  -4.2999999999999998        1.9000000000000004        2.5240151068452068E-010
  -4.2999999999999998        2.0000000000000000        1.7089017794267719E-010
  -4.2999999999999998        2.1000000000000005        1.1341130933749783E-010
  -4.2999999999999998        2.2000000000000002        7.3775088168521749E-011
  -4.2999999999999998        2.3000000000000007        4.7041073104627748E-011
  -4.2999999999999998        2.4000000000000004        2.9400777392844726E-011
  -4.2999999999999998        2.5000000000000000        1.8011692240397190E-011
  -4.2999999999999998        2.6000000000000005        1.0815941557285693E-011
  -4.2999999999999998        2.7000000000000002        6.3663169523689998E-012
  -4.2999999999999998        2.8000000000000007        3.6730453584913698E-012
  -4.2999999999999998        2.9000000000000004        2.0772005877241373E-012
  -4.2999999999999998        3.0000000000000000        1.1514489616420434E-012
  -4.2999999999999998        3.0999999999999996        6.2564079400313716E-013
  -4.2999999999999998        3.2000000000000011        3.3321115726151276E-013
  -4.2999999999999998        3.3000000000000007        1.7395147741802374E-013
  -4.2999999999999998        3.4000000000000004        8.9012463113444959E-014
  -4.2999999999999998        3.5000000000000000        4.4646521346329090E-014
  -4.2999999999999998        3.5999999999999996        2.1950203156739873E-014
  -4.2999999999999998        3.7000000000000011        1.0578000235539168E-014
  -4.2999999999999998        3.8000000000000007        4.9966935061552786E-015
  -4.2999999999999998        3.9000000000000004        2.3135343916957527E-015
  -4.2999999999999998        4.0000000000000000        1.0499855423778569E-015
  -4.2999999999999998        4.0999999999999996        4.6709453794425839E-016
  -4.2999999999999998        4.2000000000000011        2.0367623991527873E-016
  -4.2999999999999998        4.3000000000000007        8.7054266222961879E-017
  -4.2999999999999998        4.4000000000000004        3.6471519702726385E-017
  -4.2999999999999998        4.5000000000000000        1.4977239377545201E-017
  -4.2999999999999998        4.6000000000000014        6.0287016586122911E-018
  -4.2999999999999998        4.7000000000000011        2.3786466081289060E-018
  -4.2999999999999998        4.8000000000000007        9.1992022366436146E-019
  -4.2999999999999998        4.9000000000000004        3.4872615319944465E-019
  -4.2999999999999998        5.0000000000000000        1.2957851007869728E-019

  -4.2000000000000002       -5.0000000000000000        3.0316795318288269E-019
  -4.2000000000000002       -4.9000000000000004        8.1589604651733690E-019
  -4.2000000000000002       -4.7999999999999998        2.1522884553193797E-018
  -4.2000000000000002       -4.7000000000000002        5.5651930485532784E-018
  -4.2000000000000002       -4.5999999999999996        1.4105032856773469E-017
  -4.2000000000000002       -4.5000000000000000        3.5041450960215418E-017
  -4.2000000000000002       -4.4000000000000004        8.5330476257440658E-017
  -4.2000000000000002       -4.2999999999999998        2.0367623991528164E-016
  -4.2000000000000002       -4.2000000000000002        4.7653047352990878E-016
  -4.2000000000000002       -4.0999999999999996        1.0928362652531032E-015
  -4.2000000000000002       -4.0000000000000000        2.4565953687921429E-015
  -4.2000000000000002       -3.8999999999999999        5.4128534563534879E-015
  -4.2000000000000002       -3.7999999999999998        1.1690498231715339E-014
  -4.2000000000000002       -3.7000000000000002        2.4748784950751729E-014
  -4.2000000000000002       -3.5999999999999996        5.1355723714802279E-014
  -4.2000000000000002       -3.5000000000000000        1.0445709311738519E-013
  -4.2000000000000002       -3.3999999999999999        2.0825772910555018E-013
  -4.2000000000000002       -3.2999999999999998        4.0698502652895493E-013
  -4.2000000000000002       -3.2000000000000002        7.7959643511351577E-013
  -4.2000000000000002       -3.0999999999999996        1.4637785141259089E-012
  -4.2000000000000002       -3.0000000000000000        2.6939839382592521E-012
  -4.2000000000000002       -2.8999999999999999        4.8599158158875851E-012
  -4.2000000000000002       -2.7999999999999998        8.5936290099757180E-012
  -4.2000000000000002       -2.6999999999999997        1.4894933415973220E-011
  -4.2000000000000002       -2.5999999999999996        2.5305483615119005E-011
  -4.2000000000000002       -2.5000000000000000        4.2140999048104990E-011
  -4.2000000000000002       -2.3999999999999999        6.8787436271346101E-011
  -4.2000000000000002       -2.2999999999999998        1.1005949860046287E-010
  -4.2000000000000002       -2.1999999999999997        1.7260765278404397E-010
  -4.2000000000000002       -2.0999999999999996        2.6534241286428189E-010
  -4.2000000000000002       -2.0000000000000000        3.9982266684865623E-010
  -4.2000000000000002       -1.8999999999999999        5.9053039989440393E-010
  -4.2000000000000002       -1.7999999999999998        8.5493130093810467E-010
  -4.2000000000000002       -1.6999999999999997        1.2132052654378779E-009
  -4.2000000000000002       -1.5999999999999996        1.6875298575085319E-009
  -4.2000000000000002       -1.5000000000000000        2.3008205885750249E-009
  -4.2000000000000002       -1.3999999999999999        3.0748798795866061E-009
  -4.2000000000000002       -1.2999999999999998        4.0279833325333950E-009
  -4.2000000000000002       -1.1999999999999997        5.1720329769674699E-009
  -4.2000000000000002       -1.0999999999999996        6.5095207561668245E-009
  -4.2000000000000002       -1.0000000000000000        8.0306529377160473E-009
  -4.2000000000000002      -0.89999999999999947        9.7110638338581673E-009
  -4.2000000000000002      -0.79999999999999982        1.1510571073753813E-008
  -4.2000000000000002      -0.70000000000000018        1.3373375626844822E-008
  -4.2000000000000002      -0.59999999999999964        1.5229979744712629E-008
  -4.2000000000000002      -0.50000000000000000        1.7000892402555495E-008
  -4.2000000000000002      -0.39999999999999947        1.8601939266915511E-008
  -4.2000000000000002      -0.29999999999999982        1.9950732050960951E-008
  -4.2000000000000002      -0.19999999999999929        2.0973627956718020E-008
  -4.2000000000000002       -9.9999999999999645E-002   2.1612370021454267E-008
  -4.2000000000000002        0.0000000000000000        2.1829577951254781E-008
  -4.2000000000000002       0.10000000000000053        2.1612370021454267E-008
  -4.2000000000000002       0.20000000000000018        2.0973627956718020E-008
  -4.2000000000000002       0.30000000000000071        1.9950732050960951E-008
  -4.2000000000000002       0.40000000000000036        1.8601939266915511E-008
  -4.2000000000000002       0.50000000000000000        1.7000892402555495E-008
  -4.2000000000000002       0.60000000000000053        1.5229979744712629E-008
  -4.2000000000000002       0.70000000000000018        1.3373375626844822E-008
  -4.2000000000000002       0.80000000000000071        1.1510571073753813E-008
  -4.2000000000000002       0.90000000000000036        9.7110638338581326E-009
  -4.2000000000000002        1.0000000000000000        8.0306529377160473E-009
  -4.2000000000000002        1.1000000000000005        6.5095207561668245E-009
  -4.2000000000000002        1.2000000000000002        5.1720329769674517E-009
  -4.2000000000000002        1.3000000000000007        4.0279833325333810E-009
  -4.2000000000000002        1.4000000000000004        3.0748798795866061E-009
  -4.2000000000000002        1.5000000000000000        2.3008205885750249E-009
  -4.2000000000000002        1.6000000000000005        1.6875298575085259E-009
  -4.2000000000000002        1.7000000000000002        1.2132052654378779E-009
  -4.2000000000000002        1.8000000000000007        8.5493130093810167E-010
  -4.2000000000000002        1.9000000000000004        5.9053039989440393E-010
  -4.2000000000000002        2.0000000000000000        3.9982266684865623E-010
  -4.2000000000000002        2.1000000000000005        2.6534241286428003E-010
  -4.2000000000000002        2.2000000000000002        1.7260765278404397E-010
  -4.2000000000000002        2.3000000000000007        1.1005949860046248E-010
  -4.2000000000000002        2.4000000000000004        6.8787436271345855E-011
  -4.2000000000000002        2.5000000000000000        4.2140999048104990E-011
  -4.2000000000000002        2.6000000000000005        2.5305483615118915E-011
  -4.2000000000000002        2.7000000000000002        1.4894933415973220E-011
  -4.2000000000000002        2.8000000000000007        8.5936290099756874E-012
  -4.2000000000000002        2.9000000000000004        4.8599158158875681E-012
  -4.2000000000000002        3.0000000000000000        2.6939839382592521E-012
  -4.2000000000000002        3.0999999999999996        1.4637785141259089E-012
  -4.2000000000000002        3.2000000000000011        7.7959643511351022E-013
  -4.2000000000000002        3.3000000000000007        4.0698502652895352E-013
  -4.2000000000000002        3.4000000000000004        2.0825772910554945E-013
  -4.2000000000000002        3.5000000000000000        1.0445709311738519E-013
  -4.2000000000000002        3.5999999999999996        5.1355723714802279E-014
  -4.2000000000000002        3.7000000000000011        2.4748784950751552E-014
  -4.2000000000000002        3.8000000000000007        1.1690498231715255E-014
  -4.2000000000000002        3.9000000000000004        5.4128534563534879E-015
  -4.2000000000000002        4.0000000000000000        2.4565953687921429E-015
  -4.2000000000000002        4.0999999999999996        1.0928362652531032E-015
  -4.2000000000000002        4.2000000000000011        4.7653047352990543E-016
  -4.2000000000000002        4.3000000000000007        2.0367623991527873E-016
  -4.2000000000000002        4.4000000000000004        8.5330476257440658E-017
  -4.2000000000000002        4.5000000000000000        3.5041450960215418E-017
  -4.2000000000000002        4.6000000000000014        1.4105032856773266E-017
  -4.2000000000000002        4.7000000000000011        5.5651930485532391E-018
  -4.2000000000000002        4.8000000000000007        2.1522884553193643E-018
  -4.2000000000000002        4.9000000000000004        8.1589604651733690E-019
  -4.2000000000000002        5.0000000000000000        3.0316795318288269E-019

  -4.0999999999999996       -5.0000000000000000        6.9526074848183812E-019
  -4.0999999999999996       -4.9000000000000004        1.8711096935856630E-018
  -4.0999999999999996       -4.7999999999999998        4.9358834490382108E-018
  -4.0999999999999996       -4.7000000000000002        1.2762761511435170E-017
  -4.0999999999999996       -4.5999999999999996        3.2347336182480585E-017
  -4.0999999999999996       -4.5000000000000000        8.0361216173110224E-017
  -4.0999999999999996       -4.4000000000000004        1.9568998031685625E-016
  -4.0999999999999996       -4.2999999999999998        4.6709453794425839E-016
  -4.0999999999999996       -4.2000000000000002        1.0928362652531032E-015
  -4.0999999999999996       -4.0999999999999996        2.5062218871452745E-015
  -4.0999999999999996       -4.0000000000000000        5.6337561964972140E-015
  -4.0999999999999996       -3.8999999999999999        1.2413398269759277E-014
  -4.0999999999999996       -3.7999999999999998        2.6810038677818034E-014
  -4.0999999999999996       -3.7000000000000002        5.6756852326327227E-014
  -4.0999999999999996       -3.5999999999999996        1.1777504361498601E-013
  -4.0999999999999996       -3.5000000000000000        2.3955340919962067E-013
  -4.0999999999999996       -3.3999999999999999        4.7760135296262065E-013
  -4.0999999999999996       -3.2999999999999998        9.3334638834577298E-013
  -4.0999999999999996       -3.2000000000000002        1.7878631144889790E-012
  -4.0999999999999996       -3.0999999999999996        3.3569106980410252E-012
  -4.0999999999999996       -3.0000000000000000        6.1781638515806612E-012
  -4.0999999999999996       -2.8999999999999999        1.1145336016681316E-011
  -4.0999999999999996       -2.7999999999999998        1.9707930455455287E-011
  -4.0999999999999996       -2.6999999999999997        3.4158829937838648E-011
  -4.0999999999999996       -2.5999999999999996        5.8033539806000750E-011
  -4.0999999999999996       -2.5000000000000000        9.6642742850474453E-011
  -4.0999999999999996       -2.3999999999999999        1.5775151669580595E-010
  -4.0999999999999996       -2.2999999999999998        2.5240151068452156E-010
  -4.0999999999999996       -2.1999999999999997        3.9584436484266193E-010
  -4.0999999999999996       -2.0999999999999996        6.0851472800857268E-010
  -4.0999999999999996       -2.0000000000000000        9.1692081466642813E-010
  -4.0999999999999996       -1.8999999999999999        1.3542744327735411E-009
  -4.0999999999999996       -1.7999999999999998        1.9606299740797968E-009
  -4.0999999999999996       -1.6999999999999997        2.7822663710158728E-009
  -4.0999999999999996       -1.5999999999999996        3.8700438469796699E-009
  -4.0999999999999996       -1.5000000000000000        5.2765149737647815E-009
  -4.0999999999999996       -1.3999999999999999        7.0516796519172513E-009
  -4.0999999999999996       -1.2999999999999998        9.2374496619705944E-009
  -4.0999999999999996       -1.1999999999999997        1.1861120151343871E-008
  -4.0999999999999996       -1.0999999999999996        1.4928405940256080E-008
  -4.0999999999999996       -1.0000000000000000        1.8416846878621859E-008
  -4.0999999999999996      -0.89999999999999947        2.2270564678088720E-008
  -4.0999999999999996      -0.79999999999999982        2.6397408354582483E-008
  -4.0999999999999996      -0.70000000000000018        3.0669412945635550E-008
  -4.0999999999999996      -0.59999999999999964        3.4927197962393454E-008
  -4.0999999999999996      -0.50000000000000000        3.8988465147995559E-008
  -4.0999999999999996      -0.39999999999999947        4.2660175926073594E-008
  -4.0999999999999996      -0.29999999999999982        4.5753387694458114E-008
  -4.0999999999999996      -0.19999999999999929        4.8099214044470303E-008
  -4.0999999999999996       -9.9999999999999645E-002   4.9564053191724981E-008
  -4.0999999999999996        0.0000000000000000        5.0062180207670489E-008
  -4.0999999999999996       0.10000000000000053        4.9564053191724981E-008
  -4.0999999999999996       0.20000000000000018        4.8099214044470303E-008
  -4.0999999999999996       0.30000000000000071        4.5753387694458114E-008
  -4.0999999999999996       0.40000000000000036        4.2660175926073594E-008
  -4.0999999999999996       0.50000000000000000        3.8988465147995559E-008
  -4.0999999999999996       0.60000000000000053        3.4927197962393454E-008
  -4.0999999999999996       0.70000000000000018        3.0669412945635550E-008
  -4.0999999999999996       0.80000000000000071        2.6397408354582483E-008
  -4.0999999999999996       0.90000000000000036        2.2270564678088641E-008
  -4.0999999999999996        1.0000000000000000        1.8416846878621859E-008
  -4.0999999999999996        1.1000000000000005        1.4928405940256080E-008
  -4.0999999999999996        1.2000000000000002        1.1861120151343830E-008
  -4.0999999999999996        1.3000000000000007        9.2374496619705944E-009
  -4.0999999999999996        1.4000000000000004        7.0516796519172513E-009
  -4.0999999999999996        1.5000000000000000        5.2765149737647815E-009
  -4.0999999999999996        1.6000000000000005        3.8700438469796559E-009
  -4.0999999999999996        1.7000000000000002        2.7822663710158728E-009
  -4.0999999999999996        1.8000000000000007        1.9606299740797898E-009
  -4.0999999999999996        1.9000000000000004        1.3542744327735364E-009
  -4.0999999999999996        2.0000000000000000        9.1692081466642813E-010
  -4.0999999999999996        2.1000000000000005        6.0851472800857268E-010
  -4.0999999999999996        2.2000000000000002        3.9584436484266193E-010
  -4.0999999999999996        2.3000000000000007        2.5240151068452068E-010
  -4.0999999999999996        2.4000000000000004        1.5775151669580595E-010
  -4.0999999999999996        2.5000000000000000        9.6642742850474453E-011
  -4.0999999999999996        2.6000000000000005        5.8033539806000543E-011
  -4.0999999999999996        2.7000000000000002        3.4158829937838525E-011
  -4.0999999999999996        2.8000000000000007        1.9707930455455216E-011
  -4.0999999999999996        2.9000000000000004        1.1145336016681316E-011
  -4.0999999999999996        3.0000000000000000        6.1781638515806612E-012
  -4.0999999999999996        3.0999999999999996        3.3569106980410252E-012
  -4.0999999999999996        3.2000000000000011        1.7878631144889727E-012
  -4.0999999999999996        3.3000000000000007        9.3334638834576652E-013
  -4.0999999999999996        3.4000000000000004        4.7760135296261903E-013
  -4.0999999999999996        3.5000000000000000        2.3955340919962067E-013
  -4.0999999999999996        3.5999999999999996        1.1777504361498601E-013
  -4.0999999999999996        3.7000000000000011        5.6756852326326823E-014
  -4.0999999999999996        3.8000000000000007        2.6810038677817936E-014
  -4.0999999999999996        3.9000000000000004        1.2413398269759189E-014
  -4.0999999999999996        4.0000000000000000        5.6337561964972140E-015
  -4.0999999999999996        4.0999999999999996        2.5062218871452745E-015
  -4.0999999999999996        4.2000000000000011        1.0928362652531032E-015
  -4.0999999999999996        4.3000000000000007        4.6709453794425504E-016
  -4.0999999999999996        4.4000000000000004        1.9568998031685625E-016
  -4.0999999999999996        4.5000000000000000        8.0361216173110224E-017
  -4.0999999999999996        4.6000000000000014        3.2347336182480123E-017
  -4.0999999999999996        4.7000000000000011        1.2762761511435170E-017
  -4.0999999999999996        4.8000000000000007        4.9358834490381407E-018
  -4.0999999999999996        4.9000000000000004        1.8711096935856630E-018
  -4.0999999999999996        5.0000000000000000        6.9526074848183812E-019

  -4.0000000000000000       -5.0000000000000000        1.5628821893349888E-018
  -4.0000000000000000       -4.9000000000000004        4.2060824241589869E-018
  -4.0000000000000000       -4.7999999999999998        1.1095411826397148E-017
  -4.0000000000000000       -4.7000000000000002        2.8689513533602258E-017
  -4.0000000000000000       -4.5999999999999996        7.2713835352307069E-017
  -4.0000000000000000       -4.5000000000000000        1.8064461965456932E-016
  -4.0000000000000000       -4.4000000000000004        4.3989306966682363E-016
  -4.0000000000000000       -4.2999999999999998        1.0499855423778569E-015
  -4.0000000000000000       -4.2000000000000002        2.4565953687921429E-015
  -4.0000000000000000       -4.0999999999999996        5.6337561964972140E-015
  -4.0000000000000000       -4.0000000000000000        1.2664165549094176E-014
  -4.0000000000000000       -3.8999999999999999        2.7904177112387636E-014
  -4.0000000000000000       -3.7999999999999998        6.0266500066972401E-014
  -4.0000000000000000       -3.7000000000000002        1.2758418164296788E-013
  -4.0000000000000000       -3.5999999999999996        2.6474746117329646E-013
  -4.0000000000000000       -3.5000000000000000        5.3849402177540356E-013
  -4.0000000000000000       -3.3999999999999999        1.0736038957721622E-012
  -4.0000000000000000       -3.2999999999999998        2.0980768006980924E-012
  -4.0000000000000000       -3.2000000000000002        4.0189517741440411E-012
  -4.0000000000000000       -3.0999999999999996        7.5460263686860725E-012
  -4.0000000000000000       -3.0000000000000000        1.3887943864964021E-011
  -4.0000000000000000       -2.8999999999999999        2.5053689846090828E-011
  -4.0000000000000000       -2.7999999999999998        4.4301614271682353E-011
  -4.0000000000000000       -2.6999999999999997        7.6785906632790754E-011
  -4.0000000000000000       -2.5999999999999996        1.3045405762501584E-010
  -4.0000000000000000       -2.5000000000000000        2.1724399350790171E-010
  -4.0000000000000000       -2.3999999999999999        3.5461089429082971E-010
  -4.0000000000000000       -2.2999999999999998        5.6737537171694200E-010
  -4.0000000000000000       -2.1999999999999997        8.8982170921069361E-010
  -4.0000000000000000       -2.0999999999999996        1.3678851171007343E-009
  -4.0000000000000000       -2.0000000000000000        2.0611536224385579E-009
  -4.0000000000000000       -1.8999999999999999        3.0442843135833875E-009
  -4.0000000000000000       -1.7999999999999998        4.4073157776512532E-009
  -4.0000000000000000       -1.6999999999999997        6.2542787964679351E-009
  -4.0000000000000000       -1.5999999999999996        8.6995024724137238E-009
  -4.0000000000000000       -1.5000000000000000        1.1861120151343830E-008
  -4.0000000000000000       -1.3999999999999999        1.5851527009028729E-008
  -4.0000000000000000       -1.2999999999999998        2.0764936871665619E-008
  -4.0000000000000000       -1.1999999999999997        2.6662706719135092E-008
  -4.0000000000000000       -1.0999999999999996        3.3557682941450082E-008
  -4.0000000000000000       -1.0000000000000000        4.1399377187851668E-008
  -4.0000000000000000      -0.89999999999999947        5.0062180207670489E-008
  -4.0000000000000000      -0.79999999999999982        5.9338945067826102E-008
  -4.0000000000000000      -0.70000000000000018        6.8942018307172828E-008
  -4.0000000000000000      -0.59999999999999964        7.8513127251894318E-008
  -4.0000000000000000      -0.50000000000000000        8.7642482194436360E-008
  -4.0000000000000000      -0.39999999999999947        9.5896150177244042E-008
  -4.0000000000000000      -0.29999999999999982        1.0284940561587726E-007
  -4.0000000000000000      -0.19999999999999929        1.0812260740342576E-007
  -4.0000000000000000       -9.9999999999999645E-002   1.1141543102173589E-007
  -4.0000000000000000        0.0000000000000000        1.1253517471925912E-007
  -4.0000000000000000       0.10000000000000053        1.1141543102173589E-007
  -4.0000000000000000       0.20000000000000018        1.0812260740342576E-007
  -4.0000000000000000       0.30000000000000071        1.0284940561587726E-007
  -4.0000000000000000       0.40000000000000036        9.5896150177244042E-008
  -4.0000000000000000       0.50000000000000000        8.7642482194436360E-008
  -4.0000000000000000       0.60000000000000053        7.8513127251894318E-008
  -4.0000000000000000       0.70000000000000018        6.8942018307172828E-008
  -4.0000000000000000       0.80000000000000071        5.9338945067826102E-008
  -4.0000000000000000       0.90000000000000036        5.0062180207670310E-008
  -4.0000000000000000        1.0000000000000000        4.1399377187851668E-008
  -4.0000000000000000        1.1000000000000005        3.3557682941450082E-008
  -4.0000000000000000        1.2000000000000002        2.6662706719135000E-008
  -4.0000000000000000        1.3000000000000007        2.0764936871665546E-008
  -4.0000000000000000        1.4000000000000004        1.5851527009028729E-008
  -4.0000000000000000        1.5000000000000000        1.1861120151343830E-008
  -4.0000000000000000        1.6000000000000005        8.6995024724136940E-009
  -4.0000000000000000        1.7000000000000002        6.2542787964679351E-009
  -4.0000000000000000        1.8000000000000007        4.4073157776512375E-009
  -4.0000000000000000        1.9000000000000004        3.0442843135833875E-009
  -4.0000000000000000        2.0000000000000000        2.0611536224385579E-009
  -4.0000000000000000        2.1000000000000005        1.3678851171007246E-009
  -4.0000000000000000        2.2000000000000002        8.8982170921069361E-010
  -4.0000000000000000        2.3000000000000007        5.6737537171694004E-010
  -4.0000000000000000        2.4000000000000004        3.5461089429082842E-010
  -4.0000000000000000        2.5000000000000000        2.1724399350790171E-010
  -4.0000000000000000        2.6000000000000005        1.3045405762501538E-010
  -4.0000000000000000        2.7000000000000002        7.6785906632790754E-011
  -4.0000000000000000        2.8000000000000007        4.4301614271682192E-011
  -4.0000000000000000        2.9000000000000004        2.5053689846090740E-011
  -4.0000000000000000        3.0000000000000000        1.3887943864964021E-011
  -4.0000000000000000        3.0999999999999996        7.5460263686860725E-012
  -4.0000000000000000        3.2000000000000011        4.0189517741440128E-012
  -4.0000000000000000        3.3000000000000007        2.0980768006980852E-012
  -4.0000000000000000        3.4000000000000004        1.0736038957721583E-012
  -4.0000000000000000        3.5000000000000000        5.3849402177540356E-013
  -4.0000000000000000        3.5999999999999996        2.6474746117329646E-013
  -4.0000000000000000        3.7000000000000011        1.2758418164296697E-013
  -4.0000000000000000        3.8000000000000007        6.0266500066971972E-014
  -4.0000000000000000        3.9000000000000004        2.7904177112387636E-014
  -4.0000000000000000        4.0000000000000000        1.2664165549094176E-014
  -4.0000000000000000        4.0999999999999996        5.6337561964972140E-015
  -4.0000000000000000        4.2000000000000011        2.4565953687921255E-015
  -4.0000000000000000        4.3000000000000007        1.0499855423778419E-015
  -4.0000000000000000        4.4000000000000004        4.3989306966682363E-016
  -4.0000000000000000        4.5000000000000000        1.8064461965456932E-016
  -4.0000000000000000        4.6000000000000014        7.2713835352306034E-017
  -4.0000000000000000        4.7000000000000011        2.8689513533602054E-017
  -4.0000000000000000        4.8000000000000007        1.1095411826397070E-017
  -4.0000000000000000        4.9000000000000004        4.2060824241589869E-018
  -4.0000000000000000        5.0000000000000000        1.5628821893349888E-018

  -3.8999999999999999       -5.0000000000000000        3.4436490306397653E-018
  -3.8999999999999999       -4.9000000000000004        9.2676669819298108E-018
  -3.8999999999999999       -4.7999999999999998        2.4447590766121310E-017
  -3.8999999999999999       -4.7000000000000002        6.3214371590960497E-017
  -3.8999999999999999       -4.5999999999999996        1.6021740495463583E-016
  -3.8999999999999999       -4.5000000000000000        3.9803170936924064E-016
  -3.8999999999999999       -4.4000000000000004        9.6925881763863216E-016
  -3.8999999999999999       -4.2999999999999998        2.3135343916957693E-015
  -3.8999999999999999       -4.2000000000000002        5.4128534563534879E-015
  -3.8999999999999999       -4.0999999999999996        1.2413398269759277E-014
  -3.8999999999999999       -4.0000000000000000        2.7904177112387636E-014
  -3.8999999999999999       -3.8999999999999999        6.1483964127047778E-014
  -3.8999999999999999       -3.7999999999999998        1.3279099087052004E-013
  -3.8999999999999999       -3.7000000000000002        2.8111852987890444E-013
  -3.8999999999999999       -3.5999999999999996        5.8334360980957535E-013
  -3.8999999999999999       -3.5000000000000000        1.1865158031401098E-012
  -3.8999999999999999       -3.3999999999999999        2.3655749871588393E-012
  -3.8999999999999999       -3.2999999999999998        4.6228949246686785E-012
  -3.8999999999999999       -3.2000000000000002        8.8553439764439298E-012
  -3.8999999999999999       -3.0999999999999996        1.6626887533196000E-011
  -3.8999999999999999       -3.0000000000000000        3.0600645880104759E-011
  -3.8999999999999999       -2.8999999999999999        5.5203210671401332E-011
  -3.8999999999999999       -2.7999999999999998        9.7614018563594165E-011
  -3.8999999999999999       -2.6999999999999997        1.6918979226151364E-010
  -3.8999999999999999       -2.5999999999999996        2.8744200436154569E-010
  -3.8999999999999999       -2.5000000000000000        4.7867463892087812E-010
  -3.8999999999999999       -2.3999999999999999        7.8134837719183516E-010
  -3.8999999999999999       -2.2999999999999998        1.2501528663867426E-009
  -3.8999999999999999       -2.1999999999999997        1.9606299740797968E-009
  -3.8999999999999999       -2.0999999999999996        3.0139931785484390E-009
  -3.8999999999999999       -2.0000000000000000        4.5415385256455929E-009
  -3.8999999999999999       -1.8999999999999999        6.7077651770566369E-009
  -3.8999999999999999       -1.7999999999999998        9.7110638338581673E-009
  -3.8999999999999999       -1.6999999999999997        1.3780655548945766E-008
  -3.8999999999999999       -1.5999999999999996        1.9168452657921137E-008
  -3.8999999999999999       -1.5000000000000000        2.6134749752863247E-008
  -3.8999999999999999       -1.3999999999999999        3.4927197962393454E-008
  -3.8999999999999999       -1.2999999999999998        4.5753387694458114E-008
  -3.8999999999999999       -1.1999999999999997        5.8748512699252362E-008
  -3.8999999999999999       -1.0999999999999996        7.3940878666621118E-008
  -3.8999999999999999       -1.0000000000000000        9.1219239744933830E-008
  -3.8999999999999999      -0.89999999999999947        1.1030682896016174E-007
  -3.8999999999999999      -0.79999999999999982        1.3074721950024572E-007
  -3.8999999999999999      -0.70000000000000018        1.5190659675689639E-007
  -3.8999999999999999      -0.59999999999999964        1.7299554400100168E-007
  -3.8999999999999999      -0.50000000000000000        1.9311113205542083E-007
  -3.8999999999999999      -0.39999999999999947        2.1129723459224233E-007
  -3.8999999999999999      -0.29999999999999982        2.2661801277657141E-007
  -3.8999999999999999      -0.19999999999999929        2.3823696675018222E-007
  -3.8999999999999999       -9.9999999999999645E-002   2.4549236254305834E-007
  -3.8999999999999999        0.0000000000000000        2.4795960180450320E-007
  -3.8999999999999999       0.10000000000000053        2.4549236254305834E-007
  -3.8999999999999999       0.20000000000000018        2.3823696675018180E-007
  -3.8999999999999999       0.30000000000000071        2.2661801277657141E-007
  -3.8999999999999999       0.40000000000000036        2.1129723459224233E-007
  -3.8999999999999999       0.50000000000000000        1.9311113205542083E-007
  -3.8999999999999999       0.60000000000000053        1.7299554400100139E-007
  -3.8999999999999999       0.70000000000000018        1.5190659675689639E-007
  -3.8999999999999999       0.80000000000000071        1.3074721950024548E-007
  -3.8999999999999999       0.90000000000000036        1.1030682896016174E-007
  -3.8999999999999999        1.0000000000000000        9.1219239744933830E-008
  -3.8999999999999999        1.1000000000000005        7.3940878666620853E-008
  -3.8999999999999999        1.2000000000000002        5.8748512699252362E-008
  -3.8999999999999999        1.3000000000000007        4.5753387694457955E-008
  -3.8999999999999999        1.4000000000000004        3.4927197962393328E-008
  -3.8999999999999999        1.5000000000000000        2.6134749752863247E-008
  -3.8999999999999999        1.6000000000000005        1.9168452657921068E-008
  -3.8999999999999999        1.7000000000000002        1.3780655548945718E-008
  -3.8999999999999999        1.8000000000000007        9.7110638338581326E-009
  -3.8999999999999999        1.9000000000000004        6.7077651770566369E-009
  -3.8999999999999999        2.0000000000000000        4.5415385256455929E-009
  -3.8999999999999999        2.1000000000000005        3.0139931785484283E-009
  -3.8999999999999999        2.2000000000000002        1.9606299740797898E-009
  -3.8999999999999999        2.3000000000000007        1.2501528663867382E-009
  -3.8999999999999999        2.4000000000000004        7.8134837719183516E-010
  -3.8999999999999999        2.5000000000000000        4.7867463892087812E-010
  -3.8999999999999999        2.6000000000000005        2.8744200436154466E-010
  -3.8999999999999999        2.7000000000000002        1.6918979226151304E-010
  -3.8999999999999999        2.8000000000000007        9.7614018563593467E-011
  -3.8999999999999999        2.9000000000000004        5.5203210671401131E-011
  -3.8999999999999999        3.0000000000000000        3.0600645880104759E-011
  -3.8999999999999999        3.0999999999999996        1.6626887533196000E-011
  -3.8999999999999999        3.2000000000000011        8.8553439764438975E-012
  -3.8999999999999999        3.3000000000000007        4.6228949246686624E-012
  -3.8999999999999999        3.4000000000000004        2.3655749871588228E-012
  -3.8999999999999999        3.5000000000000000        1.1865158031401098E-012
  -3.8999999999999999        3.5999999999999996        5.8334360980957535E-013
  -3.8999999999999999        3.7000000000000011        2.8111852987890247E-013
  -3.8999999999999999        3.8000000000000007        1.3279099087051908E-013
  -3.8999999999999999        3.9000000000000004        6.1483964127047563E-014
  -3.8999999999999999        4.0000000000000000        2.7904177112387636E-014
  -3.8999999999999999        4.0999999999999996        1.2413398269759277E-014
  -3.8999999999999999        4.2000000000000011        5.4128534563534500E-015
  -3.8999999999999999        4.3000000000000007        2.3135343916957527E-015
  -3.8999999999999999        4.4000000000000004        9.6925881763863216E-016
  -3.8999999999999999        4.5000000000000000        3.9803170936924064E-016
  -3.8999999999999999        4.6000000000000014        1.6021740495463356E-016
  -3.8999999999999999        4.7000000000000011        6.3214371590960041E-017
  -3.8999999999999999        4.8000000000000007        2.4447590766121137E-017
  -3.8999999999999999        4.9000000000000004        9.2676669819298108E-018
  -3.8999999999999999        5.0000000000000000        3.4436490306397653E-018

  -3.7999999999999998       -5.0000000000000000        7.4374769662549228E-018
  -3.7999999999999998       -4.9000000000000004        2.0015994398888757E-017
  -3.7999999999999998       -4.7999999999999998        5.2801081523012666E-017
  -3.7999999999999998       -4.7000000000000002        1.3652826651637672E-016
  -3.7999999999999998       -4.5999999999999996        3.4603214449001561E-016
  -3.7999999999999998       -4.5000000000000000        8.5965545383201361E-016
  -3.7999999999999998       -4.4000000000000004        2.0933724855193764E-015
  -3.7999999999999998       -4.2999999999999998        4.9966935061553141E-015
  -3.7999999999999998       -4.2000000000000002        1.1690498231715339E-014
  -3.7999999999999998       -4.0999999999999996        2.6810038677818034E-014
  -3.7999999999999998       -4.0000000000000000        6.0266500066972401E-014
  -3.7999999999999998       -3.8999999999999999        1.3279099087052004E-013
  -3.7999999999999998       -3.7999999999999998        2.8679750088880978E-013
  -3.7999999999999998       -3.7000000000000002        6.0715031414608172E-013
  -3.7999999999999998       -3.5999999999999996        1.2598858428277908E-012
  -3.7999999999999998       -3.5000000000000000        2.5625967912045225E-012
  -3.7999999999999998       -3.3999999999999999        5.1090890280633251E-012
  -3.7999999999999998       -3.2999999999999998        9.9843724530929652E-012
  -3.7999999999999998       -3.2000000000000002        1.9125473085981179E-011
  -3.7999999999999998       -3.0999999999999996        3.5910190599673815E-011
  -3.7999999999999998       -3.0000000000000000        6.6090242315872849E-011
  -3.7999999999999998       -2.8999999999999999        1.1922603150867141E-010
  -3.7999999999999998       -2.7999999999999998        2.1082346318998482E-010
  -3.7999999999999998       -2.6999999999999997        3.6541040381129713E-010
  -3.7999999999999998       -2.5999999999999996        6.2080754094036462E-010
  -3.7999999999999998       -2.5000000000000000        1.0338253316839950E-009
  -3.7999999999999998       -2.3999999999999999        1.6875298575085319E-009
  -3.7999999999999998       -2.2999999999999998        2.7000379728945771E-009
  -3.7999999999999998       -2.1999999999999997        4.2345024541767358E-009
  -3.7999999999999998       -2.0999999999999996        6.5095207561668477E-009
  -3.7999999999999998       -2.0000000000000000        9.8086616479534783E-009
  -3.7999999999999998       -1.8999999999999999        1.4487204867720514E-008
  -3.7999999999999998       -1.7999999999999998        2.0973627956718020E-008
  -3.7999999999999998       -1.6999999999999997        2.9762994809646886E-008
  -3.7999999999999998       -1.5999999999999996        4.1399377187851668E-008
  -3.7999999999999998       -1.5000000000000000        5.6444950567347867E-008
  -3.7999999999999998       -1.3999999999999999        7.5434583498442582E-008
  -3.7999999999999998       -1.2999999999999998        9.8816622738828587E-008
  -3.7999999999999998       -1.1999999999999997        1.2688305518789973E-007
  -3.7999999999999998       -1.0999999999999996        1.5969501451937315E-007
  -3.7999999999999998       -1.0000000000000000        1.9701223569702404E-007
  -3.7999999999999998      -0.89999999999999947        2.3823696675018222E-007
  -3.7999999999999998      -0.79999999999999982        2.8238343245283956E-007
  -3.7999999999999998      -0.70000000000000018        3.2808274140285771E-007
  -3.7999999999999998      -0.59999999999999964        3.7362993798852671E-007
  -3.7999999999999998      -0.50000000000000000        4.1707490624350008E-007
  -3.7999999999999998      -0.39999999999999947        4.5635263679039938E-007
  -3.7999999999999998      -0.29999999999999982        4.8944193649463739E-007
  -3.7999999999999998      -0.19999999999999929        5.1453616119112218E-007
  -3.7999999999999998       -9.9999999999999645E-002   5.3020612018242907E-007
  -3.7999999999999998        0.0000000000000000        5.3553478027931087E-007
  -3.7999999999999998       0.10000000000000053        5.3020612018242907E-007
  -3.7999999999999998       0.20000000000000018        5.1453616119112123E-007
  -3.7999999999999998       0.30000000000000071        4.8944193649463739E-007
  -3.7999999999999998       0.40000000000000036        4.5635263679039938E-007
  -3.7999999999999998       0.50000000000000000        4.1707490624350008E-007
  -3.7999999999999998       0.60000000000000053        3.7362993798852602E-007
  -3.7999999999999998       0.70000000000000018        3.2808274140285771E-007
  -3.7999999999999998       0.80000000000000071        2.8238343245283909E-007
  -3.7999999999999998       0.90000000000000036        2.3823696675018180E-007
  -3.7999999999999998        1.0000000000000000        1.9701223569702404E-007
  -3.7999999999999998        1.1000000000000005        1.5969501451937286E-007
  -3.7999999999999998        1.2000000000000002        1.2688305518789973E-007
  -3.7999999999999998        1.3000000000000007        9.8816622738828243E-008
  -3.7999999999999998        1.4000000000000004        7.5434583498442318E-008
  -3.7999999999999998        1.5000000000000000        5.6444950567347867E-008
  -3.7999999999999998        1.6000000000000005        4.1399377187851668E-008
  -3.7999999999999998        1.7000000000000002        2.9762994809646886E-008
  -3.7999999999999998        1.8000000000000007        2.0973627956717943E-008
  -3.7999999999999998        1.9000000000000004        1.4487204867720514E-008
  -3.7999999999999998        2.0000000000000000        9.8086616479534783E-009
  -3.7999999999999998        2.1000000000000005        6.5095207561668245E-009
  -3.7999999999999998        2.2000000000000002        4.2345024541767209E-009
  -3.7999999999999998        2.3000000000000007        2.7000379728945576E-009
  -3.7999999999999998        2.4000000000000004        1.6875298575085259E-009
  -3.7999999999999998        2.5000000000000000        1.0338253316839950E-009
  -3.7999999999999998        2.6000000000000005        6.2080754094036017E-010
  -3.7999999999999998        2.7000000000000002        3.6541040381129584E-010
  -3.7999999999999998        2.8000000000000007        2.1082346318998332E-010
  -3.7999999999999998        2.9000000000000004        1.1922603150867141E-010
  -3.7999999999999998        3.0000000000000000        6.6090242315872849E-011
  -3.7999999999999998        3.0999999999999996        3.5910190599673815E-011
  -3.7999999999999998        3.2000000000000011        1.9125473085981043E-011
  -3.7999999999999998        3.3000000000000007        9.9843724530928941E-012
  -3.7999999999999998        3.4000000000000004        5.1090890280633251E-012
  -3.7999999999999998        3.5000000000000000        2.5625967912045225E-012
  -3.7999999999999998        3.5999999999999996        1.2598858428277908E-012
  -3.7999999999999998        3.7000000000000011        6.0715031414607737E-013
  -3.7999999999999998        3.8000000000000007        2.8679750088880877E-013
  -3.7999999999999998        3.9000000000000004        1.3279099087051956E-013
  -3.7999999999999998        4.0000000000000000        6.0266500066972401E-014
  -3.7999999999999998        4.0999999999999996        2.6810038677818034E-014
  -3.7999999999999998        4.2000000000000011        1.1690498231715255E-014
  -3.7999999999999998        4.3000000000000007        4.9966935061552786E-015
  -3.7999999999999998        4.4000000000000004        2.0933724855193764E-015
  -3.7999999999999998        4.5000000000000000        8.5965545383201361E-016
  -3.7999999999999998        4.6000000000000014        3.4603214449000826E-016
  -3.7999999999999998        4.7000000000000011        1.3652826651637576E-016
  -3.7999999999999998        4.8000000000000007        5.2801081523012291E-017
  -3.7999999999999998        4.9000000000000004        2.0015994398888757E-017
  -3.7999999999999998        5.0000000000000000        7.4374769662549228E-018

  -3.7000000000000002       -5.0000000000000000        1.5745138861118057E-017
  -3.7000000000000002       -4.9000000000000004        4.2373860474966705E-017
  -3.7000000000000002       -4.7999999999999998        1.1177989046138422E-016
  -3.7000000000000002       -4.7000000000000002        2.8903034248326922E-016
  -3.7000000000000002       -4.5999999999999996        7.3255005563388251E-016
  -3.7000000000000002       -4.5000000000000000        1.8198906100435490E-015
  -3.7000000000000002       -4.4000000000000004        4.4316695866210356E-015
  -3.7000000000000002       -4.2999999999999998        1.0578000235539243E-014
  -3.7000000000000002       -4.2000000000000002        2.4748784950751729E-014
  -3.7000000000000002       -4.0999999999999996        5.6756852326327227E-014
  -3.7000000000000002       -4.0000000000000000        1.2758418164296788E-013
  -3.7000000000000002       -3.8999999999999999        2.8111852987890444E-013
  -3.7000000000000002       -3.7999999999999998        6.0715031414608172E-013
  -3.7000000000000002       -3.7000000000000002        1.2853372251336457E-012
  -3.7000000000000002       -3.5999999999999996        2.6671783501965065E-012
  -3.7000000000000002       -3.5000000000000000        5.4250174495515417E-012
  -3.7000000000000002       -3.3999999999999999        1.0815941557285693E-011
  -3.7000000000000002       -3.2999999999999998        2.1136916649064940E-011
  -3.7000000000000002       -3.2000000000000002        4.0488626840747275E-011
  -3.7000000000000002       -3.0999999999999996        7.6021874096073780E-011
  -3.7000000000000002       -3.0000000000000000        1.3991304408063802E-010
  -3.7000000000000002       -2.8999999999999999        2.5240151068452068E-010
  -3.7000000000000002       -2.7999999999999998        4.4631327507553787E-010
  -3.7000000000000002       -2.6999999999999997        7.7357383093895748E-010
  -3.7000000000000002       -2.5999999999999996        1.3142495744840210E-009
  -3.7000000000000002       -2.5000000000000000        2.1886082443496134E-009
  -3.7000000000000002       -2.3999999999999999        3.5725007363799340E-009
  -3.7000000000000002       -2.2999999999999998        5.7159804334726519E-009
  -3.7000000000000002       -2.1999999999999997        8.9644417658385295E-009
  -3.7000000000000002       -2.0999999999999996        1.3780655548945718E-008
  -3.7000000000000002       -2.0000000000000000        2.0764936871665546E-008
  -3.7000000000000002       -1.8999999999999999        3.0669412945635550E-008
  -3.7000000000000002       -1.7999999999999998        4.4401170732800102E-008
  -3.7000000000000002       -1.6999999999999997        6.3008260506465187E-008
  -3.7000000000000002       -1.5999999999999996        8.7642482194436360E-008
  -3.7000000000000002       -1.5000000000000000        1.1949396128877660E-007
  -3.7000000000000002       -1.3999999999999999        1.5969501451937286E-007
  -3.7000000000000002       -1.2999999999999998        2.0919479197970816E-007
  -3.7000000000000002       -1.1999999999999997        2.6861142994065017E-007
  -3.7000000000000002       -1.0999999999999996        3.3807434839047367E-007
  -3.7000000000000002       -1.0000000000000000        4.1707490624349934E-007
  -3.7000000000000002      -0.89999999999999947        5.0434766256788803E-007
  -3.7000000000000002      -0.79999999999999982        5.9780573119380331E-007
  -3.7000000000000002      -0.70000000000000018        6.9455116900018030E-007
  -3.7000000000000002      -0.59999999999999964        7.9097458492870222E-007
  -3.7000000000000002      -0.50000000000000000        8.8294758344621777E-007
  -3.7000000000000002      -0.39999999999999947        9.6609853966651164E-007
  -3.7000000000000002      -0.29999999999999982        1.0361485876900852E-006
  -3.7000000000000002      -0.19999999999999929        1.0892730617894255E-006
  -3.7000000000000002       -9.9999999999999645E-002   1.1224463652343422E-006
  -3.7000000000000002        0.0000000000000000        1.1337271387479642E-006
  -3.7000000000000002       0.10000000000000053        1.1224463652343422E-006
  -3.7000000000000002       0.20000000000000018        1.0892730617894236E-006
  -3.7000000000000002       0.30000000000000071        1.0361485876900852E-006
  -3.7000000000000002       0.40000000000000036        9.6609853966651164E-007
  -3.7000000000000002       0.50000000000000000        8.8294758344621777E-007
  -3.7000000000000002       0.60000000000000053        7.9097458492870074E-007
  -3.7000000000000002       0.70000000000000018        6.9455116900018030E-007
  -3.7000000000000002       0.80000000000000071        5.9780573119380331E-007
  -3.7000000000000002       0.90000000000000036        5.0434766256788718E-007
  -3.7000000000000002        1.0000000000000000        4.1707490624349934E-007
  -3.7000000000000002        1.1000000000000005        3.3807434839047309E-007
  -3.7000000000000002        1.2000000000000002        2.6861142994064969E-007
  -3.7000000000000002        1.3000000000000007        2.0919479197970779E-007
  -3.7000000000000002        1.4000000000000004        1.5969501451937260E-007
  -3.7000000000000002        1.5000000000000000        1.1949396128877660E-007
  -3.7000000000000002        1.6000000000000005        8.7642482194436055E-008
  -3.7000000000000002        1.7000000000000002        6.3008260506465187E-008
  -3.7000000000000002        1.8000000000000007        4.4401170732799943E-008
  -3.7000000000000002        1.9000000000000004        3.0669412945635444E-008
  -3.7000000000000002        2.0000000000000000        2.0764936871665546E-008
  -3.7000000000000002        2.1000000000000005        1.3780655548945718E-008
  -3.7000000000000002        2.2000000000000002        8.9644417658385295E-009
  -3.7000000000000002        2.3000000000000007        5.7159804334726312E-009
  -3.7000000000000002        2.4000000000000004        3.5725007363799340E-009
  -3.7000000000000002        2.5000000000000000        2.1886082443496134E-009
  -3.7000000000000002        2.6000000000000005        1.3142495744840163E-009
  -3.7000000000000002        2.7000000000000002        7.7357383093895479E-010
  -3.7000000000000002        2.8000000000000007        4.4631327507553632E-010
  -3.7000000000000002        2.9000000000000004        2.5240151068452068E-010
  -3.7000000000000002        3.0000000000000000        1.3991304408063802E-010
  -3.7000000000000002        3.0999999999999996        7.6021874096073780E-011
  -3.7000000000000002        3.2000000000000011        4.0488626840747126E-011
  -3.7000000000000002        3.3000000000000007        2.1136916649064788E-011
  -3.7000000000000002        3.4000000000000004        1.0815941557285654E-011
  -3.7000000000000002        3.5000000000000000        5.4250174495515417E-012
  -3.7000000000000002        3.5999999999999996        2.6671783501965065E-012
  -3.7000000000000002        3.7000000000000011        1.2853372251336366E-012
  -3.7000000000000002        3.8000000000000007        6.0715031414607960E-013
  -3.7000000000000002        3.9000000000000004        2.8111852987890247E-013
  -3.7000000000000002        4.0000000000000000        1.2758418164296788E-013
  -3.7000000000000002        4.0999999999999996        5.6756852326327227E-014
  -3.7000000000000002        4.2000000000000011        2.4748784950751552E-014
  -3.7000000000000002        4.3000000000000007        1.0578000235539168E-014
  -3.7000000000000002        4.4000000000000004        4.4316695866210356E-015
  -3.7000000000000002        4.5000000000000000        1.8198906100435490E-015
  -3.7000000000000002        4.6000000000000014        7.3255005563386693E-016
  -3.7000000000000002        4.7000000000000011        2.8903034248326508E-016
  -3.7000000000000002        4.8000000000000007        1.1177989046138422E-016
  -3.7000000000000002        4.9000000000000004        4.2373860474966705E-017
  -3.7000000000000002        5.0000000000000000        1.5745138861118057E-017

  -3.5999999999999996       -5.0000000000000000        3.2672432315842433E-017
  -3.5999999999999996       -4.9000000000000004        8.7929176143892754E-017
  -3.5999999999999996       -4.7999999999999998        2.3195228302435696E-016
  -3.5999999999999996       -4.7000000000000002        5.9976125871644440E-016
  -3.5999999999999996       -4.5999999999999996        1.5201004145964753E-015
  -3.5999999999999996       -4.5000000000000000        3.7764197129896124E-015
  -3.5999999999999996       -4.4000000000000004        9.1960716188165430E-015
  -3.5999999999999996       -4.2999999999999998        2.1950203156739873E-014
  -3.5999999999999996       -4.2000000000000002        5.1355723714802279E-014
  -3.5999999999999996       -4.0999999999999996        1.1777504361498601E-013
  -3.5999999999999996       -4.0000000000000000        2.6474746117329646E-013
  -3.5999999999999996       -3.8999999999999999        5.8334360980957535E-013
  -3.5999999999999996       -3.7999999999999998        1.2598858428277908E-012
  -3.5999999999999996       -3.7000000000000002        2.6671783501965065E-012
  -3.5999999999999996       -3.5999999999999996        5.5346100717010531E-012
  -3.5999999999999996       -3.5000000000000000        1.1257348505858177E-011
  -3.5999999999999996       -3.3999999999999999        2.2443950579260280E-011
  -3.5999999999999996       -3.2999999999999998        4.3860805844499129E-011
  -3.5999999999999996       -3.2000000000000002        8.4017164388588981E-011
  -3.5999999999999996       -3.0999999999999996        1.5775151669580706E-010
  -3.5999999999999996       -3.0000000000000000        2.9033084453238783E-010
  -3.5999999999999996       -2.8999999999999999        5.2375348016910381E-010
  -3.5999999999999996       -2.7999999999999998        9.2613602205677872E-010
  -3.5999999999999996       -2.6999999999999997        1.6052280551856172E-009
  -3.5999999999999996       -2.5999999999999996        2.7271738056557703E-009
  -3.5999999999999996       -2.5000000000000000        4.5415385256456086E-009
  -3.5999999999999996       -2.3999999999999999        7.4132269989635538E-009
  -3.5999999999999996       -2.2999999999999998        1.1861120151343871E-008
  -3.5999999999999996       -2.1999999999999997        1.8601939266915577E-008
  -3.5999999999999996       -2.0999999999999996        2.8595971090654165E-008
  -3.5999999999999996       -2.0000000000000000        4.3088917821970704E-008
  -3.5999999999999996       -1.8999999999999999        6.3641504052238278E-008
  -3.5999999999999996       -1.7999999999999998        9.2136008345661680E-008
  -3.5999999999999996       -1.6999999999999997        1.3074721950024596E-007
  -3.5999999999999996       -1.5999999999999996        1.8186521521010020E-007
  -3.5999999999999996       -1.5000000000000000        2.4795960180450362E-007
  -3.5999999999999996       -1.3999999999999999        3.3138002777138940E-007
  -3.5999999999999996       -1.2999999999999998        4.3409605606351618E-007
  -3.5999999999999996       -1.1999999999999997        5.5739036926946157E-007
  -3.5999999999999996       -1.0999999999999996        7.0153152429713998E-007
  -3.5999999999999996       -1.0000000000000000        8.6546404989339174E-007
  -3.5999999999999996      -0.89999999999999947        1.0465620541204007E-006
  -3.5999999999999996      -0.79999999999999982        1.2404950799567155E-006
  -3.5999999999999996      -0.70000000000000018        1.4412496618296723E-006
  -3.5999999999999996      -0.59999999999999964        1.6413360223486448E-006
  -3.5999999999999996      -0.50000000000000000        1.8321874080019830E-006
  -3.5999999999999996      -0.39999999999999947        2.0047323447642754E-006
  -3.5999999999999996      -0.29999999999999982        2.1500918409846347E-006
  -3.5999999999999996      -0.19999999999999929        2.2603294069810623E-006
  -3.5999999999999996       -9.9999999999999645E-002   2.3291666856520983E-006
  -3.5999999999999996        0.0000000000000000        2.3525752000097794E-006
  -3.5999999999999996       0.10000000000000053        2.3291666856520983E-006
  -3.5999999999999996       0.20000000000000018        2.2603294069810585E-006
  -3.5999999999999996       0.30000000000000071        2.1500918409846347E-006
  -3.5999999999999996       0.40000000000000036        2.0047323447642754E-006
  -3.5999999999999996       0.50000000000000000        1.8321874080019830E-006
  -3.5999999999999996       0.60000000000000053        1.6413360223486418E-006
  -3.5999999999999996       0.70000000000000018        1.4412496618296723E-006
  -3.5999999999999996       0.80000000000000071        1.2404950799567155E-006
  -3.5999999999999996       0.90000000000000036        1.0465620541203988E-006
  -3.5999999999999996        1.0000000000000000        8.6546404989339174E-007
  -3.5999999999999996        1.1000000000000005        7.0153152429713871E-007
  -3.5999999999999996        1.2000000000000002        5.5739036926946061E-007
  -3.5999999999999996        1.3000000000000007        4.3409605606351544E-007
  -3.5999999999999996        1.4000000000000004        3.3138002777138881E-007
  -3.5999999999999996        1.5000000000000000        2.4795960180450362E-007
  -3.5999999999999996        1.6000000000000005        1.8186521521009957E-007
  -3.5999999999999996        1.7000000000000002        1.3074721950024572E-007
  -3.5999999999999996        1.8000000000000007        9.2136008345661349E-008
  -3.5999999999999996        1.9000000000000004        6.3641504052238053E-008
  -3.5999999999999996        2.0000000000000000        4.3088917821970704E-008
  -3.5999999999999996        2.1000000000000005        2.8595971090654165E-008
  -3.5999999999999996        2.2000000000000002        1.8601939266915577E-008
  -3.5999999999999996        2.3000000000000007        1.1861120151343830E-008
  -3.5999999999999996        2.4000000000000004        7.4132269989635538E-009
  -3.5999999999999996        2.5000000000000000        4.5415385256456086E-009
  -3.5999999999999996        2.6000000000000005        2.7271738056557604E-009
  -3.5999999999999996        2.7000000000000002        1.6052280551856116E-009
  -3.5999999999999996        2.8000000000000007        9.2613602205677541E-010
  -3.5999999999999996        2.9000000000000004        5.2375348016910381E-010
  -3.5999999999999996        3.0000000000000000        2.9033084453238783E-010
  -3.5999999999999996        3.0999999999999996        1.5775151669580706E-010
  -3.5999999999999996        3.2000000000000011        8.4017164388588684E-011
  -3.5999999999999996        3.3000000000000007        4.3860805844498812E-011
  -3.5999999999999996        3.4000000000000004        2.2443950579260199E-011
  -3.5999999999999996        3.5000000000000000        1.1257348505858177E-011
  -3.5999999999999996        3.5999999999999996        5.5346100717010531E-012
  -3.5999999999999996        3.7000000000000011        2.6671783501964875E-012
  -3.5999999999999996        3.8000000000000007        1.2598858428277863E-012
  -3.5999999999999996        3.9000000000000004        5.8334360980957121E-013
  -3.5999999999999996        4.0000000000000000        2.6474746117329646E-013
  -3.5999999999999996        4.0999999999999996        1.1777504361498601E-013
  -3.5999999999999996        4.2000000000000011        5.1355723714801913E-014
  -3.5999999999999996        4.3000000000000007        2.1950203156739715E-014
  -3.5999999999999996        4.4000000000000004        9.1960716188165430E-015
  -3.5999999999999996        4.5000000000000000        3.7764197129896124E-015
  -3.5999999999999996        4.6000000000000014        1.5201004145964429E-015
  -3.5999999999999996        4.7000000000000011        5.9976125871643592E-016
  -3.5999999999999996        4.8000000000000007        2.3195228302435696E-016
  -3.5999999999999996        4.9000000000000004        8.7929176143892754E-017
  -3.5999999999999996        5.0000000000000000        3.2672432315842433E-017

  -3.5000000000000000       -5.0000000000000000        6.6455441729150706E-017
  -3.5000000000000000       -4.9000000000000004        1.7884717565668714E-016
  -3.5000000000000000       -4.7999999999999998        4.7178891609469954E-016
  -3.5000000000000000       -4.7000000000000002        1.2199091575042126E-015
  -3.5000000000000000       -4.5999999999999996        3.0918709555545129E-015
  -3.5000000000000000       -4.5000000000000000        7.6812046852020953E-015
  -3.5000000000000000       -4.4000000000000004        1.8704729286562271E-014
  -3.5000000000000000       -4.2999999999999998        4.4646521346329090E-014
  -3.5000000000000000       -4.2000000000000002        1.0445709311738519E-013
  -3.5000000000000000       -4.0999999999999996        2.3955340919962067E-013
  -3.5000000000000000       -4.0000000000000000        5.3849402177540356E-013
  -3.5000000000000000       -3.8999999999999999        1.1865158031401098E-012
  -3.5000000000000000       -3.7999999999999998        2.5625967912045225E-012
  -3.5000000000000000       -3.7000000000000002        5.4250174495515417E-012
  -3.5000000000000000       -3.5999999999999996        1.1257348505858177E-011
  -3.5000000000000000       -3.5000000000000000        2.2897348456455530E-011
  -3.5000000000000000       -3.3999999999999999        4.5650799287714964E-011
  -3.5000000000000000       -3.2999999999999998        8.9212495684912973E-011
  -3.5000000000000000       -3.2000000000000002        1.7089017794267659E-010
  -3.5000000000000000       -3.0999999999999996        3.2086520599753649E-010
  -3.5000000000000000       -3.0000000000000000        5.9053039989440393E-010
  -3.5000000000000000       -2.8999999999999999        1.0653100003497685E-009
  -3.5000000000000000       -2.7999999999999998        1.8837525731813568E-009
  -3.5000000000000000       -2.6999999999999997        3.2650198323820608E-009
  -3.5000000000000000       -2.5999999999999996        5.5470476815142135E-009
  -3.5000000000000000       -2.5000000000000000        9.2374496619705944E-009
  -3.5000000000000000       -2.3999999999999999        1.5078438914255965E-008
  -3.5000000000000000       -2.2999999999999998        2.4125414705592195E-008
  -3.5000000000000000       -2.1999999999999997        3.7836181862783926E-008
  -3.5000000000000000       -2.0999999999999996        5.8163955230905806E-008
  -3.5000000000000000       -2.0000000000000000        8.7642482194436360E-008
  -3.5000000000000000       -1.8999999999999999        1.2944626292938406E-007
  -3.5000000000000000       -1.7999999999999998        1.8740383558167940E-007
  -3.5000000000000000       -1.6999999999999997        2.6593870155586755E-007
  -3.5000000000000000       -1.5999999999999996        3.6991225798925289E-007
  -3.5000000000000000       -1.5000000000000000        5.0434766256788803E-007
  -3.5000000000000000       -1.3999999999999999        6.7402407977712173E-007
  -3.5000000000000000       -1.2999999999999998        8.8294758344621936E-007
  -3.5000000000000000       -1.1999999999999997        1.1337271387479661E-006
  -3.5000000000000000       -1.0999999999999996        1.4269089880855095E-006
  -3.5000000000000000       -1.0000000000000000        1.7603463121561693E-006
  -3.5000000000000000      -0.89999999999999947        2.1286980697122769E-006
  -3.5000000000000000      -0.79999999999999982        2.5231561490262545E-006
  -3.5000000000000000      -0.70000000000000018        2.9314892136891307E-006
  -3.5000000000000000      -0.59999999999999964        3.3384631219591622E-006
  -3.5000000000000000      -0.50000000000000000        3.7266531720786709E-006
  -3.5000000000000000      -0.39999999999999947        4.0776080651769296E-006
  -3.5000000000000000      -0.29999999999999982        4.3732680098504342E-006
  -3.5000000000000000      -0.19999999999999929        4.5974902554616621E-006
  -3.5000000000000000       -9.9999999999999645E-002   4.7375046785475790E-006
  -3.5000000000000000        0.0000000000000000        4.7851173921290088E-006
  -3.5000000000000000       0.10000000000000053        4.7375046785475790E-006
  -3.5000000000000000       0.20000000000000018        4.5974902554616536E-006
  -3.5000000000000000       0.30000000000000071        4.3732680098504342E-006
  -3.5000000000000000       0.40000000000000036        4.0776080651769296E-006
  -3.5000000000000000       0.50000000000000000        3.7266531720786709E-006
  -3.5000000000000000       0.60000000000000053        3.3384631219591562E-006
  -3.5000000000000000       0.70000000000000018        2.9314892136891307E-006
  -3.5000000000000000       0.80000000000000071        2.5231561490262545E-006
  -3.5000000000000000       0.90000000000000036        2.1286980697122731E-006
  -3.5000000000000000        1.0000000000000000        1.7603463121561693E-006
  -3.5000000000000000        1.1000000000000005        1.4269089880855070E-006
  -3.5000000000000000        1.2000000000000002        1.1337271387479642E-006
  -3.5000000000000000        1.3000000000000007        8.8294758344621777E-007
  -3.5000000000000000        1.4000000000000004        6.7402407977712056E-007
  -3.5000000000000000        1.5000000000000000        5.0434766256788803E-007
  -3.5000000000000000        1.6000000000000005        3.6991225798925157E-007
  -3.5000000000000000        1.7000000000000002        2.6593870155586708E-007
  -3.5000000000000000        1.8000000000000007        1.8740383558167874E-007
  -3.5000000000000000        1.9000000000000004        1.2944626292938382E-007
  -3.5000000000000000        2.0000000000000000        8.7642482194436360E-008
  -3.5000000000000000        2.1000000000000005        5.8163955230905396E-008
  -3.5000000000000000        2.2000000000000002        3.7836181862783926E-008
  -3.5000000000000000        2.3000000000000007        2.4125414705592109E-008
  -3.5000000000000000        2.4000000000000004        1.5078438914255912E-008
  -3.5000000000000000        2.5000000000000000        9.2374496619705944E-009
  -3.5000000000000000        2.6000000000000005        5.5470476815141944E-009
  -3.5000000000000000        2.7000000000000002        3.2650198323820608E-009
  -3.5000000000000000        2.8000000000000007        1.8837525731813502E-009
  -3.5000000000000000        2.9000000000000004        1.0653100003497648E-009
  -3.5000000000000000        3.0000000000000000        5.9053039989440393E-010
  -3.5000000000000000        3.0999999999999996        3.2086520599753649E-010
  -3.5000000000000000        3.2000000000000011        1.7089017794267538E-010
  -3.5000000000000000        3.3000000000000007        8.9212495684912663E-011
  -3.5000000000000000        3.4000000000000004        4.5650799287714802E-011
  -3.5000000000000000        3.5000000000000000        2.2897348456455530E-011
  -3.5000000000000000        3.5999999999999996        1.1257348505858177E-011
  -3.5000000000000000        3.7000000000000011        5.4250174495515029E-012
  -3.5000000000000000        3.8000000000000007        2.5625967912045043E-012
  -3.5000000000000000        3.9000000000000004        1.1865158031401098E-012
  -3.5000000000000000        4.0000000000000000        5.3849402177540356E-013
  -3.5000000000000000        4.0999999999999996        2.3955340919962067E-013
  -3.5000000000000000        4.2000000000000011        1.0445709311738445E-013
  -3.5000000000000000        4.3000000000000007        4.4646521346328775E-014
  -3.5000000000000000        4.4000000000000004        1.8704729286562271E-014
  -3.5000000000000000        4.5000000000000000        7.6812046852020953E-015
  -3.5000000000000000        4.6000000000000014        3.0918709555544691E-015
  -3.5000000000000000        4.7000000000000011        1.2199091575042039E-015
  -3.5000000000000000        4.8000000000000007        4.7178891609469618E-016
  -3.5000000000000000        4.9000000000000004        1.7884717565668714E-016
  -3.5000000000000000        5.0000000000000000        6.6455441729150706E-017

  -3.3999999999999999       -5.0000000000000000        1.3249324644393799E-016
  -3.3999999999999999       -4.9000000000000004        3.5657039218339040E-016
  -3.3999999999999999       -4.7999999999999998        9.4061289042992425E-016
  -3.3999999999999999       -4.7000000000000002        2.4321518364616251E-015
  -3.3999999999999999       -4.5999999999999996        6.1643111508721504E-015
  -3.3999999999999999       -4.5000000000000000        1.5314137094906978E-014
  -3.3999999999999999       -4.4000000000000004        3.7291909323726044E-014
  -3.3999999999999999       -4.2999999999999998        8.9012463113445275E-014
  -3.3999999999999999       -4.2000000000000002        2.0825772910555018E-013
  -3.3999999999999999       -4.0999999999999996        4.7760135296262065E-013
  -3.3999999999999999       -4.0000000000000000        1.0736038957721622E-012
  -3.3999999999999999       -3.8999999999999999        2.3655749871588393E-012
  -3.3999999999999999       -3.7999999999999998        5.1090890280633251E-012
  -3.3999999999999999       -3.7000000000000002        1.0815941557285693E-011
  -3.3999999999999999       -3.5999999999999996        2.2443950579260280E-011
  -3.3999999999999999       -3.5000000000000000        4.5650799287714964E-011
  -3.3999999999999999       -3.3999999999999999        9.1014707644879674E-011
  -3.3999999999999999       -3.2999999999999998        1.7786433840639332E-010
  -3.3999999999999999       -3.2000000000000002        3.4070640224298910E-010
  -3.3999999999999999       -3.0999999999999996        6.3971394527453303E-010
  -3.3999999999999999       -3.0000000000000000        1.1773496311217238E-009
  -3.3999999999999999       -2.8999999999999999        2.1239250954165296E-009
  -3.3999999999999999       -2.7999999999999998        3.7556667659383025E-009
  -3.3999999999999999       -2.6999999999999997        6.5095207561668477E-009
  -3.3999999999999999       -2.5999999999999996        1.1059235126274928E-008
  -3.3999999999999999       -2.5000000000000000        1.8416846878621859E-008
  -3.3999999999999999       -2.3999999999999999        3.0062117880409006E-008
  -3.3999999999999999       -2.2999999999999998        4.8099214044470303E-008
  -3.3999999999999999       -2.1999999999999997        7.5434583498442582E-008
  -3.3999999999999999       -2.0999999999999996        1.1596238101871208E-007
  -3.3999999999999999       -2.0000000000000000        1.7473417812302827E-007
  -3.3999999999999999       -1.8999999999999999        2.5807902512258150E-007
  -3.3999999999999999       -1.7999999999999998        3.7362993798852734E-007
  -3.3999999999999999       -1.6999999999999997        5.3020612018243003E-007
  -3.3999999999999999       -1.5999999999999996        7.3749981469019696E-007
  -3.3999999999999999       -1.5000000000000000        1.0055257690164404E-006
  -3.3999999999999999       -1.3999999999999999        1.3438122776315237E-006
  -3.3999999999999999       -1.2999999999999998        1.7603463121561725E-006
  -3.3999999999999999       -1.1999999999999997        2.2603294069810585E-006
  -3.3999999999999999       -1.0999999999999996        2.8448506140702519E-006
  -3.3999999999999999       -1.0000000000000000        3.5096297864329351E-006
  -3.3999999999999999      -0.89999999999999947        4.2440184071699376E-006
  -3.3999999999999999      -0.79999999999999982        5.0304556071114483E-006
  -3.3999999999999999      -0.70000000000000018        5.8445555808665767E-006
  -3.3999999999999999      -0.59999999999999964        6.6559457834091854E-006
  -3.3999999999999999      -0.50000000000000000        7.4298863161828614E-006
  -3.3999999999999999      -0.39999999999999947        8.1295905380205256E-006
  -3.3999999999999999      -0.29999999999999982        8.7190523622738837E-006
  -3.3999999999999999      -0.19999999999999929        9.1660877362476341E-006
  -3.3999999999999999       -9.9999999999999645E-002   9.4452366664320965E-006
  -3.3999999999999999        0.0000000000000000        9.5401628730792476E-006
  -3.3999999999999999       0.10000000000000053        9.4452366664320965E-006
  -3.3999999999999999       0.20000000000000018        9.1660877362476171E-006
  -3.3999999999999999       0.30000000000000071        8.7190523622738837E-006
  -3.3999999999999999       0.40000000000000036        8.1295905380205256E-006
  -3.3999999999999999       0.50000000000000000        7.4298863161828614E-006
  -3.3999999999999999       0.60000000000000053        6.6559457834091735E-006
  -3.3999999999999999       0.70000000000000018        5.8445555808665767E-006
  -3.3999999999999999       0.80000000000000071        5.0304556071114483E-006
  -3.3999999999999999       0.90000000000000036        4.2440184071699300E-006
  -3.3999999999999999        1.0000000000000000        3.5096297864329351E-006
  -3.3999999999999999        1.1000000000000005        2.8448506140702468E-006
  -3.3999999999999999        1.2000000000000002        2.2603294069810542E-006
  -3.3999999999999999        1.3000000000000007        1.7603463121561693E-006
  -3.3999999999999999        1.4000000000000004        1.3438122776315214E-006
  -3.3999999999999999        1.5000000000000000        1.0055257690164404E-006
  -3.3999999999999999        1.6000000000000005        7.3749981469019431E-007
  -3.3999999999999999        1.7000000000000002        5.3020612018242907E-007
  -3.3999999999999999        1.8000000000000007        3.7362993798852602E-007
  -3.3999999999999999        1.9000000000000004        2.5807902512258108E-007
  -3.3999999999999999        2.0000000000000000        1.7473417812302827E-007
  -3.3999999999999999        2.1000000000000005        1.1596238101871167E-007
  -3.3999999999999999        2.2000000000000002        7.5434583498442582E-008
  -3.3999999999999999        2.3000000000000007        4.8099214044470131E-008
  -3.3999999999999999        2.4000000000000004        3.0062117880409006E-008
  -3.3999999999999999        2.5000000000000000        1.8416846878621859E-008
  -3.3999999999999999        2.6000000000000005        1.1059235126274890E-008
  -3.3999999999999999        2.7000000000000002        6.5095207561668245E-009
  -3.3999999999999999        2.8000000000000007        3.7556667659382893E-009
  -3.3999999999999999        2.9000000000000004        2.1239250954165296E-009
  -3.3999999999999999        3.0000000000000000        1.1773496311217238E-009
  -3.3999999999999999        3.0999999999999996        6.3971394527453303E-010
  -3.3999999999999999        3.2000000000000011        3.4070640224298791E-010
  -3.3999999999999999        3.3000000000000007        1.7786433840639205E-010
  -3.3999999999999999        3.4000000000000004        9.1014707644879351E-011
  -3.3999999999999999        3.5000000000000000        4.5650799287714964E-011
  -3.3999999999999999        3.5999999999999996        2.2443950579260280E-011
  -3.3999999999999999        3.7000000000000011        1.0815941557285616E-011
  -3.3999999999999999        3.8000000000000007        5.1090890280633065E-012
  -3.3999999999999999        3.9000000000000004        2.3655749871588228E-012
  -3.3999999999999999        4.0000000000000000        1.0736038957721622E-012
  -3.3999999999999999        4.0999999999999996        4.7760135296262065E-013
  -3.3999999999999999        4.2000000000000011        2.0825772910554869E-013
  -3.3999999999999999        4.3000000000000007        8.9012463113444644E-014
  -3.3999999999999999        4.4000000000000004        3.7291909323726044E-014
  -3.3999999999999999        4.5000000000000000        1.5314137094906978E-014
  -3.3999999999999999        4.6000000000000014        6.1643111508720628E-015
  -3.3999999999999999        4.7000000000000011        2.4321518364616251E-015
  -3.3999999999999999        4.8000000000000007        9.4061289042991084E-016
  -3.3999999999999999        4.9000000000000004        3.5657039218339040E-016
  -3.3999999999999999        5.0000000000000000        1.3249324644393799E-016

  -3.2999999999999998       -5.0000000000000000        2.5892324693295902E-016
  -3.2999999999999998       -4.9000000000000004        6.9682316783857612E-016
  -3.2999999999999998       -4.7999999999999998        1.8381808147493916E-015
  -3.2999999999999998       -4.7000000000000002        4.7530018882665541E-015
  -3.2999999999999998       -4.5999999999999996        1.2046526907046657E-014
  -3.2999999999999998       -4.5000000000000000        2.9927458244202403E-014
  -3.2999999999999998       -4.4000000000000004        7.2877240958196922E-014
  -3.2999999999999998       -4.2999999999999998        1.7395147741802498E-013
  -3.2999999999999998       -4.2000000000000002        4.0698502652895493E-013
  -3.2999999999999998       -4.0999999999999996        9.3334638834577298E-013
  -3.2999999999999998       -4.0000000000000000        2.0980768006980924E-012
  -3.2999999999999998       -3.8999999999999999        4.6228949246686785E-012
  -3.2999999999999998       -3.7999999999999998        9.9843724530929652E-012
  -3.2999999999999998       -3.7000000000000002        2.1136916649064940E-011
  -3.2999999999999998       -3.5999999999999996        4.3860805844499129E-011
  -3.2999999999999998       -3.5000000000000000        8.9212495684912973E-011
  -3.2999999999999998       -3.3999999999999999        1.7786433840639332E-010
  -3.2999999999999998       -3.2999999999999998        3.4758912812399344E-010
  -3.2999999999999998       -3.2000000000000002        6.6582116664284842E-010
  -3.2999999999999998       -3.0999999999999996        1.2501528663867471E-009
  -3.2999999999999998       -3.0000000000000000        2.3008205885750249E-009
  -3.2999999999999998       -2.8999999999999999        4.1506536876982376E-009
  -3.2999999999999998       -2.7999999999999998        7.3394641578687246E-009
  -3.2999999999999998       -2.6999999999999997        1.2721148401155556E-008
  -3.2999999999999998       -2.5999999999999996        2.1612370021454343E-008
  -3.2999999999999998       -2.5000000000000000        3.5990889498640278E-008
  -3.2999999999999998       -2.3999999999999999        5.8748512699252362E-008
  -3.2999999999999998       -2.2999999999999998        9.3997279178960020E-008
  -3.2999999999999998       -2.1999999999999997        1.4741707833928476E-007
  -3.2999999999999998       -2.0999999999999996        2.2661801277657181E-007
  -3.2999999999999998       -2.0000000000000000        3.4147205207866975E-007
  -3.2999999999999998       -1.8999999999999999        5.0434766256788898E-007
  -3.2999999999999998       -1.7999999999999998        7.3016156892407053E-007
  -3.2999999999999998       -1.6999999999999997        1.0361485876900888E-006
  -3.2999999999999998       -1.5999999999999996        1.4412496618296723E-006
  -3.2999999999999998       -1.5000000000000000        1.9650359846730811E-006
  -3.2999999999999998       -1.3999999999999999        2.6261281048763081E-006
  -3.2999999999999998       -1.2999999999999998        3.4401344604594353E-006
  -3.2999999999999998       -1.1999999999999997        4.4172200840532854E-006
  -3.2999999999999998       -1.0999999999999996        5.5595132416501562E-006
  -3.2999999999999998       -1.0000000000000000        6.8586495102627828E-006
  -3.2999999999999998      -0.89999999999999947        8.2938191607573857E-006
  -3.2999999999999998      -0.79999999999999982        9.8307040872195313E-006
  -3.2999999999999998      -0.70000000000000018        1.1421648638660525E-005
  -3.2999999999999998      -0.59999999999999964        1.3007297654067644E-005
  -3.2999999999999998      -0.50000000000000000        1.4519761127166824E-005
  -3.2999999999999998      -0.39999999999999947        1.5887149230888516E-005
  -3.2999999999999998      -0.29999999999999982        1.7039097526934571E-005
  -3.2999999999999998      -0.19999999999999929        1.7912710738398518E-005
  -3.2999999999999998       -9.9999999999999645E-002   1.8458233995780592E-005
  -3.2999999999999998        0.0000000000000000        1.8643742331516851E-005
  -3.2999999999999998       0.10000000000000053        1.8458233995780592E-005
  -3.2999999999999998       0.20000000000000018        1.7912710738398488E-005
  -3.2999999999999998       0.30000000000000071        1.7039097526934571E-005
  -3.2999999999999998       0.40000000000000036        1.5887149230888516E-005
  -3.2999999999999998       0.50000000000000000        1.4519761127166824E-005
  -3.2999999999999998       0.60000000000000053        1.3007297654067620E-005
  -3.2999999999999998       0.70000000000000018        1.1421648638660525E-005
  -3.2999999999999998       0.80000000000000071        9.8307040872195144E-006
  -3.2999999999999998       0.90000000000000036        8.2938191607573704E-006
  -3.2999999999999998        1.0000000000000000        6.8586495102627828E-006
  -3.2999999999999998        1.1000000000000005        5.5595132416501460E-006
  -3.2999999999999998        1.2000000000000002        4.4172200840532854E-006
  -3.2999999999999998        1.3000000000000007        3.4401344604594294E-006
  -3.2999999999999998        1.4000000000000004        2.6261281048763035E-006
  -3.2999999999999998        1.5000000000000000        1.9650359846730811E-006
  -3.2999999999999998        1.6000000000000005        1.4412496618296672E-006
  -3.2999999999999998        1.7000000000000002        1.0361485876900871E-006
  -3.2999999999999998        1.8000000000000007        7.3016156892406926E-007
  -3.2999999999999998        1.9000000000000004        5.0434766256788803E-007
  -3.2999999999999998        2.0000000000000000        3.4147205207866975E-007
  -3.2999999999999998        2.1000000000000005        2.2661801277657099E-007
  -3.2999999999999998        2.2000000000000002        1.4741707833928423E-007
  -3.2999999999999998        2.3000000000000007        9.3997279178959689E-008
  -3.2999999999999998        2.4000000000000004        5.8748512699252362E-008
  -3.2999999999999998        2.5000000000000000        3.5990889498640278E-008
  -3.2999999999999998        2.6000000000000005        2.1612370021454267E-008
  -3.2999999999999998        2.7000000000000002        1.2721148401155511E-008
  -3.2999999999999998        2.8000000000000007        7.3394641578686725E-009
  -3.2999999999999998        2.9000000000000004        4.1506536876982236E-009
  -3.2999999999999998        3.0000000000000000        2.3008205885750249E-009
  -3.2999999999999998        3.0999999999999996        1.2501528663867471E-009
  -3.2999999999999998        3.2000000000000011        6.6582116664284605E-010
  -3.2999999999999998        3.3000000000000007        3.4758912812399220E-010
  -3.2999999999999998        3.4000000000000004        1.7786433840639205E-010
  -3.2999999999999998        3.5000000000000000        8.9212495684912973E-011
  -3.2999999999999998        3.5999999999999996        4.3860805844499129E-011
  -3.2999999999999998        3.7000000000000011        2.1136916649064788E-011
  -3.2999999999999998        3.8000000000000007        9.9843724530928941E-012
  -3.2999999999999998        3.9000000000000004        4.6228949246686624E-012
  -3.2999999999999998        4.0000000000000000        2.0980768006980924E-012
  -3.2999999999999998        4.0999999999999996        9.3334638834577298E-013
  -3.2999999999999998        4.2000000000000011        4.0698502652895205E-013
  -3.2999999999999998        4.3000000000000007        1.7395147741802374E-013
  -3.2999999999999998        4.4000000000000004        7.2877240958196922E-014
  -3.2999999999999998        4.5000000000000000        2.9927458244202403E-014
  -3.2999999999999998        4.6000000000000014        1.2046526907046485E-014
  -3.2999999999999998        4.7000000000000011        4.7530018882665201E-015
  -3.2999999999999998        4.8000000000000007        1.8381808147493786E-015
  -3.2999999999999998        4.9000000000000004        6.9682316783857612E-016
  -3.2999999999999998        5.0000000000000000        2.5892324693295902E-016

  -3.2000000000000002       -5.0000000000000000        4.9597805108092934E-016
  -3.2000000000000002       -4.9000000000000004        1.3347932285975936E-015
  -3.2000000000000002       -4.7999999999999998        3.5211104017624837E-015
  -3.2000000000000002       -4.7000000000000002        9.1045691773547156E-015
  -3.2000000000000002       -4.5999999999999996        2.3075614138262324E-014
  -3.2000000000000002       -4.5000000000000000        5.7327268175378149E-014
  -3.2000000000000002       -4.4000000000000004        1.3959933056130931E-013
  -3.2000000000000002       -4.2999999999999998        3.3321115726151397E-013
  -3.2000000000000002       -4.2000000000000002        7.7959643511351577E-013
  -3.2000000000000002       -4.0999999999999996        1.7878631144889790E-012
  -3.2000000000000002       -4.0000000000000000        4.0189517741440411E-012
  -3.2000000000000002       -3.8999999999999999        8.8553439764439298E-012
  -3.2000000000000002       -3.7999999999999998        1.9125473085981179E-011
  -3.2000000000000002       -3.7000000000000002        4.0488626840747275E-011
  -3.2000000000000002       -3.5999999999999996        8.4017164388588981E-011
  -3.2000000000000002       -3.5000000000000000        1.7089017794267659E-010
  -3.2000000000000002       -3.3999999999999999        3.4070640224298910E-010
  -3.2000000000000002       -3.2999999999999998        6.6582116664284842E-010
  -3.2000000000000002       -3.2000000000000002        1.2754076295260396E-009
  -3.2000000000000002       -3.0999999999999996        2.3947188580725559E-009
  -3.2000000000000002       -3.0000000000000000        4.4073157776512375E-009
  -3.2000000000000002       -2.8999999999999999        7.9507466058830274E-009
  -3.2000000000000002       -2.7999999999999998        1.4059043257481564E-008
  -3.2000000000000002       -2.6999999999999997        2.4367879154358194E-008
  -3.2000000000000002       -2.5999999999999996        4.1399377187851668E-008
  -3.2000000000000002       -2.5000000000000000        6.8942018307172828E-008
  -3.2000000000000002       -2.3999999999999999        1.1253517471925912E-007
  -3.2000000000000002       -2.2999999999999998        1.8005562608351546E-007
  -3.2000000000000002       -2.1999999999999997        2.8238343245283856E-007
  -3.2000000000000002       -2.0999999999999996        4.3409605606351465E-007
  -3.2000000000000002       -2.0000000000000000        6.5410365772384920E-007
  -3.2000000000000002       -1.8999999999999999        9.6609853966651164E-007
  -3.2000000000000002       -1.7999999999999998        1.3986542970508992E-006
  -3.2000000000000002       -1.6999999999999997        1.9847849246454442E-006
  -3.2000000000000002       -1.5999999999999996        2.7607725720371986E-006
  -3.2000000000000002       -1.5000000000000000        3.7641066591227992E-006
  -3.2000000000000002       -1.3999999999999999        5.0304556071114390E-006
  -3.2000000000000002       -1.2999999999999998        6.5897180163077177E-006
  -3.2000000000000002       -1.1999999999999997        8.4613654217442343E-006
  -3.2000000000000002       -1.0999999999999996        1.0649474603824239E-005
  -3.2000000000000002       -1.0000000000000000        1.3138023168804481E-005
  -3.2000000000000002      -0.89999999999999947        1.5887149230888489E-005
  -3.2000000000000002      -0.79999999999999982        1.8831115057022703E-005
  -3.2000000000000002      -0.70000000000000018        2.1878634302005149E-005
  -3.2000000000000002      -0.59999999999999964        2.4916009731503160E-005
  -3.2000000000000002      -0.50000000000000000        2.7813195266616793E-005
  -3.2000000000000002      -0.39999999999999947        3.0432483008403570E-005
  -3.2000000000000002      -0.29999999999999982        3.2639087002392768E-005
  -3.2000000000000002      -0.19999999999999929        3.4312528777717907E-005
  -3.2000000000000002       -9.9999999999999645E-002   3.5357500850409920E-005
  -3.2000000000000002        0.0000000000000000        3.5712849641635144E-005
  -3.2000000000000002       0.10000000000000053        3.5357500850409920E-005
  -3.2000000000000002       0.20000000000000018        3.4312528777717846E-005
  -3.2000000000000002       0.30000000000000071        3.2639087002392768E-005
  -3.2000000000000002       0.40000000000000036        3.0432483008403570E-005
  -3.2000000000000002       0.50000000000000000        2.7813195266616793E-005
  -3.2000000000000002       0.60000000000000053        2.4916009731503116E-005
  -3.2000000000000002       0.70000000000000018        2.1878634302005149E-005
  -3.2000000000000002       0.80000000000000071        1.8831115057022703E-005
  -3.2000000000000002       0.90000000000000036        1.5887149230888459E-005
  -3.2000000000000002        1.0000000000000000        1.3138023168804481E-005
  -3.2000000000000002        1.1000000000000005        1.0649474603824220E-005
  -3.2000000000000002        1.2000000000000002        8.4613654217442191E-006
  -3.2000000000000002        1.3000000000000007        6.5897180163077058E-006
  -3.2000000000000002        1.4000000000000004        5.0304556071114297E-006
  -3.2000000000000002        1.5000000000000000        3.7641066591227992E-006
  -3.2000000000000002        1.6000000000000005        2.7607725720371889E-006
  -3.2000000000000002        1.7000000000000002        1.9847849246454408E-006
  -3.2000000000000002        1.8000000000000007        1.3986542970508942E-006
  -3.2000000000000002        1.9000000000000004        9.6609853966650995E-007
  -3.2000000000000002        2.0000000000000000        6.5410365772384920E-007
  -3.2000000000000002        2.1000000000000005        4.3409605606351311E-007
  -3.2000000000000002        2.2000000000000002        2.8238343245283856E-007
  -3.2000000000000002        2.3000000000000007        1.8005562608351483E-007
  -3.2000000000000002        2.4000000000000004        1.1253517471925872E-007
  -3.2000000000000002        2.5000000000000000        6.8942018307172828E-008
  -3.2000000000000002        2.6000000000000005        4.1399377187851523E-008
  -3.2000000000000002        2.7000000000000002        2.4367879154358194E-008
  -3.2000000000000002        2.8000000000000007        1.4059043257481513E-008
  -3.2000000000000002        2.9000000000000004        7.9507466058829993E-009
  -3.2000000000000002        3.0000000000000000        4.4073157776512375E-009
  -3.2000000000000002        3.0999999999999996        2.3947188580725559E-009
  -3.2000000000000002        3.2000000000000011        1.2754076295260305E-009
  -3.2000000000000002        3.3000000000000007        6.6582116664284605E-010
  -3.2000000000000002        3.4000000000000004        3.4070640224298791E-010
  -3.2000000000000002        3.5000000000000000        1.7089017794267659E-010
  -3.2000000000000002        3.5999999999999996        8.4017164388588981E-011
  -3.2000000000000002        3.7000000000000011        4.0488626840746984E-011
  -3.2000000000000002        3.8000000000000007        1.9125473085981043E-011
  -3.2000000000000002        3.9000000000000004        8.8553439764439298E-012
  -3.2000000000000002        4.0000000000000000        4.0189517741440411E-012
  -3.2000000000000002        4.0999999999999996        1.7878631144889790E-012
  -3.2000000000000002        4.2000000000000011        7.7959643511351022E-013
  -3.2000000000000002        4.3000000000000007        3.3321115726151159E-013
  -3.2000000000000002        4.4000000000000004        1.3959933056130931E-013
  -3.2000000000000002        4.5000000000000000        5.7327268175378149E-014
  -3.2000000000000002        4.6000000000000014        2.3075614138261914E-014
  -3.2000000000000002        4.7000000000000011        9.1045691773546509E-015
  -3.2000000000000002        4.8000000000000007        3.5211104017624585E-015
  -3.2000000000000002        4.9000000000000004        1.3347932285975936E-015
  -3.2000000000000002        5.0000000000000000        4.9597805108092934E-016

  -3.0999999999999996       -5.0000000000000000        9.3125363579246603E-016
  -3.0999999999999996       -4.9000000000000004        2.5062218871452567E-015
  -3.0999999999999996       -4.7999999999999998        6.6112741411069776E-015
  -3.0999999999999996       -4.7000000000000002        1.7094835407045314E-014
  -3.0999999999999996       -4.5999999999999996        4.3327017229023301E-014
  -3.0999999999999996       -4.5000000000000000        1.0763828520641439E-013
  -3.0999999999999996       -4.4000000000000004        2.6211317992013606E-013
  -3.0999999999999996       -4.2999999999999998        6.2564079400313716E-013
  -3.0999999999999996       -4.2000000000000002        1.4637785141259089E-012
  -3.0999999999999996       -4.0999999999999996        3.3569106980410252E-012
  -3.0999999999999996       -4.0000000000000000        7.5460263686860725E-012
  -3.0999999999999996       -3.8999999999999999        1.6626887533196000E-011
  -3.0999999999999996       -3.7999999999999998        3.5910190599673815E-011
  -3.0999999999999996       -3.7000000000000002        7.6021874096073780E-011
  -3.0999999999999996       -3.5999999999999996        1.5775151669580706E-010
  -3.0999999999999996       -3.5000000000000000        3.2086520599753649E-010
  -3.0999999999999996       -3.3999999999999999        6.3971394527453303E-010
  -3.0999999999999996       -3.2999999999999998        1.2501528663867471E-009
  -3.0999999999999996       -3.2000000000000002        2.3947188580725559E-009
  -3.0999999999999996       -3.0999999999999996        4.4963494622808858E-009
  -3.0999999999999996       -3.0000000000000000        8.2752227302766396E-009
  -3.0999999999999996       -2.8999999999999999        1.4928405940256133E-008
  -3.0999999999999996       -2.7999999999999998        2.6397408354582579E-008
  -3.0999999999999996       -2.6999999999999997        4.5753387694458279E-008
  -3.0999999999999996       -2.5999999999999996        7.7731908582865402E-008
  -3.0999999999999996       -2.5000000000000000        1.2944626292938430E-007
  -3.0999999999999996       -2.3999999999999999        2.1129723459224270E-007
  -3.0999999999999996       -2.2999999999999998        3.3807434839047489E-007
  -3.0999999999999996       -2.1999999999999997        5.3020612018243098E-007
  -3.0999999999999996       -2.0999999999999996        8.1506334728178612E-007
  -3.0999999999999996       -2.0000000000000000        1.2281519476778074E-006
  -3.0999999999999996       -1.8999999999999999        1.8139568386896829E-006
  -3.0999999999999996       -1.7999999999999998        2.6261281048763081E-006
  -3.0999999999999996       -1.6999999999999997        3.7266531720786841E-006
  -3.0999999999999996       -1.5999999999999996        5.1836557881998982E-006
  -3.0999999999999996       -1.5000000000000000        7.0675264846483610E-006
  -3.0999999999999996       -1.3999999999999999        9.4452366664321135E-006
  -3.0999999999999996       -1.2999999999999998        1.2372924261788265E-005
  -3.0999999999999996       -1.1999999999999997        1.5887149230888543E-005
  -3.0999999999999996       -1.0999999999999996        1.9995566179747428E-005
  -3.0999999999999996       -1.0000000000000000        2.4668091292367449E-005
  -3.0999999999999996      -0.89999999999999947        2.9829879470267725E-005
  -3.0999999999999996      -0.79999999999999982        3.5357500850410110E-005
  -3.0999999999999996      -0.70000000000000018        4.1079555225300799E-005
  -3.0999999999999996      -0.59999999999999964        4.6782563464923863E-005
  -3.0999999999999996      -0.50000000000000000        5.2222349675744871E-005
  -3.0999999999999996      -0.39999999999999947        5.7140352049861158E-005
  -3.0999999999999996      -0.29999999999999982        6.1283495053222241E-005
  -3.0999999999999996      -0.19999999999999929        6.4425567034355648E-005
  -3.0999999999999996       -9.9999999999999645E-002   6.6387617653077962E-005
  -3.0999999999999996        0.0000000000000000        6.7054824302811242E-005
  -3.0999999999999996       0.10000000000000053        6.6387617653077962E-005
  -3.0999999999999996       0.20000000000000018        6.4425567034355526E-005
  -3.0999999999999996       0.30000000000000071        6.1283495053222241E-005
  -3.0999999999999996       0.40000000000000036        5.7140352049861158E-005
  -3.0999999999999996       0.50000000000000000        5.2222349675744871E-005
  -3.0999999999999996       0.60000000000000053        4.6782563464923781E-005
  -3.0999999999999996       0.70000000000000018        4.1079555225300799E-005
  -3.0999999999999996       0.80000000000000071        3.5357500850410042E-005
  -3.0999999999999996       0.90000000000000036        2.9829879470267674E-005
  -3.0999999999999996        1.0000000000000000        2.4668091292367449E-005
  -3.0999999999999996        1.1000000000000005        1.9995566179747390E-005
  -3.0999999999999996        1.2000000000000002        1.5887149230888543E-005
  -3.0999999999999996        1.3000000000000007        1.2372924261788243E-005
  -3.0999999999999996        1.4000000000000004        9.4452366664320965E-006
  -3.0999999999999996        1.5000000000000000        7.0675264846483610E-006
  -3.0999999999999996        1.6000000000000005        5.1836557881998796E-006
  -3.0999999999999996        1.7000000000000002        3.7266531720786777E-006
  -3.0999999999999996        1.8000000000000007        2.6261281048763035E-006
  -3.0999999999999996        1.9000000000000004        1.8139568386896797E-006
  -3.0999999999999996        2.0000000000000000        1.2281519476778074E-006
  -3.0999999999999996        2.1000000000000005        8.1506334728178315E-007
  -3.0999999999999996        2.2000000000000002        5.3020612018242907E-007
  -3.0999999999999996        2.3000000000000007        3.3807434839047309E-007
  -3.0999999999999996        2.4000000000000004        2.1129723459224233E-007
  -3.0999999999999996        2.5000000000000000        1.2944626292938430E-007
  -3.0999999999999996        2.6000000000000005        7.7731908582865124E-008
  -3.0999999999999996        2.7000000000000002        4.5753387694458114E-008
  -3.0999999999999996        2.8000000000000007        2.6397408354582390E-008
  -3.0999999999999996        2.9000000000000004        1.4928405940256080E-008
  -3.0999999999999996        3.0000000000000000        8.2752227302766396E-009
  -3.0999999999999996        3.0999999999999996        4.4963494622808858E-009
  -3.0999999999999996        3.2000000000000011        2.3947188580725476E-009
  -3.0999999999999996        3.3000000000000007        1.2501528663867426E-009
  -3.0999999999999996        3.4000000000000004        6.3971394527452848E-010
  -3.0999999999999996        3.5000000000000000        3.2086520599753649E-010
  -3.0999999999999996        3.5999999999999996        1.5775151669580706E-010
  -3.0999999999999996        3.7000000000000011        7.6021874096073237E-011
  -3.0999999999999996        3.8000000000000007        3.5910190599673563E-011
  -3.0999999999999996        3.9000000000000004        1.6626887533195942E-011
  -3.0999999999999996        4.0000000000000000        7.5460263686860725E-012
  -3.0999999999999996        4.0999999999999996        3.3569106980410252E-012
  -3.0999999999999996        4.2000000000000011        1.4637785141258986E-012
  -3.0999999999999996        4.3000000000000007        6.2564079400313272E-013
  -3.0999999999999996        4.4000000000000004        2.6211317992013606E-013
  -3.0999999999999996        4.5000000000000000        1.0763828520641439E-013
  -3.0999999999999996        4.6000000000000014        4.3327017229022682E-014
  -3.0999999999999996        4.7000000000000011        1.7094835407045194E-014
  -3.0999999999999996        4.8000000000000007        6.6112741411069311E-015
  -3.0999999999999996        4.9000000000000004        2.5062218871452567E-015
  -3.0999999999999996        5.0000000000000000        9.3125363579246603E-016

  -3.0000000000000000       -5.0000000000000000        1.7139084315420130E-015
  -3.0000000000000000       -4.9000000000000004        4.6125294534158972E-015
  -3.0000000000000000       -4.7999999999999998        1.2167596515246377E-014
  -3.0000000000000000       -4.7000000000000002        3.1461871840130253E-014
  -3.0000000000000000       -4.5999999999999996        7.9740402923847413E-014
  -3.0000000000000000       -4.5000000000000000        1.9810087980489796E-013
  -3.0000000000000000       -4.4000000000000004        4.8240132635951708E-013
  -3.0000000000000000       -4.2999999999999998        1.1514489616420434E-012
  -3.0000000000000000       -4.2000000000000002        2.6939839382592521E-012
  -3.0000000000000000       -4.0999999999999996        6.1781638515806612E-012
  -3.0000000000000000       -4.0000000000000000        1.3887943864964021E-011
  -3.0000000000000000       -3.8999999999999999        3.0600645880104759E-011
  -3.0000000000000000       -3.7999999999999998        6.6090242315872849E-011
  -3.0000000000000000       -3.7000000000000002        1.3991304408063802E-010
  -3.0000000000000000       -3.5999999999999996        2.9033084453238783E-010
  -3.0000000000000000       -3.5000000000000000        5.9053039989440393E-010
  -3.0000000000000000       -3.3999999999999999        1.1773496311217238E-009
  -3.0000000000000000       -3.2999999999999998        2.3008205885750249E-009
  -3.0000000000000000       -3.2000000000000002        4.4073157776512375E-009
  -3.0000000000000000       -3.0999999999999996        8.2752227302766396E-009
  -3.0000000000000000       -3.0000000000000000        1.5229979744712629E-008
  -3.0000000000000000       -2.8999999999999999        2.7474707026205587E-008
  -3.0000000000000000       -2.7999999999999998        4.8582619182234295E-008
  -3.0000000000000000       -2.6999999999999997        8.4205971313510062E-008
  -3.0000000000000000       -2.5999999999999996        1.4306024524312927E-007
  -3.0000000000000000       -2.5000000000000000        2.3823696675018180E-007
  -3.0000000000000000       -2.3999999999999999        3.8887806501929212E-007
  -3.0000000000000000       -2.2999999999999998        6.2220264590047089E-007
  -3.0000000000000000       -2.1999999999999997        9.7580799140993231E-007
  -3.0000000000000000       -2.0999999999999996        1.5000681763334576E-006
  -3.0000000000000000       -2.0000000000000000        2.2603294069810542E-006
  -3.0000000000000000       -1.8999999999999999        3.3384631219591622E-006
  -3.0000000000000000       -1.7999999999999998        4.8332086214372719E-006
  -3.0000000000000000       -1.6999999999999997        6.8586495102627828E-006
  -3.0000000000000000       -1.5999999999999996        9.5401628730792476E-006
  -3.0000000000000000       -1.5000000000000000        1.3007297654067620E-005
  -3.0000000000000000       -1.3999999999999999        1.7383310129825222E-005
  -3.0000000000000000       -1.2999999999999998        2.2771518306142183E-005
  -3.0000000000000000       -1.1999999999999997        2.9239208281656749E-005
  -3.0000000000000000       -1.0999999999999996        3.6800467833623275E-005
  -3.0000000000000000       -1.0000000000000000        4.5399929762484854E-005
  -3.0000000000000000      -0.89999999999999947        5.4899846798952354E-005
  -3.0000000000000000      -0.79999999999999982        6.5073054747542944E-005
  -3.0000000000000000      -0.70000000000000018        7.5604103284627693E-005
  -3.0000000000000000      -0.59999999999999964        8.6100098716340351E-005
  -3.0000000000000000      -0.50000000000000000        9.6111652061394695E-005
  -3.0000000000000000      -0.39999999999999947        1.0516289805000093E-004
  -3.0000000000000000      -0.29999999999999982        1.1278806852302912E-004
  -3.0000000000000000      -0.19999999999999929        1.1857083645433903E-004
  -3.0000000000000000       -9.9999999999999645E-002   1.2218185601903451E-004
  -3.0000000000000000        0.0000000000000000        1.2340980408667956E-004
  -3.0000000000000000       0.10000000000000053        1.2218185601903451E-004
  -3.0000000000000000       0.20000000000000018        1.1857083645433882E-004
  -3.0000000000000000       0.30000000000000071        1.1278806852302912E-004
  -3.0000000000000000       0.40000000000000036        1.0516289805000093E-004
  -3.0000000000000000       0.50000000000000000        9.6111652061394695E-005
  -3.0000000000000000       0.60000000000000053        8.6100098716340202E-005
  -3.0000000000000000       0.70000000000000018        7.5604103284627693E-005
  -3.0000000000000000       0.80000000000000071        6.5073054747542944E-005
  -3.0000000000000000       0.90000000000000036        5.4899846798952252E-005
  -3.0000000000000000        1.0000000000000000        4.5399929762484854E-005
  -3.0000000000000000        1.1000000000000005        3.6800467833623207E-005
  -3.0000000000000000        1.2000000000000002        2.9239208281656698E-005
  -3.0000000000000000        1.3000000000000007        2.2771518306142142E-005
  -3.0000000000000000        1.4000000000000004        1.7383310129825191E-005
  -3.0000000000000000        1.5000000000000000        1.3007297654067620E-005
  -3.0000000000000000        1.6000000000000005        9.5401628730792137E-006
  -3.0000000000000000        1.7000000000000002        6.8586495102627709E-006
  -3.0000000000000000        1.8000000000000007        4.8332086214372549E-006
  -3.0000000000000000        1.9000000000000004        3.3384631219591562E-006
  -3.0000000000000000        2.0000000000000000        2.2603294069810542E-006
  -3.0000000000000000        2.1000000000000005        1.5000681763334523E-006
  -3.0000000000000000        2.2000000000000002        9.7580799140993231E-007
  -3.0000000000000000        2.3000000000000007        6.2220264590046867E-007
  -3.0000000000000000        2.4000000000000004        3.8887806501929143E-007
  -3.0000000000000000        2.5000000000000000        2.3823696675018180E-007
  -3.0000000000000000        2.6000000000000005        1.4306024524312874E-007
  -3.0000000000000000        2.7000000000000002        8.4205971313510062E-008
  -3.0000000000000000        2.8000000000000007        4.8582619182234123E-008
  -3.0000000000000000        2.9000000000000004        2.7474707026205491E-008
  -3.0000000000000000        3.0000000000000000        1.5229979744712629E-008
  -3.0000000000000000        3.0999999999999996        8.2752227302766396E-009
  -3.0000000000000000        3.2000000000000011        4.4073157776512060E-009
  -3.0000000000000000        3.3000000000000007        2.3008205885750166E-009
  -3.0000000000000000        3.4000000000000004        1.1773496311217197E-009
  -3.0000000000000000        3.5000000000000000        5.9053039989440393E-010
  -3.0000000000000000        3.5999999999999996        2.9033084453238783E-010
  -3.0000000000000000        3.7000000000000011        1.3991304408063704E-010
  -3.0000000000000000        3.8000000000000007        6.6090242315872383E-011
  -3.0000000000000000        3.9000000000000004        3.0600645880104759E-011
  -3.0000000000000000        4.0000000000000000        1.3887943864964021E-011
  -3.0000000000000000        4.0999999999999996        6.1781638515806612E-012
  -3.0000000000000000        4.2000000000000011        2.6939839382592327E-012
  -3.0000000000000000        4.3000000000000007        1.1514489616420351E-012
  -3.0000000000000000        4.4000000000000004        4.8240132635951708E-013
  -3.0000000000000000        4.5000000000000000        1.9810087980489796E-013
  -3.0000000000000000        4.6000000000000014        7.9740402923845999E-014
  -3.0000000000000000        4.7000000000000011        3.1461871840130026E-014
  -3.0000000000000000        4.8000000000000007        1.2167596515246290E-014
  -3.0000000000000000        4.9000000000000004        4.6125294534158972E-015
  -3.0000000000000000        5.0000000000000000        1.7139084315420130E-015

  -2.8999999999999999       -5.0000000000000000        3.0918709555545129E-015
  -2.8999999999999999       -4.9000000000000004        8.3209496996437162E-015
  -2.8999999999999999       -4.7999999999999998        2.1950203156739794E-014
  -2.8999999999999999       -4.7000000000000002        5.6756852326327025E-014
  -2.8999999999999999       -4.5999999999999996        1.4385076311377811E-013
  -2.8999999999999999       -4.5000000000000000        3.5737169224815913E-013
  -2.8999999999999999       -4.4000000000000004        8.7024640432512951E-013
  -2.8999999999999999       -4.2999999999999998        2.0772005877241373E-012
  -2.8999999999999999       -4.2000000000000002        4.8599158158875851E-012
  -2.8999999999999999       -4.0999999999999996        1.1145336016681316E-011
  -2.8999999999999999       -4.0000000000000000        2.5053689846090828E-011
  -2.8999999999999999       -3.8999999999999999        5.5203210671401332E-011
  -2.8999999999999999       -3.7999999999999998        1.1922603150867141E-010
  -2.8999999999999999       -3.7000000000000002        2.5240151068452068E-010
  -2.8999999999999999       -3.5999999999999996        5.2375348016910381E-010
  -2.8999999999999999       -3.5000000000000000        1.0653100003497685E-009
  -2.8999999999999999       -3.3999999999999999        2.1239250954165296E-009
  -2.8999999999999999       -3.2999999999999998        4.1506536876982376E-009
  -2.8999999999999999       -3.2000000000000002        7.9507466058830274E-009
  -2.8999999999999999       -3.0999999999999996        1.4928405940256133E-008
  -2.8999999999999999       -3.0000000000000000        2.7474707026205587E-008
  -2.8999999999999999       -2.8999999999999999        4.9564053191724981E-008
  -2.8999999999999999       -2.7999999999999998        8.7642482194436360E-008
  -2.8999999999999999       -2.6999999999999997        1.5190659675689639E-007
  -2.8999999999999999       -2.5999999999999996        2.5807902512258150E-007
  -2.8999999999999999       -2.5000000000000000        4.2977672813685232E-007
  -2.8999999999999999       -2.3999999999999999        7.0153152429713744E-007
  -2.8999999999999999       -2.2999999999999998        1.1224463652343442E-006
  -2.8999999999999999       -2.1999999999999997        1.7603463121561693E-006
  -2.8999999999999999       -2.0999999999999996        2.7061056124125468E-006
  -2.8999999999999999       -2.0000000000000000        4.0776080651769296E-006
  -2.8999999999999999       -1.8999999999999999        6.0225487972472907E-006
  -2.8999999999999999       -1.7999999999999998        8.7190523622738837E-006
  -2.8999999999999999       -1.6999999999999997        1.2372924261788243E-005
  -2.8999999999999999       -1.5999999999999996        1.7210343304043694E-005
  -2.8999999999999999       -1.5000000000000000        2.3465014283569705E-005
  -2.8999999999999999       -1.3999999999999999        3.1359290095472915E-005
  -2.8999999999999999       -1.2999999999999998        4.1079555225300724E-005
  -2.8999999999999999       -1.1999999999999997        5.2747193015513852E-005
  -2.8999999999999999       -1.0999999999999996        6.6387617653077840E-005
  -2.8999999999999999       -1.0000000000000000        8.1900947351399041E-005
  -2.8999999999999999      -0.89999999999999947        9.9038687632427150E-005
  -2.8999999999999999      -0.79999999999999982        1.1739103691911796E-004
  -2.8999999999999999      -0.70000000000000018        1.3638892648201140E-004
  -2.8999999999999999      -0.59999999999999964        1.5532358064888985E-004
  -2.8999999999999999      -0.50000000000000000        1.7338430690350557E-004
  -2.8999999999999999      -0.39999999999999947        1.8971264981186754E-004
  -2.8999999999999999      -0.29999999999999982        2.0346836901064417E-004
  -2.8999999999999999      -0.19999999999999929        2.1390041536766149E-004
  -2.8999999999999999       -9.9999999999999645E-002   2.2041465283014714E-004
  -2.8999999999999999        0.0000000000000000        2.2262985691888897E-004
  -2.8999999999999999       0.10000000000000053        2.2041465283014714E-004
  -2.8999999999999999       0.20000000000000018        2.1390041536766111E-004
  -2.8999999999999999       0.30000000000000071        2.0346836901064417E-004
  -2.8999999999999999       0.40000000000000036        1.8971264981186754E-004
  -2.8999999999999999       0.50000000000000000        1.7338430690350557E-004
  -2.8999999999999999       0.60000000000000053        1.5532358064888958E-004
  -2.8999999999999999       0.70000000000000018        1.3638892648201140E-004
  -2.8999999999999999       0.80000000000000071        1.1739103691911796E-004
  -2.8999999999999999       0.90000000000000036        9.9038687632426974E-005
  -2.8999999999999999        1.0000000000000000        8.1900947351399041E-005
  -2.8999999999999999        1.1000000000000005        6.6387617653077731E-005
  -2.8999999999999999        1.2000000000000002        5.2747193015513757E-005
  -2.8999999999999999        1.3000000000000007        4.1079555225300649E-005
  -2.8999999999999999        1.4000000000000004        3.1359290095472860E-005
  -2.8999999999999999        1.5000000000000000        2.3465014283569705E-005
  -2.8999999999999999        1.6000000000000005        1.7210343304043633E-005
  -2.8999999999999999        1.7000000000000002        1.2372924261788221E-005
  -2.8999999999999999        1.8000000000000007        8.7190523622738515E-006
  -2.8999999999999999        1.9000000000000004        6.0225487972472796E-006
  -2.8999999999999999        2.0000000000000000        4.0776080651769296E-006
  -2.8999999999999999        2.1000000000000005        2.7061056124125371E-006
  -2.8999999999999999        2.2000000000000002        1.7603463121561693E-006
  -2.8999999999999999        2.3000000000000007        1.1224463652343401E-006
  -2.8999999999999999        2.4000000000000004        7.0153152429713628E-007
  -2.8999999999999999        2.5000000000000000        4.2977672813685232E-007
  -2.8999999999999999        2.6000000000000005        2.5807902512258060E-007
  -2.8999999999999999        2.7000000000000002        1.5190659675689612E-007
  -2.8999999999999999        2.8000000000000007        8.7642482194436055E-008
  -2.8999999999999999        2.9000000000000004        4.9564053191724981E-008
  -2.8999999999999999        3.0000000000000000        2.7474707026205587E-008
  -2.8999999999999999        3.0999999999999996        1.4928405940256133E-008
  -2.8999999999999999        3.2000000000000011        7.9507466058829993E-009
  -2.8999999999999999        3.3000000000000007        4.1506536876982087E-009
  -2.8999999999999999        3.4000000000000004        2.1239250954165221E-009
  -2.8999999999999999        3.5000000000000000        1.0653100003497685E-009
  -2.8999999999999999        3.5999999999999996        5.2375348016910381E-010
  -2.8999999999999999        3.7000000000000011        2.5240151068451887E-010
  -2.8999999999999999        3.8000000000000007        1.1922603150867100E-010
  -2.8999999999999999        3.9000000000000004        5.5203210671400937E-011
  -2.8999999999999999        4.0000000000000000        2.5053689846090828E-011
  -2.8999999999999999        4.0999999999999996        1.1145336016681316E-011
  -2.8999999999999999        4.2000000000000011        4.8599158158875503E-012
  -2.8999999999999999        4.3000000000000007        2.0772005877241223E-012
  -2.8999999999999999        4.4000000000000004        8.7024640432512951E-013
  -2.8999999999999999        4.5000000000000000        3.5737169224815913E-013
  -2.8999999999999999        4.6000000000000014        1.4385076311377556E-013
  -2.8999999999999999        4.7000000000000011        5.6756852326326622E-014
  -2.8999999999999999        4.8000000000000007        2.1950203156739640E-014
  -2.8999999999999999        4.9000000000000004        8.3209496996437162E-015
  -2.8999999999999999        5.0000000000000000        3.0918709555545129E-015

  -2.7999999999999998       -5.0000000000000000        5.4672535379919853E-015
  -2.7999999999999998       -4.9000000000000004        1.4713661190517370E-014
  -2.7999999999999998       -4.7999999999999998        3.8813821014339750E-014
  -2.7999999999999998       -4.7000000000000002        1.0036127191173424E-013
  -2.7999999999999998       -4.5999999999999996        2.5436656473769318E-013
  -2.7999999999999998       -4.5000000000000000        6.3192858851753677E-013
  -2.7999999999999998       -4.4000000000000004        1.5388280433968073E-012
  -2.7999999999999998       -4.2999999999999998        3.6730453584913827E-012
  -2.7999999999999998       -4.2000000000000002        8.5936290099757180E-012
  -2.7999999999999998       -4.0999999999999996        1.9707930455455287E-011
  -2.7999999999999998       -4.0000000000000000        4.4301614271682353E-011
  -2.7999999999999998       -3.8999999999999999        9.7614018563594165E-011
  -2.7999999999999998       -3.7999999999999998        2.1082346318998482E-010
  -2.7999999999999998       -3.7000000000000002        4.4631327507553787E-010
  -2.7999999999999998       -3.5999999999999996        9.2613602205677872E-010
  -2.7999999999999998       -3.5000000000000000        1.8837525731813568E-009
  -2.7999999999999998       -3.3999999999999999        3.7556667659383025E-009
  -2.7999999999999998       -3.2999999999999998        7.3394641578687246E-009
  -2.7999999999999998       -3.2000000000000002        1.4059043257481564E-008
  -2.7999999999999998       -3.0999999999999996        2.6397408354582579E-008
  -2.7999999999999998       -3.0000000000000000        4.8582619182234295E-008
  -2.7999999999999998       -2.8999999999999999        8.7642482194436360E-008
  -2.7999999999999998       -2.7999999999999998        1.5497531357028994E-007
  -2.7999999999999998       -2.6999999999999997        2.6861142994065112E-007
  -2.7999999999999998       -2.5999999999999996        4.5635263679040018E-007
  -2.7999999999999998       -2.5000000000000000        7.5996002783739009E-007
  -2.7999999999999998       -2.3999999999999999        1.2404950799567155E-006
  -2.7999999999999998       -2.2999999999999998        1.9847849246454476E-006
  -2.7999999999999998       -2.1999999999999997        3.1127623828986454E-006
  -2.7999999999999998       -2.0999999999999996        4.7851173921290257E-006
  -2.7999999999999998       -2.0000000000000000        7.2102999903128283E-006
  -2.7999999999999998       -1.8999999999999999        1.0649474603824258E-005
  -2.7999999999999998       -1.7999999999999998        1.5417613011934388E-005
  -2.7999999999999998       -1.6999999999999997        2.1878634302005227E-005
  -2.7999999999999998       -1.5999999999999996        3.0432483008403679E-005
  -2.7999999999999998       -1.5000000000000000        4.1492411619058298E-005
  -2.7999999999999998       -1.3999999999999999        5.5451599432177040E-005
  -2.7999999999999998       -1.2999999999999998        7.2639623992451941E-005
  -2.7999999999999998       -1.1999999999999997        9.3271123464948980E-005
  -2.7999999999999998       -1.0999999999999996        1.1739103691911818E-004
  -2.7999999999999998       -1.0000000000000000        1.4482274668268800E-004
  -2.7999999999999998      -0.89999999999999947        1.7512684815765875E-004
  -2.7999999999999998      -0.79999999999999982        2.0757870271771790E-004
  -2.7999999999999998      -0.70000000000000018        2.4117204487855885E-004
  -2.7999999999999998      -0.59999999999999964        2.7465356997214254E-004
  -2.7999999999999998      -0.50000000000000000        3.0658975713314368E-004
  -2.7999999999999998      -0.39999999999999947        3.3546262790251245E-004
  -2.7999999999999998      -0.29999999999999982        3.5978641293048339E-004
  -2.7999999999999998      -0.19999999999999929        3.7823305678262608E-004
  -2.7999999999999998       -9.9999999999999645E-002   3.8975196825275513E-004
  -2.7999999999999998        0.0000000000000000        3.9366904065507862E-004
  -2.7999999999999998       0.10000000000000053        3.8975196825275513E-004
  -2.7999999999999998       0.20000000000000018        3.7823305678262608E-004
  -2.7999999999999998       0.30000000000000071        3.5978641293048306E-004
  -2.7999999999999998       0.40000000000000036        3.3546262790251212E-004
  -2.7999999999999998       0.50000000000000000        3.0658975713314368E-004
  -2.7999999999999998       0.60000000000000053        2.7465356997214254E-004
  -2.7999999999999998       0.70000000000000018        2.4117204487855885E-004
  -2.7999999999999998       0.80000000000000071        2.0757870271771752E-004
  -2.7999999999999998       0.90000000000000036        1.7512684815765842E-004
  -2.7999999999999998        1.0000000000000000        1.4482274668268800E-004
  -2.7999999999999998        1.1000000000000005        1.1739103691911796E-004
  -2.7999999999999998        1.2000000000000002        9.3271123464948804E-005
  -2.7999999999999998        1.3000000000000007        7.2639623992451683E-005
  -2.7999999999999998        1.4000000000000004        5.5451599432176945E-005
  -2.7999999999999998        1.5000000000000000        4.1492411619058298E-005
  -2.7999999999999998        1.6000000000000005        3.0432483008403625E-005
  -2.7999999999999998        1.7000000000000002        2.1878634302005190E-005
  -2.7999999999999998        1.8000000000000007        1.5417613011934334E-005
  -2.7999999999999998        1.9000000000000004        1.0649474603824258E-005
  -2.7999999999999998        2.0000000000000000        7.2102999903128283E-006
  -2.7999999999999998        2.1000000000000005        4.7851173921290088E-006
  -2.7999999999999998        2.2000000000000002        3.1127623828986399E-006
  -2.7999999999999998        2.3000000000000007        1.9847849246454408E-006
  -2.7999999999999998        2.4000000000000004        1.2404950799567113E-006
  -2.7999999999999998        2.5000000000000000        7.5996002783739009E-007
  -2.7999999999999998        2.6000000000000005        4.5635263679039859E-007
  -2.7999999999999998        2.7000000000000002        2.6861142994065065E-007
  -2.7999999999999998        2.8000000000000007        1.5497531357028912E-007
  -2.7999999999999998        2.9000000000000004        8.7642482194436360E-008
  -2.7999999999999998        3.0000000000000000        4.8582619182234295E-008
  -2.7999999999999998        3.0999999999999996        2.6397408354582579E-008
  -2.7999999999999998        3.2000000000000011        1.4059043257481513E-008
  -2.7999999999999998        3.3000000000000007        7.3394641578686725E-009
  -2.7999999999999998        3.4000000000000004        3.7556667659382893E-009
  -2.7999999999999998        3.5000000000000000        1.8837525731813568E-009
  -2.7999999999999998        3.5999999999999996        9.2613602205677872E-010
  -2.7999999999999998        3.7000000000000011        4.4631327507553471E-010
  -2.7999999999999998        3.8000000000000007        2.1082346318998332E-010
  -2.7999999999999998        3.9000000000000004        9.7614018563593816E-011
  -2.7999999999999998        4.0000000000000000        4.4301614271682353E-011
  -2.7999999999999998        4.0999999999999996        1.9707930455455287E-011
  -2.7999999999999998        4.2000000000000011        8.5936290099756567E-012
  -2.7999999999999998        4.3000000000000007        3.6730453584913569E-012
  -2.7999999999999998        4.4000000000000004        1.5388280433968073E-012
  -2.7999999999999998        4.5000000000000000        6.3192858851753677E-013
  -2.7999999999999998        4.6000000000000014        2.5436656473768869E-013
  -2.7999999999999998        4.7000000000000011        1.0036127191173353E-013
  -2.7999999999999998        4.8000000000000007        3.8813821014339479E-014
  -2.7999999999999998        4.9000000000000004        1.4713661190517370E-014
  -2.7999999999999998        5.0000000000000000        5.4672535379919853E-015

  -2.6999999999999997       -5.0000000000000000        9.4761336941707752E-015
  -2.6999999999999997       -4.9000000000000004        2.5502497662342620E-014
  -2.6999999999999997       -4.7999999999999998        6.7274172408069346E-014
  -2.6999999999999997       -4.7000000000000002        1.7395147741802374E-013
  -2.6999999999999997       -4.5999999999999996        4.4088161597616918E-013
  -2.6999999999999997       -4.5000000000000000        1.0952921331247048E-012
  -2.6999999999999997       -4.4000000000000004        2.6671783501964972E-012
  -2.6999999999999997       -4.2999999999999998        6.3663169523690224E-012
  -2.6999999999999997       -4.2000000000000002        1.4894933415973220E-011
  -2.6999999999999997       -4.0999999999999996        3.4158829937838648E-011
  -2.6999999999999997       -4.0000000000000000        7.6785906632790754E-011
  -2.6999999999999997       -3.8999999999999999        1.6918979226151364E-010
  -2.6999999999999997       -3.7999999999999998        3.6541040381129713E-010
  -2.6999999999999997       -3.7000000000000002        7.7357383093895748E-010
  -2.6999999999999997       -3.5999999999999996        1.6052280551856172E-009
  -2.6999999999999997       -3.5000000000000000        3.2650198323820608E-009
  -2.6999999999999997       -3.3999999999999999        6.5095207561668477E-009
  -2.6999999999999997       -3.2999999999999998        1.2721148401155556E-008
  -2.6999999999999997       -3.2000000000000002        2.4367879154358194E-008
  -2.6999999999999997       -3.0999999999999996        4.5753387694458279E-008
  -2.6999999999999997       -3.0000000000000000        8.4205971313510062E-008
  -2.6999999999999997       -2.8999999999999999        1.5190659675689639E-007
  -2.6999999999999997       -2.7999999999999998        2.6861142994065112E-007
  -2.6999999999999997       -2.6999999999999997        4.6557157157831030E-007
  -2.6999999999999997       -2.5999999999999996        7.9097458492870498E-007
  -2.6999999999999997       -2.5000000000000000        1.3172030117077469E-006
  -2.6999999999999997       -2.3999999999999999        2.1500918409846347E-006
  -2.6999999999999997       -2.2999999999999998        3.4401344604594353E-006
  -2.6999999999999997       -2.1999999999999997        5.3952047940631851E-006
  -2.6999999999999997       -2.0999999999999996        8.2938191607574009E-006
  -2.6999999999999997       -2.0000000000000000        1.2497274217938969E-005
  -2.6999999999999997       -1.8999999999999999        1.8458233995780592E-005
  -2.6999999999999997       -1.7999999999999998        2.6722624281246915E-005
  -2.6999999999999997       -1.6999999999999997        3.7921208930767698E-005
  -2.6999999999999997       -1.5999999999999996        5.2747193015513940E-005
  -2.6999999999999997       -1.5000000000000000        7.1916847657329020E-005
  -2.6999999999999997       -1.3999999999999999        9.6111652061394871E-005
  -2.6999999999999997       -1.2999999999999998        1.2590284750167027E-004
  -2.6999999999999997       -1.1999999999999997        1.6166245622550534E-004
  -2.6999999999999997       -1.0999999999999996        2.0346836901064455E-004
  -2.6999999999999997       -1.0000000000000000        2.5101446274361446E-004
  -2.6999999999999997      -0.89999999999999947        3.0353913807886732E-004
  -2.6999999999999997      -0.79999999999999982        3.5978641293048371E-004
  -2.6999999999999997      -0.70000000000000018        4.1801217461101369E-004
  -2.6999999999999997      -0.59999999999999964        4.7604412902227058E-004
  -2.6999999999999997      -0.50000000000000000        5.3139762179825391E-004
  -2.6999999999999997      -0.39999999999999947        5.8144161219375720E-004
  -2.6999999999999997      -0.29999999999999982        6.2360088599944556E-004
  -2.6999999999999997      -0.19999999999999929        6.5557358712569702E-004
  -2.6999999999999997       -9.9999999999999645E-002   6.7553877519384558E-004
  -2.6999999999999997        0.0000000000000000        6.8232805275637777E-004
  -2.6999999999999997       0.10000000000000053        6.7553877519384558E-004
  -2.6999999999999997       0.20000000000000018        6.5557358712569702E-004
  -2.6999999999999997       0.30000000000000071        6.2360088599944501E-004
  -2.6999999999999997       0.40000000000000036        5.8144161219375666E-004
  -2.6999999999999997       0.50000000000000000        5.3139762179825391E-004
  -2.6999999999999997       0.60000000000000053        4.7604412902227015E-004
  -2.6999999999999997       0.70000000000000018        4.1801217461101369E-004
  -2.6999999999999997       0.80000000000000071        3.5978641293048306E-004
  -2.6999999999999997       0.90000000000000036        3.0353913807886678E-004
  -2.6999999999999997        1.0000000000000000        2.5101446274361446E-004
  -2.6999999999999997        1.1000000000000005        2.0346836901064417E-004
  -2.6999999999999997        1.2000000000000002        1.6166245622550507E-004
  -2.6999999999999997        1.3000000000000007        1.2590284750166984E-004
  -2.6999999999999997        1.4000000000000004        9.6111652061394695E-005
  -2.6999999999999997        1.5000000000000000        7.1916847657329020E-005
  -2.6999999999999997        1.6000000000000005        5.2747193015513852E-005
  -2.6999999999999997        1.7000000000000002        3.7921208930767637E-005
  -2.6999999999999997        1.8000000000000007        2.6722624281246820E-005
  -2.6999999999999997        1.9000000000000004        1.8458233995780592E-005
  -2.6999999999999997        2.0000000000000000        1.2497274217938969E-005
  -2.6999999999999997        2.1000000000000005        8.2938191607573704E-006
  -2.6999999999999997        2.2000000000000002        5.3952047940631758E-006
  -2.6999999999999997        2.3000000000000007        3.4401344604594230E-006
  -2.6999999999999997        2.4000000000000004        2.1500918409846271E-006
  -2.6999999999999997        2.5000000000000000        1.3172030117077469E-006
  -2.6999999999999997        2.6000000000000005        7.9097458492870222E-007
  -2.6999999999999997        2.7000000000000002        4.6557157157830946E-007
  -2.6999999999999997        2.8000000000000007        2.6861142994064969E-007
  -2.6999999999999997        2.9000000000000004        1.5190659675689639E-007
  -2.6999999999999997        3.0000000000000000        8.4205971313510062E-008
  -2.6999999999999997        3.0999999999999996        4.5753387694458279E-008
  -2.6999999999999997        3.2000000000000011        2.4367879154358104E-008
  -2.6999999999999997        3.3000000000000007        1.2721148401155467E-008
  -2.6999999999999997        3.4000000000000004        6.5095207561668245E-009
  -2.6999999999999997        3.5000000000000000        3.2650198323820608E-009
  -2.6999999999999997        3.5999999999999996        1.6052280551856172E-009
  -2.6999999999999997        3.7000000000000011        7.7357383093895200E-010
  -2.6999999999999997        3.8000000000000007        3.6541040381129455E-010
  -2.6999999999999997        3.9000000000000004        1.6918979226151304E-010
  -2.6999999999999997        4.0000000000000000        7.6785906632790754E-011
  -2.6999999999999997        4.0999999999999996        3.4158829937838648E-011
  -2.6999999999999997        4.2000000000000011        1.4894933415973114E-011
  -2.6999999999999997        4.3000000000000007        6.3663169523689772E-012
  -2.6999999999999997        4.4000000000000004        2.6671783501964972E-012
  -2.6999999999999997        4.5000000000000000        1.0952921331247048E-012
  -2.6999999999999997        4.6000000000000014        4.4088161597616135E-013
  -2.6999999999999997        4.7000000000000011        1.7395147741802250E-013
  -2.6999999999999997        4.8000000000000007        6.7274172408068867E-014
  -2.6999999999999997        4.9000000000000004        2.5502497662342620E-014
  -2.6999999999999997        5.0000000000000000        9.4761336941707752E-015

  -2.5999999999999996       -5.0000000000000000        1.6099309693815608E-014
  -2.5999999999999996       -4.9000000000000004        4.3327017229022992E-014
  -2.5999999999999996       -4.7999999999999998        1.1429426503964378E-013
  -2.5999999999999996       -4.7000000000000002        2.9553178511741108E-013
  -2.5999999999999996       -4.5999999999999996        7.4902802165787131E-013
  -2.5999999999999996       -4.5000000000000000        1.8608271923412937E-012
  -2.5999999999999996       -4.4000000000000004        4.5313554719967576E-012
  -2.5999999999999996       -4.2999999999999998        1.0815941557285730E-011
  -2.5999999999999996       -4.2000000000000002        2.5305483615119005E-011
  -2.5999999999999996       -4.0999999999999996        5.8033539806000750E-011
  -2.5999999999999996       -4.0000000000000000        1.3045405762501584E-010
  -2.5999999999999996       -3.8999999999999999        2.8744200436154569E-010
  -2.5999999999999996       -3.7999999999999998        6.2080754094036462E-010
  -2.5999999999999996       -3.7000000000000002        1.3142495744840210E-009
  -2.5999999999999996       -3.5999999999999996        2.7271738056557703E-009
  -2.5999999999999996       -3.5000000000000000        5.5470476815142135E-009
  -2.5999999999999996       -3.3999999999999999        1.1059235126274928E-008
  -2.5999999999999996       -3.2999999999999998        2.1612370021454343E-008
  -2.5999999999999996       -3.2000000000000002        4.1399377187851668E-008
  -2.5999999999999996       -3.0999999999999996        7.7731908582865402E-008
  -2.5999999999999996       -3.0000000000000000        1.4306024524312927E-007
  -2.5999999999999996       -2.8999999999999999        2.5807902512258150E-007
  -2.5999999999999996       -2.7999999999999998        4.5635263679040018E-007
  -2.5999999999999996       -2.6999999999999997        7.9097458492870498E-007
  -2.5999999999999996       -2.5999999999999996        1.3438122776315261E-006
  -2.5999999999999996       -2.5000000000000000        2.2378387535999529E-006
  -2.5999999999999996       -2.3999999999999999        3.6528604951459325E-006
  -2.5999999999999996       -2.2999999999999998        5.8445555808665868E-006
  -2.5999999999999996       -2.1999999999999997        9.1660877362476341E-006
  -2.5999999999999996       -2.0999999999999996        1.4090637334050331E-005
  -2.5999999999999996       -2.0000000000000000        2.1232022938522171E-005
  -2.5999999999999996       -1.8999999999999999        3.1359290095472969E-005
  -2.5999999999999996       -1.7999999999999998        4.5399929762485010E-005
  -2.5999999999999996       -1.6999999999999997        6.4425567034355648E-005
  -2.5999999999999996       -1.5999999999999996        8.9613910402995501E-005
  -2.5999999999999996       -1.5000000000000000        1.2218185601903472E-004
  -2.5999999999999996       -1.3999999999999999        1.6328719092180863E-004
  -2.5999999999999996       -1.2999999999999998        2.1390041536766186E-004
  -2.5999999999999996       -1.1999999999999997        2.7465356997214302E-004
  -2.5999999999999996       -1.0999999999999996        3.4567898589410586E-004
  -2.5999999999999996       -1.0000000000000000        4.2645658068565459E-004
  -2.5999999999999996      -0.89999999999999947        5.1569244861241566E-004
  -2.5999999999999996      -0.79999999999999982        6.1125276112957393E-004
  -2.5999999999999996      -0.70000000000000018        7.1017438884255033E-004
  -2.5999999999999996      -0.59999999999999964        8.0876675112411358E-004
  -2.5999999999999996      -0.50000000000000000        9.0280858839611520E-004
  -2.5999999999999996      -0.39999999999999947        9.8782994053123207E-004
  -2.5999999999999996      -0.29999999999999982        1.0594556929076119E-003
  -2.5999999999999996      -0.19999999999999929        1.1137751478448052E-003
  -2.5999999999999996       -9.9999999999999645E-002   1.1476946509014283E-003
  -2.5999999999999996        0.0000000000000000        1.1592291739045935E-003
  -2.5999999999999996       0.10000000000000053        1.1476946509014283E-003
  -2.5999999999999996       0.20000000000000018        1.1137751478448052E-003
  -2.5999999999999996       0.30000000000000071        1.0594556929076110E-003
  -2.5999999999999996       0.40000000000000036        9.8782994053123120E-004
  -2.5999999999999996       0.50000000000000000        9.0280858839611520E-004
  -2.5999999999999996       0.60000000000000053        8.0876675112411282E-004
  -2.5999999999999996       0.70000000000000018        7.1017438884255033E-004
  -2.5999999999999996       0.80000000000000071        6.1125276112957284E-004
  -2.5999999999999996       0.90000000000000036        5.1569244861241468E-004
  -2.5999999999999996        1.0000000000000000        4.2645658068565459E-004
  -2.5999999999999996        1.1000000000000005        3.4567898589410527E-004
  -2.5999999999999996        1.2000000000000002        2.7465356997214254E-004
  -2.5999999999999996        1.3000000000000007        2.1390041536766149E-004
  -2.5999999999999996        1.4000000000000004        1.6328719092180836E-004
  -2.5999999999999996        1.5000000000000000        1.2218185601903472E-004
  -2.5999999999999996        1.6000000000000005        8.9613910402995176E-005
  -2.5999999999999996        1.7000000000000002        6.4425567034355526E-005
  -2.5999999999999996        1.8000000000000007        4.5399929762484854E-005
  -2.5999999999999996        1.9000000000000004        3.1359290095472915E-005
  -2.5999999999999996        2.0000000000000000        2.1232022938522171E-005
  -2.5999999999999996        2.1000000000000005        1.4090637334050282E-005
  -2.5999999999999996        2.2000000000000002        9.1660877362476341E-006
  -2.5999999999999996        2.3000000000000007        5.8445555808665665E-006
  -2.5999999999999996        2.4000000000000004        3.6528604951459262E-006
  -2.5999999999999996        2.5000000000000000        2.2378387535999529E-006
  -2.5999999999999996        2.6000000000000005        1.3438122776315214E-006
  -2.5999999999999996        2.7000000000000002        7.9097458492870360E-007
  -2.5999999999999996        2.8000000000000007        4.5635263679039859E-007
  -2.5999999999999996        2.9000000000000004        2.5807902512258108E-007
  -2.5999999999999996        3.0000000000000000        1.4306024524312927E-007
  -2.5999999999999996        3.0999999999999996        7.7731908582865402E-008
  -2.5999999999999996        3.2000000000000011        4.1399377187851371E-008
  -2.5999999999999996        3.3000000000000007        2.1612370021454267E-008
  -2.5999999999999996        3.4000000000000004        1.1059235126274890E-008
  -2.5999999999999996        3.5000000000000000        5.5470476815142135E-009
  -2.5999999999999996        3.5999999999999996        2.7271738056557703E-009
  -2.5999999999999996        3.7000000000000011        1.3142495744840115E-009
  -2.5999999999999996        3.8000000000000007        6.2080754094036017E-010
  -2.5999999999999996        3.9000000000000004        2.8744200436154569E-010
  -2.5999999999999996        4.0000000000000000        1.3045405762501584E-010
  -2.5999999999999996        4.0999999999999996        5.8033539806000750E-011
  -2.5999999999999996        4.2000000000000011        2.5305483615118827E-011
  -2.5999999999999996        4.3000000000000007        1.0815941557285654E-011
  -2.5999999999999996        4.4000000000000004        4.5313554719967576E-012
  -2.5999999999999996        4.5000000000000000        1.8608271923412937E-012
  -2.5999999999999996        4.6000000000000014        7.4902802165785798E-013
  -2.5999999999999996        4.7000000000000011        2.9553178511740901E-013
  -2.5999999999999996        4.8000000000000007        1.1429426503964297E-013
  -2.5999999999999996        4.9000000000000004        4.3327017229022992E-014
  -2.5999999999999996        5.0000000000000000        1.6099309693815608E-014

  -2.5000000000000000       -5.0000000000000000        2.6810038677818034E-014
  -2.5000000000000000       -4.9000000000000004        7.2152100294760554E-014
  -2.5000000000000000       -4.7999999999999998        1.9033323320332987E-013
  -2.5000000000000000       -4.7000000000000002        4.9214647958266346E-013
  -2.5000000000000000       -4.5999999999999996        1.2473497692345873E-012
  -2.5000000000000000       -4.5000000000000000        3.0988191387218256E-012
  -2.5000000000000000       -4.4000000000000004        7.5460263686860450E-012
  -2.5000000000000000       -4.2999999999999998        1.8011692240397190E-011
  -2.5000000000000000       -4.2000000000000002        4.2140999048104990E-011
  -2.5000000000000000       -4.0999999999999996        9.6642742850474453E-011
  -2.5000000000000000       -4.0000000000000000        2.1724399350790171E-010
  -2.5000000000000000       -3.8999999999999999        4.7867463892087812E-010
  -2.5000000000000000       -3.7999999999999998        1.0338253316839950E-009
  -2.5000000000000000       -3.7000000000000002        2.1886082443496134E-009
  -2.5000000000000000       -3.5999999999999996        4.5415385256456086E-009
  -2.5000000000000000       -3.5000000000000000        9.2374496619705944E-009
  -2.5000000000000000       -3.3999999999999999        1.8416846878621859E-008
  -2.5000000000000000       -3.2999999999999998        3.5990889498640278E-008
  -2.5000000000000000       -3.2000000000000002        6.8942018307172828E-008
  -2.5000000000000000       -3.0999999999999996        1.2944626292938430E-007
  -2.5000000000000000       -3.0000000000000000        2.3823696675018180E-007
  -2.5000000000000000       -2.8999999999999999        4.2977672813685232E-007
  -2.5000000000000000       -2.7999999999999998        7.5996002783739009E-007
  -2.5000000000000000       -2.6999999999999997        1.3172030117077469E-006
  -2.5000000000000000       -2.5999999999999996        2.2378387535999529E-006
  -2.5000000000000000       -2.5000000000000000        3.7266531720786709E-006
  -2.5000000000000000       -2.3999999999999999        6.0830764189321801E-006
  -2.5000000000000000       -2.2999999999999998        9.7328869471889483E-006
  -2.5000000000000000       -2.1999999999999997        1.5264205199274627E-005
  -2.5000000000000000       -2.0999999999999996        2.3465014283569749E-005
  -2.5000000000000000       -2.0000000000000000        3.5357500850409981E-005
  -2.5000000000000000       -1.8999999999999999        5.2222349675744776E-005
  -2.5000000000000000       -1.7999999999999998        7.5604103284627829E-005
  -2.5000000000000000       -1.6999999999999997        1.0728732951170819E-004
  -2.5000000000000000       -1.5999999999999996        1.4923325593877766E-004
  -2.5000000000000000       -1.5000000000000000        2.0346836901064417E-004
  -2.5000000000000000       -1.3999999999999999        2.7192072128953525E-004
  -2.5000000000000000       -1.2999999999999998        3.5620647830703436E-004
  -2.5000000000000000       -1.1999999999999997        4.5737817173506273E-004
  -2.5000000000000000       -1.0999999999999996        5.7565617148727666E-004
  -2.5000000000000000       -1.0000000000000000        7.1017438884254903E-004
  -2.5000000000000000      -0.89999999999999947        8.5877809397433801E-004
  -2.5000000000000000      -0.79999999999999982        1.0179138409954387E-003
  -2.5000000000000000      -0.70000000000000018        1.1826471566155727E-003
  -2.5000000000000000      -0.59999999999999964        1.3468321494119746E-003
  -2.5000000000000000      -0.50000000000000000        1.5034391929775724E-003
  -2.5000000000000000      -0.39999999999999947        1.6450245020705760E-003
  -2.5000000000000000      -0.29999999999999982        1.7643022368343355E-003
  -2.5000000000000000      -0.19999999999999929        1.8547599468555032E-003
  -2.5000000000000000       -9.9999999999999645E-002   1.9112457966326377E-003
  -2.5000000000000000        0.0000000000000000        1.9304541362277093E-003
  -2.5000000000000000       0.10000000000000053        1.9112457966326377E-003
  -2.5000000000000000       0.20000000000000018        1.8547599468555032E-003
  -2.5000000000000000       0.30000000000000071        1.7643022368343340E-003
  -2.5000000000000000       0.40000000000000036        1.6450245020705747E-003
  -2.5000000000000000       0.50000000000000000        1.5034391929775724E-003
  -2.5000000000000000       0.60000000000000053        1.3468321494119735E-003
  -2.5000000000000000       0.70000000000000018        1.1826471566155727E-003
  -2.5000000000000000       0.80000000000000071        1.0179138409954368E-003
  -2.5000000000000000       0.90000000000000036        8.5877809397433649E-004
  -2.5000000000000000        1.0000000000000000        7.1017438884254903E-004
  -2.5000000000000000        1.1000000000000005        5.7565617148727557E-004
  -2.5000000000000000        1.2000000000000002        4.5737817173506230E-004
  -2.5000000000000000        1.3000000000000007        3.5620647830703338E-004
  -2.5000000000000000        1.4000000000000004        2.7192072128953476E-004
  -2.5000000000000000        1.5000000000000000        2.0346836901064417E-004
  -2.5000000000000000        1.6000000000000005        1.4923325593877714E-004
  -2.5000000000000000        1.7000000000000002        1.0728732951170800E-004
  -2.5000000000000000        1.8000000000000007        7.5604103284627558E-005
  -2.5000000000000000        1.9000000000000004        5.2222349675744681E-005
  -2.5000000000000000        2.0000000000000000        3.5357500850409981E-005
  -2.5000000000000000        2.1000000000000005        2.3465014283569664E-005
  -2.5000000000000000        2.2000000000000002        1.5264205199274627E-005
  -2.5000000000000000        2.3000000000000007        9.7328869471889144E-006
  -2.5000000000000000        2.4000000000000004        6.0830764189321691E-006
  -2.5000000000000000        2.5000000000000000        3.7266531720786709E-006
  -2.5000000000000000        2.6000000000000005        2.2378387535999448E-006
  -2.5000000000000000        2.7000000000000002        1.3172030117077446E-006
  -2.5000000000000000        2.8000000000000007        7.5996002783738734E-007
  -2.5000000000000000        2.9000000000000004        4.2977672813685158E-007
  -2.5000000000000000        3.0000000000000000        2.3823696675018180E-007
  -2.5000000000000000        3.0999999999999996        1.2944626292938430E-007
  -2.5000000000000000        3.2000000000000011        6.8942018307172338E-008
  -2.5000000000000000        3.3000000000000007        3.5990889498640152E-008
  -2.5000000000000000        3.4000000000000004        1.8416846878621793E-008
  -2.5000000000000000        3.5000000000000000        9.2374496619705944E-009
  -2.5000000000000000        3.5999999999999996        4.5415385256456086E-009
  -2.5000000000000000        3.7000000000000011        2.1886082443495981E-009
  -2.5000000000000000        3.8000000000000007        1.0338253316839875E-009
  -2.5000000000000000        3.9000000000000004        4.7867463892087812E-010
  -2.5000000000000000        4.0000000000000000        2.1724399350790171E-010
  -2.5000000000000000        4.0999999999999996        9.6642742850474453E-011
  -2.5000000000000000        4.2000000000000011        4.2140999048104693E-011
  -2.5000000000000000        4.3000000000000007        1.8011692240397060E-011
  -2.5000000000000000        4.4000000000000004        7.5460263686860450E-012
  -2.5000000000000000        4.5000000000000000        3.0988191387218256E-012
  -2.5000000000000000        4.6000000000000014        1.2473497692345651E-012
  -2.5000000000000000        4.7000000000000011        4.9214647958265992E-013
  -2.5000000000000000        4.8000000000000007        1.9033323320332851E-013
  -2.5000000000000000        4.9000000000000004        7.2152100294760554E-014
  -2.5000000000000000        5.0000000000000000        2.6810038677818034E-014

  -2.3999999999999999       -5.0000000000000000        4.3762460991433526E-014
  -2.3999999999999999       -4.9000000000000004        1.1777504361498518E-013
  -2.3999999999999999       -4.7999999999999998        3.1068402375434566E-013
  -2.3999999999999999       -4.7000000000000002        8.0333868121672197E-013
  -2.3999999999999999       -4.5999999999999996        2.0360692602792198E-012
  -2.3999999999999999       -4.5000000000000000        5.0582527428438030E-012
  -2.3999999999999999       -4.4000000000000004        1.2317501237817201E-011
  -2.3999999999999999       -4.2999999999999998        2.9400777392844726E-011
  -2.3999999999999999       -4.2000000000000002        6.8787436271346101E-011
  -2.3999999999999999       -4.0999999999999996        1.5775151669580595E-010
  -2.3999999999999999       -4.0000000000000000        3.5461089429082971E-010
  -2.3999999999999999       -3.8999999999999999        7.8134837719183516E-010
  -2.3999999999999999       -3.7999999999999998        1.6875298575085319E-009
  -2.3999999999999999       -3.7000000000000002        3.5725007363799340E-009
  -2.3999999999999999       -3.5999999999999996        7.4132269989635538E-009
  -2.3999999999999999       -3.5000000000000000        1.5078438914255965E-008
  -2.3999999999999999       -3.3999999999999999        3.0062117880409006E-008
  -2.3999999999999999       -3.2999999999999998        5.8748512699252362E-008
  -2.3999999999999999       -3.2000000000000002        1.1253517471925912E-007
  -2.3999999999999999       -3.0999999999999996        2.1129723459224270E-007
  -2.3999999999999999       -3.0000000000000000        3.8887806501929212E-007
  -2.3999999999999999       -2.8999999999999999        7.0153152429713744E-007
  -2.3999999999999999       -2.7999999999999998        1.2404950799567155E-006
  -2.3999999999999999       -2.6999999999999997        2.1500918409846347E-006
  -2.3999999999999999       -2.5999999999999996        3.6528604951459325E-006
  -2.3999999999999999       -2.5000000000000000        6.0830764189321801E-006
  -2.3999999999999999       -2.3999999999999999        9.9295043058510811E-006
  -2.3999999999999999       -2.2999999999999998        1.5887149230888516E-005
  -2.3999999999999999       -2.1999999999999997        2.4916009731503248E-005
  -2.3999999999999999       -2.0999999999999996        3.8302323416555554E-005
  -2.3999999999999999       -2.0000000000000000        5.7714622135210329E-005
  -2.3999999999999999       -1.8999999999999999        8.5243388419899743E-005
  -2.3999999999999999       -1.7999999999999998        1.2340980408667956E-004
  -2.3999999999999999       -1.6999999999999997        1.7512684815765875E-004
  -2.3999999999999999       -1.5999999999999996        2.4359586422561922E-004
  -2.3999999999999999       -1.5000000000000000        3.3212471898394095E-004
  -2.3999999999999999       -1.3999999999999999        4.4386060390287402E-004
  -2.3999999999999999       -1.2999999999999998        5.8144161219375612E-004
  -2.3999999999999999       -1.1999999999999997        7.4658580837667985E-004
  -2.3999999999999999       -1.0999999999999996        9.3965290583609702E-004
  -2.3999999999999999       -1.0000000000000000        1.1592291739045914E-003
  -2.3999999999999999      -0.89999999999999947        1.4017974121366770E-003
  -2.3999999999999999      -0.79999999999999982        1.6615572731739354E-003
  -2.3999999999999999      -0.70000000000000018        1.9304541362277093E-003
  -2.3999999999999999      -0.59999999999999964        2.1984559630425331E-003
  -2.3999999999999999      -0.50000000000000000        2.4540881804139170E-003
  -2.3999999999999999      -0.39999999999999947        2.6852001769538227E-003
  -2.3999999999999999      -0.29999999999999982        2.8798991580882430E-003
  -2.3999999999999999      -0.19999999999999929        3.0275547453758153E-003
  -2.3999999999999999       -9.9999999999999645E-002   3.1197575141649948E-003
  -2.3999999999999999        0.0000000000000000        3.1511115984444414E-003
  -2.3999999999999999       0.10000000000000053        3.1197575141649948E-003
  -2.3999999999999999       0.20000000000000018        3.0275547453758153E-003
  -2.3999999999999999       0.30000000000000071        2.8798991580882404E-003
  -2.3999999999999999       0.40000000000000036        2.6852001769538205E-003
  -2.3999999999999999       0.50000000000000000        2.4540881804139170E-003
  -2.3999999999999999       0.60000000000000053        2.1984559630425313E-003
  -2.3999999999999999       0.70000000000000018        1.9304541362277093E-003
  -2.3999999999999999       0.80000000000000071        1.6615572731739324E-003
  -2.3999999999999999       0.90000000000000036        1.4017974121366744E-003
  -2.3999999999999999        1.0000000000000000        1.1592291739045914E-003
  -2.3999999999999999        1.1000000000000005        9.3965290583609528E-004
  -2.3999999999999999        1.2000000000000002        7.4658580837667920E-004
  -2.3999999999999999        1.3000000000000007        5.8144161219375460E-004
  -2.3999999999999999        1.4000000000000004        4.4386060390287364E-004
  -2.3999999999999999        1.5000000000000000        3.3212471898394095E-004
  -2.3999999999999999        1.6000000000000005        2.4359586422561836E-004
  -2.3999999999999999        1.7000000000000002        1.7512684815765842E-004
  -2.3999999999999999        1.8000000000000007        1.2340980408667932E-004
  -2.3999999999999999        1.9000000000000004        8.5243388419899594E-005
  -2.3999999999999999        2.0000000000000000        5.7714622135210329E-005
  -2.3999999999999999        2.1000000000000005        3.8302323416555418E-005
  -2.3999999999999999        2.2000000000000002        2.4916009731503160E-005
  -2.3999999999999999        2.3000000000000007        1.5887149230888432E-005
  -2.3999999999999999        2.4000000000000004        9.9295043058510642E-006
  -2.3999999999999999        2.5000000000000000        6.0830764189321801E-006
  -2.3999999999999999        2.6000000000000005        3.6528604951459130E-006
  -2.3999999999999999        2.7000000000000002        2.1500918409846271E-006
  -2.3999999999999999        2.8000000000000007        1.2404950799567068E-006
  -2.3999999999999999        2.9000000000000004        7.0153152429713628E-007
  -2.3999999999999999        3.0000000000000000        3.8887806501929212E-007
  -2.3999999999999999        3.0999999999999996        2.1129723459224270E-007
  -2.3999999999999999        3.2000000000000011        1.1253517471925831E-007
  -2.3999999999999999        3.3000000000000007        5.8748512699251945E-008
  -2.3999999999999999        3.4000000000000004        3.0062117880409006E-008
  -2.3999999999999999        3.5000000000000000        1.5078438914255965E-008
  -2.3999999999999999        3.5999999999999996        7.4132269989635538E-009
  -2.3999999999999999        3.7000000000000011        3.5725007363799084E-009
  -2.3999999999999999        3.8000000000000007        1.6875298575085259E-009
  -2.3999999999999999        3.9000000000000004        7.8134837719183247E-010
  -2.3999999999999999        4.0000000000000000        3.5461089429082971E-010
  -2.3999999999999999        4.0999999999999996        1.5775151669580595E-010
  -2.3999999999999999        4.2000000000000011        6.8787436271345610E-011
  -2.3999999999999999        4.3000000000000007        2.9400777392844519E-011
  -2.3999999999999999        4.4000000000000004        1.2317501237817201E-011
  -2.3999999999999999        4.5000000000000000        5.0582527428438030E-012
  -2.3999999999999999        4.6000000000000014        2.0360692602791762E-012
  -2.3999999999999999        4.7000000000000011        8.0333868121671621E-013
  -2.3999999999999999        4.8000000000000007        3.1068402375434344E-013
  -2.3999999999999999        4.9000000000000004        1.1777504361498518E-013
  -2.3999999999999999        5.0000000000000000        4.3762460991433526E-014

  -2.2999999999999998       -5.0000000000000000        7.0019683467194794E-014
  -2.2999999999999998       -4.9000000000000004        1.8843938588989741E-013
  -2.2999999999999998       -4.7999999999999998        4.9709263393235685E-013
  -2.2999999999999998       -4.7000000000000002        1.2853372251336457E-012
  -2.2999999999999998       -4.5999999999999996        3.2576989934351138E-012
  -2.2999999999999998       -4.5000000000000000        8.0931750163758614E-012
  -2.2999999999999998       -4.4000000000000004        1.9707930455455216E-011
  -2.2999999999999998       -4.2999999999999998        4.7041073104627916E-011
  -2.2999999999999998       -4.2000000000000002        1.1005949860046287E-010
  -2.2999999999999998       -4.0999999999999996        2.5240151068452156E-010
  -2.2999999999999998       -4.0000000000000000        5.6737537171694200E-010
  -2.2999999999999998       -3.8999999999999999        1.2501528663867426E-009
  -2.2999999999999998       -3.7999999999999998        2.7000379728945771E-009
  -2.2999999999999998       -3.7000000000000002        5.7159804334726519E-009
  -2.2999999999999998       -3.5999999999999996        1.1861120151343871E-008
  -2.2999999999999998       -3.5000000000000000        2.4125414705592195E-008
  -2.2999999999999998       -3.3999999999999999        4.8099214044470303E-008
  -2.2999999999999998       -3.2999999999999998        9.3997279178960020E-008
  -2.2999999999999998       -3.2000000000000002        1.8005562608351546E-007
  -2.2999999999999998       -3.0999999999999996        3.3807434839047489E-007
  -2.2999999999999998       -3.0000000000000000        6.2220264590047089E-007
  -2.2999999999999998       -2.8999999999999999        1.1224463652343442E-006
  -2.2999999999999998       -2.7999999999999998        1.9847849246454476E-006
  -2.2999999999999998       -2.6999999999999997        3.4401344604594353E-006
  -2.2999999999999998       -2.5999999999999996        5.8445555808665868E-006
  -2.2999999999999998       -2.5000000000000000        9.7328869471889483E-006
  -2.2999999999999998       -2.3999999999999999        1.5887149230888516E-005
  -2.2999999999999998       -2.2999999999999998        2.5419346516199291E-005
  -2.2999999999999998       -2.1999999999999997        3.9865470888552393E-005
  -2.2999999999999998       -2.0999999999999996        6.1283495053222241E-005
  -2.2999999999999998       -2.0000000000000000        9.2343060280070710E-005
  -2.2999999999999998       -1.8999999999999999        1.3638892648201164E-004
  -2.2999999999999998       -1.7999999999999998        1.9745496992477980E-004
  -2.2999999999999998       -1.6999999999999997        2.8020194012871251E-004
  -2.2999999999999998       -1.5999999999999996        3.8975196825275551E-004
  -2.2999999999999998       -1.5000000000000000        5.3139762179825337E-004
  -2.2999999999999998       -1.3999999999999999        7.1017438884254968E-004
  -2.2999999999999998       -1.2999999999999998        9.3030320320495064E-004
  -2.2999999999999998       -1.1999999999999997        1.1945329581411774E-003
  -2.2999999999999998       -1.0999999999999996        1.5034391929775752E-003
  -2.2999999999999998       -1.0000000000000000        1.8547599468555049E-003
  -2.2999999999999998      -0.89999999999999947        2.2428677194858073E-003
  -2.2999999999999998      -0.79999999999999982        2.6584819887763697E-003
  -2.2999999999999998      -0.70000000000000018        3.0887154082367718E-003
  -2.2999999999999998      -0.59999999999999964        3.5175167749121349E-003
  -2.2999999999999998      -0.50000000000000000        3.9265268383056277E-003
  -2.2999999999999998      -0.39999999999999947        4.2963046907523476E-003
  -2.2999999999999998      -0.29999999999999982        4.6078219299927562E-003
  -2.2999999999999998      -0.19999999999999929        4.8440700122489716E-003
  -2.2999999999999998       -9.9999999999999645E-002   4.9915939069102213E-003
  -2.2999999999999998        0.0000000000000000        5.0417602596909833E-003
  -2.2999999999999998       0.10000000000000053        4.9915939069102213E-003
  -2.2999999999999998       0.20000000000000018        4.8440700122489716E-003
  -2.2999999999999998       0.30000000000000071        4.6078219299927519E-003
  -2.2999999999999998       0.40000000000000036        4.2963046907523433E-003
  -2.2999999999999998       0.50000000000000000        3.9265268383056277E-003
  -2.2999999999999998       0.60000000000000053        3.5175167749121315E-003
  -2.2999999999999998       0.70000000000000018        3.0887154082367718E-003
  -2.2999999999999998       0.80000000000000071        2.6584819887763649E-003
  -2.2999999999999998       0.90000000000000036        2.2428677194858034E-003
  -2.2999999999999998        1.0000000000000000        1.8547599468555049E-003
  -2.2999999999999998        1.1000000000000005        1.5034391929775724E-003
  -2.2999999999999998        1.2000000000000002        1.1945329581411763E-003
  -2.2999999999999998        1.3000000000000007        9.3030320320494815E-004
  -2.2999999999999998        1.4000000000000004        7.1017438884254903E-004
  -2.2999999999999998        1.5000000000000000        5.3139762179825337E-004
  -2.2999999999999998        1.6000000000000005        3.8975196825275410E-004
  -2.2999999999999998        1.7000000000000002        2.8020194012871202E-004
  -2.2999999999999998        1.8000000000000007        1.9745496992477912E-004
  -2.2999999999999998        1.9000000000000004        1.3638892648201140E-004
  -2.2999999999999998        2.0000000000000000        9.2343060280070710E-005
  -2.2999999999999998        2.1000000000000005        6.1283495053222024E-005
  -2.2999999999999998        2.2000000000000002        3.9865470888552393E-005
  -2.2999999999999998        2.3000000000000007        2.5419346516199203E-005
  -2.2999999999999998        2.4000000000000004        1.5887149230888489E-005
  -2.2999999999999998        2.5000000000000000        9.7328869471889483E-006
  -2.2999999999999998        2.6000000000000005        5.8445555808665665E-006
  -2.2999999999999998        2.7000000000000002        3.4401344604594294E-006
  -2.2999999999999998        2.8000000000000007        1.9847849246454408E-006
  -2.2999999999999998        2.9000000000000004        1.1224463652343422E-006
  -2.2999999999999998        3.0000000000000000        6.2220264590047089E-007
  -2.2999999999999998        3.0999999999999996        3.3807434839047489E-007
  -2.2999999999999998        3.2000000000000011        1.8005562608351448E-007
  -2.2999999999999998        3.3000000000000007        9.3997279178959689E-008
  -2.2999999999999998        3.4000000000000004        4.8099214044470131E-008
  -2.2999999999999998        3.5000000000000000        2.4125414705592195E-008
  -2.2999999999999998        3.5999999999999996        1.1861120151343871E-008
  -2.2999999999999998        3.7000000000000011        5.7159804334726113E-009
  -2.2999999999999998        3.8000000000000007        2.7000379728945576E-009
  -2.2999999999999998        3.9000000000000004        1.2501528663867426E-009
  -2.2999999999999998        4.0000000000000000        5.6737537171694200E-010
  -2.2999999999999998        4.0999999999999996        2.5240151068452156E-010
  -2.2999999999999998        4.2000000000000011        1.1005949860046208E-010
  -2.2999999999999998        4.3000000000000007        4.7041073104627580E-011
  -2.2999999999999998        4.4000000000000004        1.9707930455455216E-011
  -2.2999999999999998        4.5000000000000000        8.0931750163758614E-012
  -2.2999999999999998        4.6000000000000014        3.2576989934350560E-012
  -2.2999999999999998        4.7000000000000011        1.2853372251336366E-012
  -2.2999999999999998        4.8000000000000007        4.9709263393235332E-013
  -2.2999999999999998        4.9000000000000004        1.8843938588989741E-013
  -2.2999999999999998        5.0000000000000000        7.0019683467194794E-014

  -2.1999999999999997       -5.0000000000000000        1.0981272280576603E-013
  -2.1999999999999997       -4.9000000000000004        2.9553178511741007E-013
  -2.1999999999999997       -4.7999999999999998        7.7959643511351849E-013
  -2.1999999999999997       -4.7000000000000002        2.0158100326412155E-012
  -2.1999999999999997       -4.5999999999999996        5.1090890280633429E-012
  -2.1999999999999997       -4.5000000000000000        1.2692624997486851E-011
  -2.1999999999999997       -4.4000000000000004        3.0908187484083207E-011
  -2.1999999999999997       -4.2999999999999998        7.3775088168521749E-011
  -2.1999999999999997       -4.2000000000000002        1.7260765278404397E-010
  -2.1999999999999997       -4.0999999999999996        3.9584436484266193E-010
  -2.1999999999999997       -4.0000000000000000        8.8982170921069361E-010
  -2.1999999999999997       -3.8999999999999999        1.9606299740797968E-009
  -2.1999999999999997       -3.7999999999999998        4.2345024541767358E-009
  -2.1999999999999997       -3.7000000000000002        8.9644417658385295E-009
  -2.1999999999999997       -3.5999999999999996        1.8601939266915577E-008
  -2.1999999999999997       -3.5000000000000000        3.7836181862783926E-008
  -2.1999999999999997       -3.3999999999999999        7.5434583498442582E-008
  -2.1999999999999997       -3.2999999999999998        1.4741707833928476E-007
  -2.1999999999999997       -3.2000000000000002        2.8238343245283856E-007
  -2.1999999999999997       -3.0999999999999996        5.3020612018243098E-007
  -2.1999999999999997       -3.0000000000000000        9.7580799140993231E-007
  -2.1999999999999997       -2.8999999999999999        1.7603463121561693E-006
  -2.1999999999999997       -2.7999999999999998        3.1127623828986454E-006
  -2.1999999999999997       -2.6999999999999997        5.3952047940631851E-006
  -2.1999999999999997       -2.5999999999999996        9.1660877362476341E-006
  -2.1999999999999997       -2.5000000000000000        1.5264205199274627E-005
  -2.1999999999999997       -2.3999999999999999        2.4916009731503248E-005
  -2.1999999999999997       -2.2999999999999998        3.9865470888552393E-005
  -2.1999999999999997       -2.1999999999999997        6.2521503774820369E-005
  -2.1999999999999997       -2.0999999999999996        9.6111652061395034E-005
  -2.1999999999999997       -2.0000000000000000        1.4482274668268800E-004
  -2.1999999999999997       -1.8999999999999999        2.1390041536766149E-004
  -2.1999999999999997       -1.7999999999999998        3.0967103541862677E-004
  -2.1999999999999997       -1.6999999999999997        4.3944411710184628E-004
  -2.1999999999999997       -1.5999999999999996        6.1125276112957393E-004
  -2.1999999999999997       -1.5000000000000000        8.3339736560669709E-004
  -2.1999999999999997       -1.3999999999999999        1.1137751478448043E-003
  -2.1999999999999997       -1.2999999999999998        1.4590058497868611E-003
  -2.1999999999999997       -1.1999999999999997        1.8734005942224266E-003
  -2.1999999999999997       -1.0999999999999996        2.3578620064902368E-003
  -2.1999999999999997       -1.0000000000000000        2.9088426258125867E-003
  -2.1999999999999997      -0.89999999999999947        3.5175167749121380E-003
  -2.1999999999999997      -0.79999999999999982        4.1693296979041193E-003
  -2.1999999999999997      -0.70000000000000018        4.8440700122489716E-003
  -2.1999999999999997      -0.59999999999999964        5.5165644207607811E-003
  -2.1999999999999997      -0.50000000000000000        6.1580198871689024E-003
  -2.1999999999999997      -0.39999999999999947        6.7379469990854791E-003
  -2.1999999999999997      -0.29999999999999982        7.2265032813764686E-003
  -2.1999999999999997      -0.19999999999999929        7.5970140275775739E-003
  -2.1999999999999997       -9.9999999999999645E-002   7.8283775492257804E-003
  -2.1999999999999997        0.0000000000000000        7.9070540515934484E-003
  -2.1999999999999997       0.10000000000000053        7.8283775492257804E-003
  -2.1999999999999997       0.20000000000000018        7.5970140275775739E-003
  -2.1999999999999997       0.30000000000000071        7.2265032813764625E-003
  -2.1999999999999997       0.40000000000000036        6.7379469990854731E-003
  -2.1999999999999997       0.50000000000000000        6.1580198871689024E-003
  -2.1999999999999997       0.60000000000000053        5.5165644207607768E-003
  -2.1999999999999997       0.70000000000000018        4.8440700122489716E-003
  -2.1999999999999997       0.80000000000000071        4.1693296979041115E-003
  -2.1999999999999997       0.90000000000000036        3.5175167749121315E-003
  -2.1999999999999997        1.0000000000000000        2.9088426258125867E-003
  -2.1999999999999997        1.1000000000000005        2.3578620064902329E-003
  -2.1999999999999997        1.2000000000000002        1.8734005942224251E-003
  -2.1999999999999997        1.3000000000000007        1.4590058497868572E-003
  -2.1999999999999997        1.4000000000000004        1.1137751478448032E-003
  -2.1999999999999997        1.5000000000000000        8.3339736560669709E-004
  -2.1999999999999997        1.6000000000000005        6.1125276112957230E-004
  -2.1999999999999997        1.7000000000000002        4.3944411710184584E-004
  -2.1999999999999997        1.8000000000000007        3.0967103541862563E-004
  -2.1999999999999997        1.9000000000000004        2.1390041536766149E-004
  -2.1999999999999997        2.0000000000000000        1.4482274668268800E-004
  -2.1999999999999997        2.1000000000000005        9.6111652061394695E-005
  -2.1999999999999997        2.2000000000000002        6.2521503774820260E-005
  -2.1999999999999997        2.3000000000000007        3.9865470888552250E-005
  -2.1999999999999997        2.4000000000000004        2.4916009731503160E-005
  -2.1999999999999997        2.5000000000000000        1.5264205199274627E-005
  -2.1999999999999997        2.6000000000000005        9.1660877362476019E-006
  -2.1999999999999997        2.7000000000000002        5.3952047940631758E-006
  -2.1999999999999997        2.8000000000000007        3.1127623828986289E-006
  -2.1999999999999997        2.9000000000000004        1.7603463121561693E-006
  -2.1999999999999997        3.0000000000000000        9.7580799140993231E-007
  -2.1999999999999997        3.0999999999999996        5.3020612018243098E-007
  -2.1999999999999997        3.2000000000000011        2.8238343245283755E-007
  -2.1999999999999997        3.3000000000000007        1.4741707833928370E-007
  -2.1999999999999997        3.4000000000000004        7.5434583498442318E-008
  -2.1999999999999997        3.5000000000000000        3.7836181862783926E-008
  -2.1999999999999997        3.5999999999999996        1.8601939266915577E-008
  -2.1999999999999997        3.7000000000000011        8.9644417658384667E-009
  -2.1999999999999997        3.8000000000000007        4.2345024541767060E-009
  -2.1999999999999997        3.9000000000000004        1.9606299740797898E-009
  -2.1999999999999997        4.0000000000000000        8.8982170921069361E-010
  -2.1999999999999997        4.0999999999999996        3.9584436484266193E-010
  -2.1999999999999997        4.2000000000000011        1.7260765278404273E-010
  -2.1999999999999997        4.3000000000000007        7.3775088168521232E-011
  -2.1999999999999997        4.4000000000000004        3.0908187484083207E-011
  -2.1999999999999997        4.5000000000000000        1.2692624997486851E-011
  -2.1999999999999997        4.6000000000000014        5.1090890280632524E-012
  -2.1999999999999997        4.7000000000000011        2.0158100326412014E-012
  -2.1999999999999997        4.8000000000000007        7.7959643511351294E-013
  -2.1999999999999997        4.9000000000000004        2.9553178511741007E-013
  -2.1999999999999997        5.0000000000000000        1.0981272280576603E-013

  -2.0999999999999996       -5.0000000000000000        1.6881043431448633E-013
  -2.0999999999999996       -4.9000000000000004        4.5430846011939412E-013
  -2.0999999999999996       -4.7999999999999998        1.1984404852096798E-012
  -2.0999999999999996       -4.7000000000000002        3.0988191387218256E-012
  -2.0999999999999996       -4.5999999999999996        7.8539855468683758E-012
  -2.0999999999999996       -4.5000000000000000        1.9511833270963712E-011
  -2.0999999999999996       -4.4000000000000004        4.7513843749147723E-011
  -2.0999999999999996       -4.2999999999999998        1.1341130933749783E-010
  -2.0999999999999996       -4.2000000000000002        2.6534241286428189E-010
  -2.0999999999999996       -4.0999999999999996        6.0851472800857268E-010
  -2.0999999999999996       -4.0000000000000000        1.3678851171007343E-009
  -2.0999999999999996       -3.8999999999999999        3.0139931785484390E-009
  -2.0999999999999996       -3.7999999999999998        6.5095207561668477E-009
  -2.0999999999999996       -3.7000000000000002        1.3780655548945718E-008
  -2.0999999999999996       -3.5999999999999996        2.8595971090654165E-008
  -2.0999999999999996       -3.5000000000000000        5.8163955230905806E-008
  -2.0999999999999996       -3.3999999999999999        1.1596238101871208E-007
  -2.0999999999999996       -3.2999999999999998        2.2661801277657181E-007
  -2.0999999999999996       -3.2000000000000002        4.3409605606351465E-007
  -2.0999999999999996       -3.0999999999999996        8.1506334728178612E-007
  -2.0999999999999996       -3.0000000000000000        1.5000681763334576E-006
  -2.0999999999999996       -2.8999999999999999        2.7061056124125468E-006
  -2.0999999999999996       -2.7999999999999998        4.7851173921290257E-006
  -2.0999999999999996       -2.6999999999999997        8.2938191607574009E-006
  -2.0999999999999996       -2.5999999999999996        1.4090637334050331E-005
  -2.0999999999999996       -2.5000000000000000        2.3465014283569749E-005
  -2.0999999999999996       -2.3999999999999999        3.8302323416555554E-005
  -2.0999999999999996       -2.2999999999999998        6.1283495053222241E-005
  -2.0999999999999996       -2.1999999999999997        9.6111652061395034E-005
  -2.0999999999999996       -2.0999999999999996        1.4774836023203415E-004
  -2.0999999999999996       -2.0000000000000000        2.2262985691888938E-004
  -2.0999999999999996       -1.8999999999999999        3.2882002281404055E-004
  -2.0999999999999996       -1.7999999999999998        4.7604412902227058E-004
  -2.0999999999999996       -1.6999999999999997        6.7553877519384612E-004
  -2.0999999999999996       -1.5999999999999996        9.3965290583609864E-004
  -2.0999999999999996       -1.5000000000000000        1.2811463703842137E-003
  -2.0999999999999996       -1.3999999999999999        1.7121592255655259E-003
  -2.0999999999999996       -1.2999999999999998        2.2428677194858073E-003
  -2.0999999999999996       -1.1999999999999997        2.8798991580882482E-003
  -2.0999999999999996       -1.0999999999999996        3.6246411089657657E-003
  -2.0999999999999996       -1.0000000000000000        4.4716402113483397E-003
  -2.0999999999999996      -0.89999999999999947        5.4073291264409738E-003
  -2.0999999999999996      -0.79999999999999982        6.4093334462563944E-003
  -2.0999999999999996      -0.70000000000000018        7.4465830709243511E-003
  -2.0999999999999996      -0.59999999999999964        8.4803801599532824E-003
  -2.0999999999999996      -0.50000000000000000        9.4664624017103405E-003
  -2.0999999999999996      -0.39999999999999947        1.0357959717613724E-002
  -2.0999999999999996      -0.29999999999999982        1.1108996538242327E-002
  -2.0999999999999996      -0.19999999999999929        1.1678566970395463E-002
  -2.0999999999999996       -9.9999999999999645E-002   1.2034232284723795E-002
  -2.0999999999999996        0.0000000000000000        1.2155178329914957E-002
  -2.0999999999999996       0.10000000000000053        1.2034232284723795E-002
  -2.0999999999999996       0.20000000000000018        1.1678566970395463E-002
  -2.0999999999999996       0.30000000000000071        1.1108996538242316E-002
  -2.0999999999999996       0.40000000000000036        1.0357959717613715E-002
  -2.0999999999999996       0.50000000000000000        9.4664624017103405E-003
  -2.0999999999999996       0.60000000000000053        8.4803801599532755E-003
  -2.0999999999999996       0.70000000000000018        7.4465830709243511E-003
  -2.0999999999999996       0.80000000000000071        6.4093334462563831E-003
  -2.0999999999999996       0.90000000000000036        5.4073291264409643E-003
  -2.0999999999999996        1.0000000000000000        4.4716402113483397E-003
  -2.0999999999999996        1.1000000000000005        3.6246411089657592E-003
  -2.0999999999999996        1.2000000000000002        2.8798991580882456E-003
  -2.0999999999999996        1.3000000000000007        2.2428677194858012E-003
  -2.0999999999999996        1.4000000000000004        1.7121592255655244E-003
  -2.0999999999999996        1.5000000000000000        1.2811463703842137E-003
  -2.0999999999999996        1.6000000000000005        9.3965290583609528E-004
  -2.0999999999999996        1.7000000000000002        6.7553877519384493E-004
  -2.0999999999999996        1.8000000000000007        4.7604412902226933E-004
  -2.0999999999999996        1.9000000000000004        3.2882002281403995E-004
  -2.0999999999999996        2.0000000000000000        2.2262985691888938E-004
  -2.0999999999999996        2.1000000000000005        1.4774836023203364E-004
  -2.0999999999999996        2.2000000000000002        9.6111652061394695E-005
  -2.0999999999999996        2.3000000000000007        6.1283495053221916E-005
  -2.0999999999999996        2.4000000000000004        3.8302323416555486E-005
  -2.0999999999999996        2.5000000000000000        2.3465014283569749E-005
  -2.0999999999999996        2.6000000000000005        1.4090637334050257E-005
  -2.0999999999999996        2.7000000000000002        8.2938191607573704E-006
  -2.0999999999999996        2.8000000000000007        4.7851173921289918E-006
  -2.0999999999999996        2.9000000000000004        2.7061056124125422E-006
  -2.0999999999999996        3.0000000000000000        1.5000681763334576E-006
  -2.0999999999999996        3.0999999999999996        8.1506334728178612E-007
  -2.0999999999999996        3.2000000000000011        4.3409605606351237E-007
  -2.0999999999999996        3.3000000000000007        2.2661801277657059E-007
  -2.0999999999999996        3.4000000000000004        1.1596238101871167E-007
  -2.0999999999999996        3.5000000000000000        5.8163955230905806E-008
  -2.0999999999999996        3.5999999999999996        2.8595971090654165E-008
  -2.0999999999999996        3.7000000000000011        1.3780655548945621E-008
  -2.0999999999999996        3.8000000000000007        6.5095207561668245E-009
  -2.0999999999999996        3.9000000000000004        3.0139931785484283E-009
  -2.0999999999999996        4.0000000000000000        1.3678851171007343E-009
  -2.0999999999999996        4.0999999999999996        6.0851472800857268E-010
  -2.0999999999999996        4.2000000000000011        2.6534241286428003E-010
  -2.0999999999999996        4.3000000000000007        1.1341130933749703E-010
  -2.0999999999999996        4.4000000000000004        4.7513843749147723E-011
  -2.0999999999999996        4.5000000000000000        1.9511833270963712E-011
  -2.0999999999999996        4.6000000000000014        7.8539855468682094E-012
  -2.0999999999999996        4.7000000000000011        3.0988191387218033E-012
  -2.0999999999999996        4.8000000000000007        1.1984404852096714E-012
  -2.0999999999999996        4.9000000000000004        4.5430846011939412E-013
  -2.0999999999999996        5.0000000000000000        1.6881043431448633E-013

  -2.0000000000000000       -5.0000000000000000        2.5436656473769228E-013
  -2.0000000000000000       -4.9000000000000004        6.8456006763513431E-013
  -2.0000000000000000       -4.7999999999999998        1.8058314375132171E-012
  -2.0000000000000000       -4.7000000000000002        4.6693557910741257E-012
  -2.0000000000000000       -4.5999999999999996        1.1834525106040531E-011
  -2.0000000000000000       -4.5000000000000000        2.9400777392844726E-011
  -2.0000000000000000       -4.4000000000000004        7.1594704800288993E-011
  -2.0000000000000000       -4.2999999999999998        1.7089017794267719E-010
  -2.0000000000000000       -4.2000000000000002        3.9982266684865623E-010
  -2.0000000000000000       -4.0999999999999996        9.1692081466642813E-010
  -2.0000000000000000       -4.0000000000000000        2.0611536224385579E-009
  -2.0000000000000000       -3.8999999999999999        4.5415385256455929E-009
  -2.0000000000000000       -3.7999999999999998        9.8086616479534783E-009
  -2.0000000000000000       -3.7000000000000002        2.0764936871665546E-008
  -2.0000000000000000       -3.5999999999999996        4.3088917821970704E-008
  -2.0000000000000000       -3.5000000000000000        8.7642482194436360E-008
  -2.0000000000000000       -3.3999999999999999        1.7473417812302827E-007
  -2.0000000000000000       -3.2999999999999998        3.4147205207866975E-007
  -2.0000000000000000       -3.2000000000000002        6.5410365772384920E-007
  -2.0000000000000000       -3.0999999999999996        1.2281519476778074E-006
  -2.0000000000000000       -3.0000000000000000        2.2603294069810542E-006
  -2.0000000000000000       -2.8999999999999999        4.0776080651769296E-006
  -2.0000000000000000       -2.7999999999999998        7.2102999903128283E-006
  -2.0000000000000000       -2.6999999999999997        1.2497274217938969E-005
  -2.0000000000000000       -2.5999999999999996        2.1232022938522171E-005
  -2.0000000000000000       -2.5000000000000000        3.5357500850409981E-005
  -2.0000000000000000       -2.3999999999999999        5.7714622135210329E-005
  -2.0000000000000000       -2.2999999999999998        9.2343060280070710E-005
  -2.0000000000000000       -2.1999999999999997        1.4482274668268800E-004
  -2.0000000000000000       -2.0999999999999996        2.2262985691888938E-004
  -2.0000000000000000       -2.0000000000000000        3.3546262790251185E-004
  -2.0000000000000000       -1.8999999999999999        4.9547185847740975E-004
  -2.0000000000000000       -1.7999999999999998        7.1731176010931413E-004
  -2.0000000000000000       -1.6999999999999997        1.0179138409954396E-003
  -2.0000000000000000       -1.5999999999999996        1.4158857103468046E-003
  -2.0000000000000000       -1.5000000000000000        1.9304541362277093E-003
  -2.0000000000000000       -1.3999999999999999        2.5799119720271799E-003
  -2.0000000000000000       -1.2999999999999998        3.3795929693767155E-003
  -2.0000000000000000       -1.1999999999999997        4.3394832707388991E-003
  -2.0000000000000000       -1.0999999999999996        5.4616736876407831E-003
  -2.0000000000000000       -1.0000000000000000        6.7379469990854670E-003
  -2.0000000000000000      -0.89999999999999947        8.1478596976799957E-003
  -2.0000000000000000      -0.79999999999999982        9.6576976275377768E-003
  -2.0000000000000000      -0.70000000000000018        1.1220643809589084E-002
  -2.0000000000000000      -0.59999999999999964        1.2778387649535773E-002
  -2.0000000000000000      -0.50000000000000000        1.4264233908999256E-002
  -2.0000000000000000      -0.39999999999999947        1.5607557919982844E-002
  -2.0000000000000000      -0.29999999999999982        1.6739233558580632E-002
  -2.0000000000000000      -0.19999999999999929        1.7597472415623393E-002
  -2.0000000000000000       -9.9999999999999645E-002   1.8133395236801075E-002
  -2.0000000000000000        0.0000000000000000        1.8315638888734179E-002
  -2.0000000000000000       0.10000000000000053        1.8133395236801075E-002
  -2.0000000000000000       0.20000000000000018        1.7597472415623393E-002
  -2.0000000000000000       0.30000000000000071        1.6739233558580618E-002
  -2.0000000000000000       0.40000000000000036        1.5607557919982831E-002
  -2.0000000000000000       0.50000000000000000        1.4264233908999256E-002
  -2.0000000000000000       0.60000000000000053        1.2778387649535761E-002
  -2.0000000000000000       0.70000000000000018        1.1220643809589084E-002
  -2.0000000000000000       0.80000000000000071        9.6576976275377594E-003
  -2.0000000000000000       0.90000000000000036        8.1478596976799818E-003
  -2.0000000000000000        1.0000000000000000        6.7379469990854670E-003
  -2.0000000000000000        1.1000000000000005        5.4616736876407735E-003
  -2.0000000000000000        1.2000000000000002        4.3394832707388947E-003
  -2.0000000000000000        1.3000000000000007        3.3795929693767063E-003
  -2.0000000000000000        1.4000000000000004        2.5799119720271778E-003
  -2.0000000000000000        1.5000000000000000        1.9304541362277093E-003
  -2.0000000000000000        1.6000000000000005        1.4158857103467996E-003
  -2.0000000000000000        1.7000000000000002        1.0179138409954376E-003
  -2.0000000000000000        1.8000000000000007        7.1731176010931218E-004
  -2.0000000000000000        1.9000000000000004        4.9547185847740888E-004
  -2.0000000000000000        2.0000000000000000        3.3546262790251185E-004
  -2.0000000000000000        2.1000000000000005        2.2262985691888859E-004
  -2.0000000000000000        2.2000000000000002        1.4482274668268800E-004
  -2.0000000000000000        2.3000000000000007        9.2343060280070384E-005
  -2.0000000000000000        2.4000000000000004        5.7714622135210228E-005
  -2.0000000000000000        2.5000000000000000        3.5357500850409981E-005
  -2.0000000000000000        2.6000000000000005        2.1232022938522093E-005
  -2.0000000000000000        2.7000000000000002        1.2497274217938947E-005
  -2.0000000000000000        2.8000000000000007        7.2102999903128029E-006
  -2.0000000000000000        2.9000000000000004        4.0776080651769220E-006
  -2.0000000000000000        3.0000000000000000        2.2603294069810542E-006
  -2.0000000000000000        3.0999999999999996        1.2281519476778074E-006
  -2.0000000000000000        3.2000000000000011        6.5410365772384571E-007
  -2.0000000000000000        3.3000000000000007        3.4147205207866790E-007
  -2.0000000000000000        3.4000000000000004        1.7473417812302764E-007
  -2.0000000000000000        3.5000000000000000        8.7642482194436360E-008
  -2.0000000000000000        3.5999999999999996        4.3088917821970704E-008
  -2.0000000000000000        3.7000000000000011        2.0764936871665397E-008
  -2.0000000000000000        3.8000000000000007        9.8086616479534088E-009
  -2.0000000000000000        3.9000000000000004        4.5415385256455929E-009
  -2.0000000000000000        4.0000000000000000        2.0611536224385579E-009
  -2.0000000000000000        4.0999999999999996        9.1692081466642813E-010
  -2.0000000000000000        4.2000000000000011        3.9982266684865339E-010
  -2.0000000000000000        4.3000000000000007        1.7089017794267597E-010
  -2.0000000000000000        4.4000000000000004        7.1594704800288993E-011
  -2.0000000000000000        4.5000000000000000        2.9400777392844726E-011
  -2.0000000000000000        4.6000000000000014        1.1834525106040319E-011
  -2.0000000000000000        4.7000000000000011        4.6693557910740925E-012
  -2.0000000000000000        4.8000000000000007        1.8058314375132044E-012
  -2.0000000000000000        4.9000000000000004        6.8456006763513431E-013
  -2.0000000000000000        5.0000000000000000        2.5436656473769228E-013

  -1.8999999999999999       -5.0000000000000000        3.7569453072347756E-013
  -1.8999999999999999       -4.9000000000000004        1.0110820721560967E-012
  -1.8999999999999999       -4.7999999999999998        2.6671783501965065E-012
  -1.8999999999999999       -4.7000000000000002        6.8965488232211803E-012
  -1.8999999999999999       -4.5999999999999996        1.7479366286343817E-011
  -1.8999999999999999       -4.5000000000000000        4.3424383534450674E-011
  -1.8999999999999999       -4.4000000000000004        1.0574400393372432E-010
  -1.8999999999999999       -4.2999999999999998        2.5240151068452156E-010
  -1.8999999999999999       -4.2000000000000002        5.9053039989440393E-010
  -1.8999999999999999       -4.0999999999999996        1.3542744327735411E-009
  -1.8999999999999999       -4.0000000000000000        3.0442843135833875E-009
  -1.8999999999999999       -3.8999999999999999        6.7077651770566369E-009
  -1.8999999999999999       -3.7999999999999998        1.4487204867720514E-008
  -1.8999999999999999       -3.7000000000000002        3.0669412945635550E-008
  -1.8999999999999999       -3.5999999999999996        6.3641504052238278E-008
  -1.8999999999999999       -3.5000000000000000        1.2944626292938406E-007
  -1.8999999999999999       -3.3999999999999999        2.5807902512258150E-007
  -1.8999999999999999       -3.2999999999999998        5.0434766256788898E-007
  -1.8999999999999999       -3.2000000000000002        9.6609853966651164E-007
  -1.8999999999999999       -3.0999999999999996        1.8139568386896829E-006
  -1.8999999999999999       -3.0000000000000000        3.3384631219591622E-006
  -1.8999999999999999       -2.8999999999999999        6.0225487972472907E-006
  -1.8999999999999999       -2.7999999999999998        1.0649474603824258E-005
  -1.8999999999999999       -2.6999999999999997        1.8458233995780592E-005
  -1.8999999999999999       -2.5999999999999996        3.1359290095472969E-005
  -1.8999999999999999       -2.5000000000000000        5.2222349675744776E-005
  -1.8999999999999999       -2.3999999999999999        8.5243388419899743E-005
  -1.8999999999999999       -2.2999999999999998        1.3638892648201164E-004
  -1.8999999999999999       -2.1999999999999997        2.1390041536766149E-004
  -1.8999999999999999       -2.0999999999999996        3.2882002281404055E-004
  -1.8999999999999999       -2.0000000000000000        4.9547185847740975E-004
  -1.8999999999999999       -1.8999999999999999        7.3180241888047277E-004
  -1.8999999999999999       -1.7999999999999998        1.0594556929076101E-003
  -1.8999999999999999       -1.6999999999999997        1.5034391929775739E-003
  -1.8999999999999999       -1.5999999999999996        2.0912360005151138E-003
  -1.8999999999999999       -1.5000000000000000        2.8512436826796344E-003
  -1.8999999999999999       -1.3999999999999999        3.8104804325920405E-003
  -1.8999999999999999       -1.2999999999999998        4.9915939069102213E-003
  -1.8999999999999999       -1.1999999999999997        6.4093334462563883E-003
  -1.8999999999999999       -1.0999999999999996        8.0667871390996213E-003
  -1.8999999999999999       -1.0000000000000000        9.9518183078484285E-003
  -1.8999999999999999      -0.89999999999999947        1.2034232284723785E-002
  -1.8999999999999999      -0.79999999999999982        1.4264233908999256E-002
  -1.8999999999999999      -0.70000000000000018        1.6572675401761237E-002
  -1.8999999999999999      -0.59999999999999964        1.8873433135151503E-002
  -1.8999999999999999      -0.50000000000000000        2.1067999523041434E-002
  -1.8999999999999999      -0.39999999999999947        2.3052063287225581E-002
  -1.8999999999999999      -0.29999999999999982        2.4723526470339399E-002
  -1.8999999999999999      -0.19999999999999929        2.5991128778755358E-002
  -1.8999999999999999       -9.9999999999999645E-002   2.6782676492638186E-002
  -1.8999999999999999        0.0000000000000000        2.7051846866350416E-002
  -1.8999999999999999       0.10000000000000053        2.6782676492638175E-002
  -1.8999999999999999       0.20000000000000018        2.5991128778755347E-002
  -1.8999999999999999       0.30000000000000071        2.4723526470339388E-002
  -1.8999999999999999       0.40000000000000036        2.3052063287225571E-002
  -1.8999999999999999       0.50000000000000000        2.1067999523041434E-002
  -1.8999999999999999       0.60000000000000053        1.8873433135151479E-002
  -1.8999999999999999       0.70000000000000018        1.6572675401761237E-002
  -1.8999999999999999       0.80000000000000071        1.4264233908999243E-002
  -1.8999999999999999       0.90000000000000036        1.2034232284723764E-002
  -1.8999999999999999        1.0000000000000000        9.9518183078484285E-003
  -1.8999999999999999        1.1000000000000005        8.0667871390996074E-003
  -1.8999999999999999        1.2000000000000002        6.4093334462563770E-003
  -1.8999999999999999        1.3000000000000007        4.9915939069102083E-003
  -1.8999999999999999        1.4000000000000004        3.8104804325920340E-003
  -1.8999999999999999        1.5000000000000000        2.8512436826796344E-003
  -1.8999999999999999        1.6000000000000005        2.0912360005151064E-003
  -1.8999999999999999        1.7000000000000002        1.5034391929775724E-003
  -1.8999999999999999        1.8000000000000007        1.0594556929076073E-003
  -1.8999999999999999        1.9000000000000004        7.3180241888047212E-004
  -1.8999999999999999        2.0000000000000000        4.9547185847740975E-004
  -1.8999999999999999        2.1000000000000005        3.2882002281403935E-004
  -1.8999999999999999        2.2000000000000002        2.1390041536766111E-004
  -1.8999999999999999        2.3000000000000007        1.3638892648201091E-004
  -1.8999999999999999        2.4000000000000004        8.5243388419899594E-005
  -1.8999999999999999        2.5000000000000000        5.2222349675744776E-005
  -1.8999999999999999        2.6000000000000005        3.1359290095472806E-005
  -1.8999999999999999        2.7000000000000002        1.8458233995780558E-005
  -1.8999999999999999        2.8000000000000007        1.0649474603824200E-005
  -1.8999999999999999        2.9000000000000004        6.0225487972472796E-006
  -1.8999999999999999        3.0000000000000000        3.3384631219591622E-006
  -1.8999999999999999        3.0999999999999996        1.8139568386896829E-006
  -1.8999999999999999        3.2000000000000011        9.6609853966650656E-007
  -1.8999999999999999        3.3000000000000007        5.0434766256788633E-007
  -1.8999999999999999        3.4000000000000004        2.5807902512258060E-007
  -1.8999999999999999        3.5000000000000000        1.2944626292938406E-007
  -1.8999999999999999        3.5999999999999996        6.3641504052238278E-008
  -1.8999999999999999        3.7000000000000011        3.0669412945635332E-008
  -1.8999999999999999        3.8000000000000007        1.4487204867720463E-008
  -1.8999999999999999        3.9000000000000004        6.7077651770566138E-009
  -1.8999999999999999        4.0000000000000000        3.0442843135833875E-009
  -1.8999999999999999        4.0999999999999996        1.3542744327735411E-009
  -1.8999999999999999        4.2000000000000011        5.9053039989439980E-010
  -1.8999999999999999        4.3000000000000007        2.5240151068451975E-010
  -1.8999999999999999        4.4000000000000004        1.0574400393372432E-010
  -1.8999999999999999        4.5000000000000000        4.3424383534450674E-011
  -1.8999999999999999        4.6000000000000014        1.7479366286343507E-011
  -1.8999999999999999        4.7000000000000011        6.8965488232211318E-012
  -1.8999999999999999        4.8000000000000007        2.6671783501964875E-012
  -1.8999999999999999        4.9000000000000004        1.0110820721560967E-012
  -1.8999999999999999        5.0000000000000000        3.7569453072347756E-013

  -1.7999999999999998       -5.0000000000000000        5.4390597666807287E-013
  -1.7999999999999998       -4.9000000000000004        1.4637785141259037E-012
  -1.7999999999999998       -4.7999999999999998        3.8613664210601045E-012
  -1.7999999999999998       -4.7000000000000002        9.9843724530929297E-012
  -1.7999999999999998       -4.5999999999999996        2.5305483615119096E-011
  -1.7999999999999998       -4.5000000000000000        6.2866983163240419E-011
  -1.7999999999999998       -4.4000000000000004        1.5308925478794762E-010
  -1.7999999999999998       -4.2999999999999998        3.6541040381129713E-010
  -1.7999999999999998       -4.2000000000000002        8.5493130093810467E-010
  -1.7999999999999998       -4.0999999999999996        1.9606299740797968E-009
  -1.7999999999999998       -4.0000000000000000        4.4073157776512532E-009
  -1.7999999999999998       -3.8999999999999999        9.7110638338581673E-009
  -1.7999999999999998       -3.7999999999999998        2.0973627956718020E-008
  -1.7999999999999998       -3.7000000000000002        4.4401170732800102E-008
  -1.7999999999999998       -3.5999999999999996        9.2136008345661680E-008
  -1.7999999999999998       -3.5000000000000000        1.8740383558167940E-007
  -1.7999999999999998       -3.3999999999999999        3.7362993798852734E-007
  -1.7999999999999998       -3.2999999999999998        7.3016156892407053E-007
  -1.7999999999999998       -3.2000000000000002        1.3986542970508992E-006
  -1.7999999999999998       -3.0999999999999996        2.6261281048763081E-006
  -1.7999999999999998       -3.0000000000000000        4.8332086214372719E-006
  -1.7999999999999998       -2.8999999999999999        8.7190523622738837E-006
  -1.7999999999999998       -2.7999999999999998        1.5417613011934388E-005
  -1.7999999999999998       -2.6999999999999997        2.6722624281246915E-005
  -1.7999999999999998       -2.5999999999999996        4.5399929762485010E-005
  -1.7999999999999998       -2.5000000000000000        7.5604103284627829E-005
  -1.7999999999999998       -2.3999999999999999        1.2340980408667956E-004
  -1.7999999999999998       -2.2999999999999998        1.9745496992477980E-004
  -1.7999999999999998       -2.1999999999999997        3.0967103541862677E-004
  -1.7999999999999998       -2.0999999999999996        4.7604412902227058E-004
  -1.7999999999999998       -2.0000000000000000        7.1731176010931413E-004
  -1.7999999999999998       -1.8999999999999999        1.0594556929076101E-003
  -1.7999999999999998       -1.7999999999999998        1.5338106793244659E-003
  -1.7999999999999998       -1.6999999999999997        2.1765809607151277E-003
  -1.7999999999999998       -1.5999999999999996        3.0275547453758205E-003
  -1.7999999999999998       -1.5000000000000000        4.1278441742554394E-003
  -1.7999999999999998       -1.3999999999999999        5.5165644207607768E-003
  -1.7999999999999998       -1.2999999999999998        7.2265032813764686E-003
  -1.7999999999999998       -1.1999999999999997        9.2790138870647507E-003
  -1.7999999999999998       -1.0999999999999996        1.1678566970395463E-002
  -1.7999999999999998       -1.0000000000000000        1.4407591843112364E-002
  -1.7999999999999998      -0.89999999999999947        1.7422374639493546E-002
  -1.7999999999999998      -0.79999999999999982        2.0650825181712584E-002
  -1.7999999999999998      -0.70000000000000018        2.3992835836709185E-002
  -1.7999999999999998      -0.59999999999999964        2.7323722447292594E-002
  -1.7999999999999998      -0.50000000000000000        3.0500872171217507E-002
  -1.7999999999999998      -0.39999999999999947        3.3373269960326114E-002
  -1.7999999999999998      -0.29999999999999982        3.5793105067655331E-002
  -1.7999999999999998      -0.19999999999999929        3.7628256807176248E-002
  -1.7999999999999998       -9.9999999999999645E-002   3.8774207831722043E-002
  -1.7999999999999998        0.0000000000000000        3.9163895098987100E-002
  -1.7999999999999998       0.10000000000000053        3.8774207831722030E-002
  -1.7999999999999998       0.20000000000000018        3.7628256807176234E-002
  -1.7999999999999998       0.30000000000000071        3.5793105067655318E-002
  -1.7999999999999998       0.40000000000000036        3.3373269960326100E-002
  -1.7999999999999998       0.50000000000000000        3.0500872171217507E-002
  -1.7999999999999998       0.60000000000000053        2.7323722447292559E-002
  -1.7999999999999998       0.70000000000000018        2.3992835836709185E-002
  -1.7999999999999998       0.80000000000000071        2.0650825181712556E-002
  -1.7999999999999998       0.90000000000000036        1.7422374639493515E-002
  -1.7999999999999998        1.0000000000000000        1.4407591843112364E-002
  -1.7999999999999998        1.1000000000000005        1.1678566970395442E-002
  -1.7999999999999998        1.2000000000000002        9.2790138870647437E-003
  -1.7999999999999998        1.3000000000000007        7.2265032813764495E-003
  -1.7999999999999998        1.4000000000000004        5.5165644207607716E-003
  -1.7999999999999998        1.5000000000000000        4.1278441742554394E-003
  -1.7999999999999998        1.6000000000000005        3.0275547453758127E-003
  -1.7999999999999998        1.7000000000000002        2.1765809607151255E-003
  -1.7999999999999998        1.8000000000000007        1.5338106793244604E-003
  -1.7999999999999998        1.9000000000000004        1.0594556929076091E-003
  -1.7999999999999998        2.0000000000000000        7.1731176010931413E-004
  -1.7999999999999998        2.1000000000000005        4.7604412902226890E-004
  -1.7999999999999998        2.2000000000000002        3.0967103541862623E-004
  -1.7999999999999998        2.3000000000000007        1.9745496992477877E-004
  -1.7999999999999998        2.4000000000000004        1.2340980408667956E-004
  -1.7999999999999998        2.5000000000000000        7.5604103284627829E-005
  -1.7999999999999998        2.6000000000000005        4.5399929762484773E-005
  -1.7999999999999998        2.7000000000000002        2.6722624281246820E-005
  -1.7999999999999998        2.8000000000000007        1.5417613011934306E-005
  -1.7999999999999998        2.9000000000000004        8.7190523622738515E-006
  -1.7999999999999998        3.0000000000000000        4.8332086214372719E-006
  -1.7999999999999998        3.0999999999999996        2.6261281048763081E-006
  -1.7999999999999998        3.2000000000000011        1.3986542970508893E-006
  -1.7999999999999998        3.3000000000000007        7.3016156892406799E-007
  -1.7999999999999998        3.4000000000000004        3.7362993798852602E-007
  -1.7999999999999998        3.5000000000000000        1.8740383558167940E-007
  -1.7999999999999998        3.5999999999999996        9.2136008345661680E-008
  -1.7999999999999998        3.7000000000000011        4.4401170732799784E-008
  -1.7999999999999998        3.8000000000000007        2.0973627956717943E-008
  -1.7999999999999998        3.9000000000000004        9.7110638338581326E-009
  -1.7999999999999998        4.0000000000000000        4.4073157776512532E-009
  -1.7999999999999998        4.0999999999999996        1.9606299740797968E-009
  -1.7999999999999998        4.2000000000000011        8.5493130093809857E-010
  -1.7999999999999998        4.3000000000000007        3.6541040381129455E-010
  -1.7999999999999998        4.4000000000000004        1.5308925478794762E-010
  -1.7999999999999998        4.5000000000000000        6.2866983163240419E-011
  -1.7999999999999998        4.6000000000000014        2.5305483615118646E-011
  -1.7999999999999998        4.7000000000000011        9.9843724530928586E-012
  -1.7999999999999998        4.8000000000000007        3.8613664210600778E-012
  -1.7999999999999998        4.9000000000000004        1.4637785141259037E-012
  -1.7999999999999998        5.0000000000000000        5.4390597666807287E-013

  -1.6999999999999997       -5.0000000000000000        7.7183932097558182E-013
  -1.6999999999999997       -4.9000000000000004        2.0772005877241223E-012
  -1.6999999999999997       -4.7999999999999998        5.4795397813540704E-012
  -1.6999999999999997       -4.7000000000000002        1.4168498941252600E-011
  -1.6999999999999997       -4.5999999999999996        3.5910190599673815E-011
  -1.6999999999999997       -4.5000000000000000        8.9212495684912973E-011
  -1.6999999999999997       -4.4000000000000004        2.1724399350790093E-010
  -1.6999999999999997       -4.2999999999999998        5.1854204596696862E-010
  -1.6999999999999997       -4.2000000000000002        1.2132052654378779E-009
  -1.6999999999999997       -4.0999999999999996        2.7822663710158728E-009
  -1.6999999999999997       -4.0000000000000000        6.2542787964679351E-009
  -1.6999999999999997       -3.8999999999999999        1.3780655548945766E-008
  -1.6999999999999997       -3.7999999999999998        2.9762994809646886E-008
  -1.6999999999999997       -3.7000000000000002        6.3008260506465187E-008
  -1.6999999999999997       -3.5999999999999996        1.3074721950024596E-007
  -1.6999999999999997       -3.5000000000000000        2.6593870155586755E-007
  -1.6999999999999997       -3.3999999999999999        5.3020612018243003E-007
  -1.6999999999999997       -3.2999999999999998        1.0361485876900888E-006
  -1.6999999999999997       -3.2000000000000002        1.9847849246454442E-006
  -1.6999999999999997       -3.0999999999999996        3.7266531720786841E-006
  -1.6999999999999997       -3.0000000000000000        6.8586495102627828E-006
  -1.6999999999999997       -2.8999999999999999        1.2372924261788243E-005
  -1.6999999999999997       -2.7999999999999998        2.1878634302005227E-005
  -1.6999999999999997       -2.6999999999999997        3.7921208930767698E-005
  -1.6999999999999997       -2.5999999999999996        6.4425567034355648E-005
  -1.6999999999999997       -2.5000000000000000        1.0728732951170819E-004
  -1.6999999999999997       -2.3999999999999999        1.7512684815765875E-004
  -1.6999999999999997       -2.2999999999999998        2.8020194012871251E-004
  -1.6999999999999997       -2.1999999999999997        4.3944411710184628E-004
  -1.6999999999999997       -2.0999999999999996        6.7553877519384612E-004
  -1.6999999999999997       -2.0000000000000000        1.0179138409954396E-003
  -1.6999999999999997       -1.8999999999999999        1.5034391929775739E-003
  -1.6999999999999997       -1.7999999999999998        2.1765809607151277E-003
  -1.6999999999999997       -1.6999999999999997        3.0887154082367744E-003
  -1.6999999999999997       -1.5999999999999996        4.2963046907523511E-003
  -1.6999999999999997       -1.5000000000000000        5.8576897133356277E-003
  -1.6999999999999997       -1.3999999999999999        7.8283775492257804E-003
  -1.6999999999999997       -1.2999999999999998        1.0254896296404040E-002
  -1.6999999999999997       -1.1999999999999997        1.3167547490079775E-002
  -1.6999999999999997       -1.0999999999999996        1.6572675401761269E-002
  -1.6999999999999997       -1.0000000000000000        2.0445346037937673E-002
  -1.6999999999999997      -0.89999999999999947        2.4723526470339430E-002
  -1.6999999999999997      -0.79999999999999982        2.9304915867040784E-002
  -1.6999999999999997      -0.70000000000000018        3.4047454734599358E-002
  -1.6999999999999997      -0.59999999999999964        3.8774207831722064E-002
  -1.6999999999999997      -0.50000000000000000        4.3282797901965937E-002
  -1.6999999999999997      -0.39999999999999947        4.7358924391140970E-002
  -1.6999999999999997      -0.29999999999999982        5.0792833864898544E-002
  -1.6999999999999997      -0.19999999999999929        5.3397038145197154E-002
  -1.6999999999999997       -9.9999999999999645E-002   5.5023220056407279E-002
  -1.6999999999999997        0.0000000000000000        5.5576212611483114E-002
  -1.6999999999999997       0.10000000000000053        5.5023220056407258E-002
  -1.6999999999999997       0.20000000000000018        5.3397038145197126E-002
  -1.6999999999999997       0.30000000000000071        5.0792833864898523E-002
  -1.6999999999999997       0.40000000000000036        4.7358924391140950E-002
  -1.6999999999999997       0.50000000000000000        4.3282797901965937E-002
  -1.6999999999999997       0.60000000000000053        3.8774207831722009E-002
  -1.6999999999999997       0.70000000000000018        3.4047454734599358E-002
  -1.6999999999999997       0.80000000000000071        2.9304915867040746E-002
  -1.6999999999999997       0.90000000000000036        2.4723526470339399E-002
  -1.6999999999999997        1.0000000000000000        2.0445346037937673E-002
  -1.6999999999999997        1.1000000000000005        1.6572675401761237E-002
  -1.6999999999999997        1.2000000000000002        1.3167547490079751E-002
  -1.6999999999999997        1.3000000000000007        1.0254896296404014E-002
  -1.6999999999999997        1.4000000000000004        7.8283775492257665E-003
  -1.6999999999999997        1.5000000000000000        5.8576897133356277E-003
  -1.6999999999999997        1.6000000000000005        4.2963046907523363E-003
  -1.6999999999999997        1.7000000000000002        3.0887154082367718E-003
  -1.6999999999999997        1.8000000000000007        2.1765809607151216E-003
  -1.6999999999999997        1.9000000000000004        1.5034391929775724E-003
  -1.6999999999999997        2.0000000000000000        1.0179138409954396E-003
  -1.6999999999999997        2.1000000000000005        6.7553877519384374E-004
  -1.6999999999999997        2.2000000000000002        4.3944411710184546E-004
  -1.6999999999999997        2.3000000000000007        2.8020194012871104E-004
  -1.6999999999999997        2.4000000000000004        1.7512684815765842E-004
  -1.6999999999999997        2.5000000000000000        1.0728732951170819E-004
  -1.6999999999999997        2.6000000000000005        6.4425567034355296E-005
  -1.6999999999999997        2.7000000000000002        3.7921208930767637E-005
  -1.6999999999999997        2.8000000000000007        2.1878634302005112E-005
  -1.6999999999999997        2.9000000000000004        1.2372924261788221E-005
  -1.6999999999999997        3.0000000000000000        6.8586495102627828E-006
  -1.6999999999999997        3.0999999999999996        3.7266531720786841E-006
  -1.6999999999999997        3.2000000000000011        1.9847849246454336E-006
  -1.6999999999999997        3.3000000000000007        1.0361485876900833E-006
  -1.6999999999999997        3.4000000000000004        5.3020612018242812E-007
  -1.6999999999999997        3.5000000000000000        2.6593870155586755E-007
  -1.6999999999999997        3.5999999999999996        1.3074721950024596E-007
  -1.6999999999999997        3.7000000000000011        6.3008260506464737E-008
  -1.6999999999999997        3.8000000000000007        2.9762994809646674E-008
  -1.6999999999999997        3.9000000000000004        1.3780655548945718E-008
  -1.6999999999999997        4.0000000000000000        6.2542787964679351E-009
  -1.6999999999999997        4.0999999999999996        2.7822663710158728E-009
  -1.6999999999999997        4.2000000000000011        1.2132052654378694E-009
  -1.6999999999999997        4.3000000000000007        5.1854204596696489E-010
  -1.6999999999999997        4.4000000000000004        2.1724399350790093E-010
  -1.6999999999999997        4.5000000000000000        8.9212495684912973E-011
  -1.6999999999999997        4.6000000000000014        3.5910190599673175E-011
  -1.6999999999999997        4.7000000000000011        1.4168498941252499E-011
  -1.6999999999999997        4.8000000000000007        5.4795397813540317E-012
  -1.6999999999999997        4.9000000000000004        2.0772005877241223E-012
  -1.6999999999999997        5.0000000000000000        7.7183932097558182E-013

  -1.5999999999999996       -5.0000000000000000        1.0736038957721622E-012
  -1.5999999999999996       -4.9000000000000004        2.8893198139504922E-012
  -1.5999999999999996       -4.7999999999999998        7.6218651945129178E-012
  -1.5999999999999996       -4.7000000000000002        1.9707930455455216E-011
  -1.5999999999999996       -4.5999999999999996        4.9949930611206014E-011
  -1.5999999999999996       -4.5000000000000000        1.2409173815842671E-010
  -1.5999999999999996       -4.4000000000000004        3.0217947106968314E-010
  -1.5999999999999996       -4.2999999999999998        7.2127545920845511E-010
  -1.5999999999999996       -4.2000000000000002        1.6875298575085319E-009
  -1.5999999999999996       -4.0999999999999996        3.8700438469796699E-009
  -1.5999999999999996       -4.0000000000000000        8.6995024724137238E-009
  -1.5999999999999996       -3.8999999999999999        1.9168452657921137E-008
  -1.5999999999999996       -3.7999999999999998        4.1399377187851668E-008
  -1.5999999999999996       -3.7000000000000002        8.7642482194436360E-008
  -1.5999999999999996       -3.5999999999999996        1.8186521521010020E-007
  -1.5999999999999996       -3.5000000000000000        3.6991225798925289E-007
  -1.5999999999999996       -3.3999999999999999        7.3749981469019696E-007
  -1.5999999999999996       -3.2999999999999998        1.4412496618296723E-006
  -1.5999999999999996       -3.2000000000000002        2.7607725720371986E-006
  -1.5999999999999996       -3.0999999999999996        5.1836557881998982E-006
  -1.5999999999999996       -3.0000000000000000        9.5401628730792476E-006
  -1.5999999999999996       -2.8999999999999999        1.7210343304043694E-005
  -1.5999999999999996       -2.7999999999999998        3.0432483008403679E-005
  -1.5999999999999996       -2.6999999999999997        5.2747193015513940E-005
  -1.5999999999999996       -2.5999999999999996        8.9613910402995501E-005
  -1.5999999999999996       -2.5000000000000000        1.4923325593877766E-004
  -1.5999999999999996       -2.3999999999999999        2.4359586422561922E-004
  -1.5999999999999996       -2.2999999999999998        3.8975196825275551E-004
  -1.5999999999999996       -2.1999999999999997        6.1125276112957393E-004
  -1.5999999999999996       -2.0999999999999996        9.3965290583609864E-004
  -1.5999999999999996       -2.0000000000000000        1.4158857103468046E-003
  -1.5999999999999996       -1.8999999999999999        2.0912360005151138E-003
  -1.5999999999999996       -1.7999999999999998        3.0275547453758205E-003
  -1.5999999999999996       -1.6999999999999997        4.2963046907523511E-003
  -1.5999999999999996       -1.5999999999999996        5.9760228950059583E-003
  -1.5999999999999996       -1.5000000000000000        8.1478596976799957E-003
  -1.5999999999999996       -1.3999999999999999        1.0889023668554461E-002
  -1.5999999999999996       -1.2999999999999998        1.4264233908999280E-002
  -1.5999999999999996       -1.1999999999999997        1.8315638888734213E-002
  -1.5999999999999996       -1.0999999999999996        2.3052063287225619E-002
  -1.5999999999999996       -1.0000000000000000        2.8438824714184543E-002
  -1.5999999999999996      -0.89999999999999947        3.4389637343472786E-002
  -1.5999999999999996      -0.79999999999999982        4.0762203978366281E-002
  -1.5999999999999996      -0.70000000000000018        4.7358924391140970E-002
  -1.5999999999999996      -0.59999999999999964        5.3933687300356116E-002
  -1.5999999999999996      -0.50000000000000000        6.0204992392373619E-002
  -1.5999999999999996      -0.39999999999999947        6.5874754426403059E-002
  -1.5999999999999996      -0.29999999999999982        7.0651213060429693E-002
  -1.5999999999999996      -0.19999999999999929        7.4273578214334002E-002
  -1.5999999999999996       -9.9999999999999645E-002   7.6535545423911611E-002
  -1.5999999999999996        0.0000000000000000        7.7304740443299838E-002
  -1.5999999999999996       0.10000000000000053        7.6535545423911583E-002
  -1.5999999999999996       0.20000000000000018        7.4273578214333974E-002
  -1.5999999999999996       0.30000000000000071        7.0651213060429652E-002
  -1.5999999999999996       0.40000000000000036        6.5874754426403032E-002
  -1.5999999999999996       0.50000000000000000        6.0204992392373619E-002
  -1.5999999999999996       0.60000000000000053        5.3933687300356047E-002
  -1.5999999999999996       0.70000000000000018        4.7358924391140970E-002
  -1.5999999999999996       0.80000000000000071        4.0762203978366225E-002
  -1.5999999999999996       0.90000000000000036        3.4389637343472744E-002
  -1.5999999999999996        1.0000000000000000        2.8438824714184543E-002
  -1.5999999999999996        1.1000000000000005        2.3052063287225581E-002
  -1.5999999999999996        1.2000000000000002        1.8315638888734196E-002
  -1.5999999999999996        1.3000000000000007        1.4264233908999243E-002
  -1.5999999999999996        1.4000000000000004        1.0889023668554451E-002
  -1.5999999999999996        1.5000000000000000        8.1478596976799957E-003
  -1.5999999999999996        1.6000000000000005        5.9760228950059375E-003
  -1.5999999999999996        1.7000000000000002        4.2963046907523433E-003
  -1.5999999999999996        1.8000000000000007        3.0275547453758127E-003
  -1.5999999999999996        1.9000000000000004        2.0912360005151103E-003
  -1.5999999999999996        2.0000000000000000        1.4158857103468046E-003
  -1.5999999999999996        2.1000000000000005        9.3965290583609528E-004
  -1.5999999999999996        2.2000000000000002        6.1125276112957284E-004
  -1.5999999999999996        2.3000000000000007        3.8975196825275377E-004
  -1.5999999999999996        2.4000000000000004        2.4359586422561879E-004
  -1.5999999999999996        2.5000000000000000        1.4923325593877766E-004
  -1.5999999999999996        2.6000000000000005        8.9613910402995176E-005
  -1.5999999999999996        2.7000000000000002        5.2747193015513852E-005
  -1.5999999999999996        2.8000000000000007        3.0432483008403570E-005
  -1.5999999999999996        2.9000000000000004        1.7210343304043663E-005
  -1.5999999999999996        3.0000000000000000        9.5401628730792476E-006
  -1.5999999999999996        3.0999999999999996        5.1836557881998982E-006
  -1.5999999999999996        3.2000000000000011        2.7607725720371842E-006
  -1.5999999999999996        3.3000000000000007        1.4412496618296644E-006
  -1.5999999999999996        3.4000000000000004        7.3749981469019431E-007
  -1.5999999999999996        3.5000000000000000        3.6991225798925289E-007
  -1.5999999999999996        3.5999999999999996        1.8186521521010020E-007
  -1.5999999999999996        3.7000000000000011        8.7642482194435738E-008
  -1.5999999999999996        3.8000000000000007        4.1399377187851523E-008
  -1.5999999999999996        3.9000000000000004        1.9168452657921002E-008
  -1.5999999999999996        4.0000000000000000        8.6995024724137238E-009
  -1.5999999999999996        4.0999999999999996        3.8700438469796699E-009
  -1.5999999999999996        4.2000000000000011        1.6875298575085199E-009
  -1.5999999999999996        4.3000000000000007        7.2127545920845004E-010
  -1.5999999999999996        4.4000000000000004        3.0217947106968314E-010
  -1.5999999999999996        4.5000000000000000        1.2409173815842671E-010
  -1.5999999999999996        4.6000000000000014        4.9949930611205129E-011
  -1.5999999999999996        4.7000000000000011        1.9707930455455077E-011
  -1.5999999999999996        4.8000000000000007        7.6218651945128628E-012
  -1.5999999999999996        4.9000000000000004        2.8893198139504922E-012
  -1.5999999999999996        5.0000000000000000        1.0736038957721622E-012

  -1.5000000000000000       -5.0000000000000000        1.4637785141259089E-012
  -1.5000000000000000       -4.9000000000000004        3.9393711970998073E-012
  -1.5000000000000000       -4.7999999999999998        1.0391842422728834E-011
  -1.5000000000000000       -4.7000000000000002        2.6870287330538016E-011
  -1.5000000000000000       -4.5999999999999996        6.8102989844477841E-011
  -1.5000000000000000       -4.5000000000000000        1.6918979226151304E-010
  -1.5000000000000000       -4.4000000000000004        4.1199907983158330E-010
  -1.5000000000000000       -4.2999999999999998        9.8340507529202567E-010
  -1.5000000000000000       -4.2000000000000002        2.3008205885750249E-009
  -1.5000000000000000       -4.0999999999999996        5.2765149737647815E-009
  -1.5000000000000000       -4.0000000000000000        1.1861120151343830E-008
  -1.5000000000000000       -3.8999999999999999        2.6134749752863247E-008
  -1.5000000000000000       -3.7999999999999998        5.6444950567347867E-008
  -1.5000000000000000       -3.7000000000000002        1.1949396128877660E-007
  -1.5000000000000000       -3.5999999999999996        2.4795960180450362E-007
  -1.5000000000000000       -3.5000000000000000        5.0434766256788803E-007
  -1.5000000000000000       -3.3999999999999999        1.0055257690164404E-006
  -1.5000000000000000       -3.2999999999999998        1.9650359846730811E-006
  -1.5000000000000000       -3.2000000000000002        3.7641066591227992E-006
  -1.5000000000000000       -3.0999999999999996        7.0675264846483610E-006
  -1.5000000000000000       -3.0000000000000000        1.3007297654067620E-005
  -1.5000000000000000       -2.8999999999999999        2.3465014283569705E-005
  -1.5000000000000000       -2.7999999999999998        4.1492411619058298E-005
  -1.5000000000000000       -2.6999999999999997        7.1916847657329020E-005
  -1.5000000000000000       -2.5999999999999996        1.2218185601903472E-004
  -1.5000000000000000       -2.5000000000000000        2.0346836901064417E-004
  -1.5000000000000000       -2.3999999999999999        3.3212471898394095E-004
  -1.5000000000000000       -2.2999999999999998        5.3139762179825337E-004
  -1.5000000000000000       -2.1999999999999997        8.3339736560669709E-004
  -1.5000000000000000       -2.0999999999999996        1.2811463703842137E-003
  -1.5000000000000000       -2.0000000000000000        1.9304541362277093E-003
  -1.5000000000000000       -1.8999999999999999        2.8512436826796344E-003
  -1.5000000000000000       -1.7999999999999998        4.1278441742554394E-003
  -1.5000000000000000       -1.6999999999999997        5.8576897133356277E-003
  -1.5000000000000000       -1.5999999999999996        8.1478596976799957E-003
  -1.5000000000000000       -1.5000000000000000        1.1108996538242306E-002
  -1.5000000000000000       -1.3999999999999999        1.4846368338086832E-002
  -1.5000000000000000       -1.2999999999999998        1.9448214745385401E-002
  -1.5000000000000000       -1.1999999999999997        2.4972002042276165E-002
  -1.5000000000000000       -1.0999999999999996        3.1429762018367738E-002
  -1.5000000000000000       -1.0000000000000000        3.8774207831722009E-002
  -1.5000000000000000      -0.89999999999999947        4.6887695219988527E-002
  -1.5000000000000000      -0.79999999999999982        5.5576212611483086E-002
  -1.5000000000000000      -0.70000000000000018        6.4570346893168470E-002
  -1.5000000000000000      -0.59999999999999964        7.3534543763057125E-002
  -1.5000000000000000      -0.50000000000000000        8.2084998623898800E-002
  -1.5000000000000000      -0.39999999999999947        8.9815294572247670E-002
  -1.5000000000000000      -0.29999999999999982        9.6327638230493035E-002
  -1.5000000000000000      -0.19999999999999929       0.10126646185388345     
  -1.5000000000000000       -9.9999999999999645E-002  0.10435048475476504     
  -1.5000000000000000        0.0000000000000000       0.10539922456186433     
  -1.5000000000000000       0.10000000000000053       0.10435048475476499     
  -1.5000000000000000       0.20000000000000018       0.10126646185388340     
  -1.5000000000000000       0.30000000000000071        9.6327638230492993E-002
  -1.5000000000000000       0.40000000000000036        8.9815294572247628E-002
  -1.5000000000000000       0.50000000000000000        8.2084998623898800E-002
  -1.5000000000000000       0.60000000000000053        7.3534543763057028E-002
  -1.5000000000000000       0.70000000000000018        6.4570346893168470E-002
  -1.5000000000000000       0.80000000000000071        5.5576212611483010E-002
  -1.5000000000000000       0.90000000000000036        4.6887695219988465E-002
  -1.5000000000000000        1.0000000000000000        3.8774207831722009E-002
  -1.5000000000000000        1.1000000000000005        3.1429762018367682E-002
  -1.5000000000000000        1.2000000000000002        2.4972002042276144E-002
  -1.5000000000000000        1.3000000000000007        1.9448214745385349E-002
  -1.5000000000000000        1.4000000000000004        1.4846368338086818E-002
  -1.5000000000000000        1.5000000000000000        1.1108996538242306E-002
  -1.5000000000000000        1.6000000000000005        8.1478596976799680E-003
  -1.5000000000000000        1.7000000000000002        5.8576897133356173E-003
  -1.5000000000000000        1.8000000000000007        4.1278441742554281E-003
  -1.5000000000000000        1.9000000000000004        2.8512436826796297E-003
  -1.5000000000000000        2.0000000000000000        1.9304541362277093E-003
  -1.5000000000000000        2.1000000000000005        1.2811463703842091E-003
  -1.5000000000000000        2.2000000000000002        8.3339736560669568E-004
  -1.5000000000000000        2.3000000000000007        5.3139762179825109E-004
  -1.5000000000000000        2.4000000000000004        3.3212471898394036E-004
  -1.5000000000000000        2.5000000000000000        2.0346836901064417E-004
  -1.5000000000000000        2.6000000000000005        1.2218185601903429E-004
  -1.5000000000000000        2.7000000000000002        7.1916847657328884E-005
  -1.5000000000000000        2.8000000000000007        4.1492411619058149E-005
  -1.5000000000000000        2.9000000000000004        2.3465014283569664E-005
  -1.5000000000000000        3.0000000000000000        1.3007297654067620E-005
  -1.5000000000000000        3.0999999999999996        7.0675264846483610E-006
  -1.5000000000000000        3.2000000000000011        3.7641066591227789E-006
  -1.5000000000000000        3.3000000000000007        1.9650359846730705E-006
  -1.5000000000000000        3.4000000000000004        1.0055257690164368E-006
  -1.5000000000000000        3.5000000000000000        5.0434766256788803E-007
  -1.5000000000000000        3.5999999999999996        2.4795960180450362E-007
  -1.5000000000000000        3.7000000000000011        1.1949396128877576E-007
  -1.5000000000000000        3.8000000000000007        5.6444950567347463E-008
  -1.5000000000000000        3.9000000000000004        2.6134749752863247E-008
  -1.5000000000000000        4.0000000000000000        1.1861120151343830E-008
  -1.5000000000000000        4.0999999999999996        5.2765149737647815E-009
  -1.5000000000000000        4.2000000000000011        2.3008205885750088E-009
  -1.5000000000000000        4.3000000000000007        9.8340507529201864E-010
  -1.5000000000000000        4.4000000000000004        4.1199907983158330E-010
  -1.5000000000000000        4.5000000000000000        1.6918979226151304E-010
  -1.5000000000000000        4.6000000000000014        6.8102989844476626E-011
  -1.5000000000000000        4.7000000000000011        2.6870287330537826E-011
  -1.5000000000000000        4.8000000000000007        1.0391842422728761E-011
  -1.5000000000000000        4.9000000000000004        3.9393711970998073E-012
  -1.5000000000000000        5.0000000000000000        1.4637785141259089E-012

  -1.3999999999999999       -5.0000000000000000        1.9562338426589448E-012
  -1.3999999999999999       -4.9000000000000004        5.2646839533399881E-012
  -1.3999999999999999       -4.7999999999999998        1.3887943864964021E-011
  -1.3999999999999999       -4.7000000000000002        3.5910190599673563E-011
  -1.3999999999999999       -4.5999999999999996        9.1014707644879674E-011
  -1.3999999999999999       -4.5000000000000000        2.2610988907160514E-010
  -1.3999999999999999       -4.4000000000000004        5.5060689532812833E-010
  -1.3999999999999999       -4.2999999999999998        1.3142495744840210E-009
  -1.3999999999999999       -4.2000000000000002        3.0748798795866061E-009
  -1.3999999999999999       -4.0999999999999996        7.0516796519172513E-009
  -1.3999999999999999       -4.0000000000000000        1.5851527009028729E-008
  -1.3999999999999999       -3.8999999999999999        3.4927197962393454E-008
  -1.3999999999999999       -3.7999999999999998        7.5434583498442582E-008
  -1.3999999999999999       -3.7000000000000002        1.5969501451937286E-007
  -1.3999999999999999       -3.5999999999999996        3.3138002777138940E-007
  -1.3999999999999999       -3.5000000000000000        6.7402407977712173E-007
  -1.3999999999999999       -3.3999999999999999        1.3438122776315237E-006
  -1.3999999999999999       -3.2999999999999998        2.6261281048763081E-006
  -1.3999999999999999       -3.2000000000000002        5.0304556071114390E-006
  -1.3999999999999999       -3.0999999999999996        9.4452366664321135E-006
  -1.3999999999999999       -3.0000000000000000        1.7383310129825222E-005
  -1.3999999999999999       -2.8999999999999999        3.1359290095472915E-005
  -1.3999999999999999       -2.7999999999999998        5.5451599432177040E-005
  -1.3999999999999999       -2.6999999999999997        9.6111652061394871E-005
  -1.3999999999999999       -2.5999999999999996        1.6328719092180863E-004
  -1.3999999999999999       -2.5000000000000000        2.7192072128953525E-004
  -1.3999999999999999       -2.3999999999999999        4.4386060390287402E-004
  -1.3999999999999999       -2.2999999999999998        7.1017438884254968E-004
  -1.3999999999999999       -2.1999999999999997        1.1137751478448043E-003
  -1.3999999999999999       -2.0999999999999996        1.7121592255655259E-003
  -1.3999999999999999       -2.0000000000000000        2.5799119720271799E-003
  -1.3999999999999999       -1.8999999999999999        3.8104804325920405E-003
  -1.3999999999999999       -1.7999999999999998        5.5165644207607768E-003
  -1.3999999999999999       -1.6999999999999997        7.8283775492257804E-003
  -1.3999999999999999       -1.5999999999999996        1.0889023668554461E-002
  -1.3999999999999999       -1.5000000000000000        1.4846368338086832E-002
  -1.3999999999999999       -1.3999999999999999        1.9841094744370298E-002
  -1.3999999999999999       -1.2999999999999998        2.5991128778755358E-002
  -1.3999999999999999       -1.1999999999999997        3.3373269960326114E-002
  -1.3999999999999999       -1.0999999999999996        4.2003597903445586E-002
  -1.3999999999999999       -1.0000000000000000        5.1818917172725833E-002
  -1.3999999999999999      -0.89999999999999947        6.2662004742153235E-002
  -1.3999999999999999      -0.79999999999999982        7.4273578214333905E-002
  -1.3999999999999999      -0.70000000000000018        8.6293586499370495E-002
  -1.3999999999999999      -0.59999999999999964        9.8273585604361585E-002
  -1.3999999999999999      -0.50000000000000000       0.10970064851551141     
  -1.3999999999999999      -0.39999999999999947       0.12003162851145682     
  -1.3999999999999999      -0.29999999999999982       0.12873490358780423     
  -1.3999999999999999      -0.19999999999999929       0.13533528323661276     
  -1.3999999999999999       -9.9999999999999645E-002  0.13945685621505097     
  -1.3999999999999999        0.0000000000000000       0.14085842092104503     
  -1.3999999999999999       0.10000000000000053       0.13945685621505097     
  -1.3999999999999999       0.20000000000000018       0.13533528323661273     
  -1.3999999999999999       0.30000000000000071       0.12873490358780418     
  -1.3999999999999999       0.40000000000000036       0.12003162851145673     
  -1.3999999999999999       0.50000000000000000       0.10970064851551141     
  -1.3999999999999999       0.60000000000000053        9.8273585604361502E-002
  -1.3999999999999999       0.70000000000000018        8.6293586499370495E-002
  -1.3999999999999999       0.80000000000000071        7.4273578214333807E-002
  -1.3999999999999999       0.90000000000000036        6.2662004742153124E-002
  -1.3999999999999999        1.0000000000000000        5.1818917172725833E-002
  -1.3999999999999999        1.1000000000000005        4.2003597903445516E-002
  -1.3999999999999999        1.2000000000000002        3.3373269960326066E-002
  -1.3999999999999999        1.3000000000000007        2.5991128778755299E-002
  -1.3999999999999999        1.4000000000000004        1.9841094744370270E-002
  -1.3999999999999999        1.5000000000000000        1.4846368338086832E-002
  -1.3999999999999999        1.6000000000000005        1.0889023668554432E-002
  -1.3999999999999999        1.7000000000000002        7.8283775492257665E-003
  -1.3999999999999999        1.8000000000000007        5.5165644207607620E-003
  -1.3999999999999999        1.9000000000000004        3.8104804325920340E-003
  -1.3999999999999999        2.0000000000000000        2.5799119720271799E-003
  -1.3999999999999999        2.1000000000000005        1.7121592255655198E-003
  -1.3999999999999999        2.2000000000000002        1.1137751478448024E-003
  -1.3999999999999999        2.3000000000000007        7.1017438884254653E-004
  -1.3999999999999999        2.4000000000000004        4.4386060390287326E-004
  -1.3999999999999999        2.5000000000000000        2.7192072128953525E-004
  -1.3999999999999999        2.6000000000000005        1.6328719092180777E-004
  -1.3999999999999999        2.7000000000000002        9.6111652061394695E-005
  -1.3999999999999999        2.8000000000000007        5.5451599432176749E-005
  -1.3999999999999999        2.9000000000000004        3.1359290095472860E-005
  -1.3999999999999999        3.0000000000000000        1.7383310129825222E-005
  -1.3999999999999999        3.0999999999999996        9.4452366664321135E-006
  -1.3999999999999999        3.2000000000000011        5.0304556071114119E-006
  -1.3999999999999999        3.3000000000000007        2.6261281048762942E-006
  -1.3999999999999999        3.4000000000000004        1.3438122776315191E-006
  -1.3999999999999999        3.5000000000000000        6.7402407977712173E-007
  -1.3999999999999999        3.5999999999999996        3.3138002777138940E-007
  -1.3999999999999999        3.7000000000000011        1.5969501451937172E-007
  -1.3999999999999999        3.8000000000000007        7.5434583498442053E-008
  -1.3999999999999999        3.9000000000000004        3.4927197962393328E-008
  -1.3999999999999999        4.0000000000000000        1.5851527009028729E-008
  -1.3999999999999999        4.0999999999999996        7.0516796519172513E-009
  -1.3999999999999999        4.2000000000000011        3.0748798795865846E-009
  -1.3999999999999999        4.3000000000000007        1.3142495744840115E-009
  -1.3999999999999999        4.4000000000000004        5.5060689532812833E-010
  -1.3999999999999999        4.5000000000000000        2.2610988907160514E-010
  -1.3999999999999999        4.6000000000000014        9.1014707644878058E-011
  -1.3999999999999999        4.7000000000000011        3.5910190599673304E-011
  -1.3999999999999999        4.8000000000000007        1.3887943864963922E-011
  -1.3999999999999999        4.9000000000000004        5.2646839533399881E-012
  -1.3999999999999999        5.0000000000000000        1.9562338426589448E-012

  -1.2999999999999998       -5.0000000000000000        2.5625967912045225E-012
  -1.2999999999999998       -4.9000000000000004        6.8965488232211803E-012
  -1.2999999999999998       -4.7999999999999998        1.8192712756881824E-011
  -1.2999999999999998       -4.7000000000000002        4.7041073104627748E-011
  -1.2999999999999998       -4.5999999999999996        1.1922603150867226E-010
  -1.2999999999999998       -4.5000000000000000        2.9619591664304164E-010
  -1.2999999999999998       -4.4000000000000004        7.2127545920845004E-010
  -1.2999999999999998       -4.2999999999999998        1.7216202219653638E-009
  -1.2999999999999998       -4.2000000000000002        4.0279833325333950E-009
  -1.2999999999999998       -4.0999999999999996        9.2374496619705944E-009
  -1.2999999999999998       -4.0000000000000000        2.0764936871665619E-008
  -1.2999999999999998       -3.8999999999999999        4.5753387694458114E-008
  -1.2999999999999998       -3.7999999999999998        9.8816622738828587E-008
  -1.2999999999999998       -3.7000000000000002        2.0919479197970816E-007
  -1.2999999999999998       -3.5999999999999996        4.3409605606351618E-007
  -1.2999999999999998       -3.5000000000000000        8.8294758344621936E-007
  -1.2999999999999998       -3.3999999999999999        1.7603463121561725E-006
  -1.2999999999999998       -3.2999999999999998        3.4401344604594353E-006
  -1.2999999999999998       -3.2000000000000002        6.5897180163077177E-006
  -1.2999999999999998       -3.0999999999999996        1.2372924261788265E-005
  -1.2999999999999998       -3.0000000000000000        2.2771518306142183E-005
  -1.2999999999999998       -2.8999999999999999        4.1079555225300724E-005
  -1.2999999999999998       -2.7999999999999998        7.2639623992451941E-005
  -1.2999999999999998       -2.6999999999999997        1.2590284750167027E-004
  -1.2999999999999998       -2.5999999999999996        2.1390041536766186E-004
  -1.2999999999999998       -2.5000000000000000        3.5620647830703436E-004
  -1.2999999999999998       -2.3999999999999999        5.8144161219375612E-004
  -1.2999999999999998       -2.2999999999999998        9.3030320320495064E-004
  -1.2999999999999998       -2.1999999999999997        1.4590058497868611E-003
  -1.2999999999999998       -2.0999999999999996        2.2428677194858073E-003
  -1.2999999999999998       -2.0000000000000000        3.3795929693767155E-003
  -1.2999999999999998       -1.8999999999999999        4.9915939069102213E-003
  -1.2999999999999998       -1.7999999999999998        7.2265032813764686E-003
  -1.2999999999999998       -1.6999999999999997        1.0254896296404040E-002
  -1.2999999999999998       -1.5999999999999996        1.4264233908999280E-002
  -1.2999999999999998       -1.5000000000000000        1.9448214745385401E-002
  -1.2999999999999998       -1.3999999999999999        2.5991128778755358E-002
  -1.2999999999999998       -1.2999999999999998        3.4047454734599379E-002
  -1.2999999999999998       -1.1999999999999997        4.3717797252750983E-002
  -1.2999999999999998       -1.0999999999999996        5.5023220056407307E-002
  -1.2999999999999998       -1.0000000000000000        6.7880939371761470E-002
  -1.2999999999999998      -0.89999999999999947        8.2084998623898911E-002
  -1.2999999999999998      -0.79999999999999982        9.7295747089532855E-002
  -1.2999999999999998      -0.70000000000000018       0.11304153064044989     
  -1.2999999999999998      -0.59999999999999964       0.12873490358780434     
  -1.2999999999999998      -0.50000000000000000       0.14370394977770298     
  -1.2999999999999998      -0.39999999999999947       0.15723716631362775     
  -1.2999999999999998      -0.29999999999999982       0.16863814726859561     
  -1.2999999999999998      -0.19999999999999929       0.17728440996987793     
  -1.2999999999999998       -9.9999999999999645E-002  0.18268352405273475     
  -1.2999999999999998        0.0000000000000000       0.18451952399298935     
  -1.2999999999999998       0.10000000000000053       0.18268352405273475     
  -1.2999999999999998       0.20000000000000018       0.17728440996987788     
  -1.2999999999999998       0.30000000000000071       0.16863814726859550     
  -1.2999999999999998       0.40000000000000036       0.15723716631362764     
  -1.2999999999999998       0.50000000000000000       0.14370394977770298     
  -1.2999999999999998       0.60000000000000053       0.12873490358780418     
  -1.2999999999999998       0.70000000000000018       0.11304153064044989     
  -1.2999999999999998       0.80000000000000071        9.7295747089532716E-002
  -1.2999999999999998       0.90000000000000036        8.2084998623898800E-002
  -1.2999999999999998        1.0000000000000000        6.7880939371761470E-002
  -1.2999999999999998        1.1000000000000005        5.5023220056407210E-002
  -1.2999999999999998        1.2000000000000002        4.3717797252750941E-002
  -1.2999999999999998        1.3000000000000007        3.4047454734599282E-002
  -1.2999999999999998        1.4000000000000004        2.5991128778755333E-002
  -1.2999999999999998        1.5000000000000000        1.9448214745385401E-002
  -1.2999999999999998        1.6000000000000005        1.4264233908999229E-002
  -1.2999999999999998        1.7000000000000002        1.0254896296404022E-002
  -1.2999999999999998        1.8000000000000007        7.2265032813764495E-003
  -1.2999999999999998        1.9000000000000004        4.9915939069102126E-003
  -1.2999999999999998        2.0000000000000000        3.3795929693767155E-003
  -1.2999999999999998        2.1000000000000005        2.2428677194857994E-003
  -1.2999999999999998        2.2000000000000002        1.4590058497868585E-003
  -1.2999999999999998        2.3000000000000007        9.3030320320494652E-004
  -1.2999999999999998        2.4000000000000004        5.8144161219375514E-004
  -1.2999999999999998        2.5000000000000000        3.5620647830703436E-004
  -1.2999999999999998        2.6000000000000005        2.1390041536766073E-004
  -1.2999999999999998        2.7000000000000002        1.2590284750166984E-004
  -1.2999999999999998        2.8000000000000007        7.2639623992451426E-005
  -1.2999999999999998        2.9000000000000004        4.1079555225300649E-005
  -1.2999999999999998        3.0000000000000000        2.2771518306142183E-005
  -1.2999999999999998        3.0999999999999996        1.2372924261788265E-005
  -1.2999999999999998        3.2000000000000011        6.5897180163076829E-006
  -1.2999999999999998        3.3000000000000007        3.4401344604594171E-006
  -1.2999999999999998        3.4000000000000004        1.7603463121561662E-006
  -1.2999999999999998        3.5000000000000000        8.8294758344621936E-007
  -1.2999999999999998        3.5999999999999996        4.3409605606351618E-007
  -1.2999999999999998        3.7000000000000011        2.0919479197970668E-007
  -1.2999999999999998        3.8000000000000007        9.8816622738828243E-008
  -1.2999999999999998        3.9000000000000004        4.5753387694457955E-008
  -1.2999999999999998        4.0000000000000000        2.0764936871665619E-008
  -1.2999999999999998        4.0999999999999996        9.2374496619705944E-009
  -1.2999999999999998        4.2000000000000011        4.0279833325333661E-009
  -1.2999999999999998        4.3000000000000007        1.7216202219653516E-009
  -1.2999999999999998        4.4000000000000004        7.2127545920845004E-010
  -1.2999999999999998        4.5000000000000000        2.9619591664304164E-010
  -1.2999999999999998        4.6000000000000014        1.1922603150866973E-010
  -1.2999999999999998        4.7000000000000011        4.7041073104627412E-011
  -1.2999999999999998        4.8000000000000007        1.8192712756881695E-011
  -1.2999999999999998        4.9000000000000004        6.8965488232211803E-012
  -1.2999999999999998        5.0000000000000000        2.5625967912045225E-012

  -1.1999999999999997       -5.0000000000000000        3.2904394126290563E-012
  -1.1999999999999997       -4.9000000000000004        8.8553439764439298E-012
  -1.1999999999999997       -4.7999999999999998        2.3359905578335572E-011
  -1.1999999999999997       -4.7000000000000002        6.0401933494608153E-011
  -1.1999999999999997       -4.5999999999999996        1.5308925478794871E-010
  -1.1999999999999997       -4.5000000000000000        3.8032308528878910E-010
  -1.1999999999999997       -4.4000000000000004        9.2613602205677541E-010
  -1.1999999999999997       -4.2999999999999998        2.2106041228871262E-009
  -1.1999999999999997       -4.2000000000000002        5.1720329769674699E-009
  -1.1999999999999997       -4.0999999999999996        1.1861120151343871E-008
  -1.1999999999999997       -4.0000000000000000        2.6662706719135092E-008
  -1.1999999999999997       -3.8999999999999999        5.8748512699252362E-008
  -1.1999999999999997       -3.7999999999999998        1.2688305518789973E-007
  -1.1999999999999997       -3.7000000000000002        2.6861142994065017E-007
  -1.1999999999999997       -3.5999999999999996        5.5739036926946157E-007
  -1.1999999999999997       -3.5000000000000000        1.1337271387479661E-006
  -1.1999999999999997       -3.3999999999999999        2.2603294069810585E-006
  -1.1999999999999997       -3.2999999999999998        4.4172200840532854E-006
  -1.1999999999999997       -3.2000000000000002        8.4613654217442343E-006
  -1.1999999999999997       -3.0999999999999996        1.5887149230888543E-005
  -1.1999999999999997       -3.0000000000000000        2.9239208281656749E-005
  -1.1999999999999997       -2.8999999999999999        5.2747193015513852E-005
  -1.1999999999999997       -2.7999999999999998        9.3271123464948980E-005
  -1.1999999999999997       -2.6999999999999997        1.6166245622550534E-004
  -1.1999999999999997       -2.5999999999999996        2.7465356997214302E-004
  -1.1999999999999997       -2.5000000000000000        4.5737817173506273E-004
  -1.1999999999999997       -2.3999999999999999        7.4658580837667985E-004
  -1.1999999999999997       -2.2999999999999998        1.1945329581411774E-003
  -1.1999999999999997       -2.1999999999999997        1.8734005942224266E-003
  -1.1999999999999997       -2.0999999999999996        2.8798991580882482E-003
  -1.1999999999999997       -2.0000000000000000        4.3394832707388991E-003
  -1.1999999999999997       -1.8999999999999999        6.4093334462563883E-003
  -1.1999999999999997       -1.7999999999999998        9.2790138870647507E-003
  -1.1999999999999997       -1.6999999999999997        1.3167547490079775E-002
  -1.1999999999999997       -1.5999999999999996        1.8315638888734213E-002
  -1.1999999999999997       -1.5000000000000000        2.4972002042276165E-002
  -1.1999999999999997       -1.3999999999999999        3.3373269960326114E-002
  -1.1999999999999997       -1.2999999999999998        4.3717797252750983E-002
  -1.1999999999999997       -1.1999999999999997        5.6134762834133801E-002
  -1.1999999999999997       -1.0999999999999996        7.0651213060429693E-002
  -1.1999999999999997       -1.0000000000000000        8.7160851461981340E-002
  -1.1999999999999997      -0.89999999999999947       0.10539922456186453     
  -1.1999999999999997      -0.79999999999999982       0.12493021219858252     
  -1.1999999999999997      -0.70000000000000018       0.14514819848362381     
  -1.1999999999999997      -0.59999999999999964       0.16529888822158673     
  -1.1999999999999997      -0.50000000000000000       0.18451952399298940     
  -1.1999999999999997      -0.39999999999999947       0.20189651799465566     
  -1.1999999999999997      -0.29999999999999982       0.21653566731600724     
  -1.1999999999999997      -0.19999999999999929       0.22763768838381296     
  -1.1999999999999997       -9.9999999999999645E-002  0.23457028809379782     
  -1.1999999999999997        0.0000000000000000       0.23692775868212193     
  -1.1999999999999997       0.10000000000000053       0.23457028809379782     
  -1.1999999999999997       0.20000000000000018       0.22763768838381290     
  -1.1999999999999997       0.30000000000000071       0.21653566731600710     
  -1.1999999999999997       0.40000000000000036       0.20189651799465547     
  -1.1999999999999997       0.50000000000000000       0.18451952399298940     
  -1.1999999999999997       0.60000000000000053       0.16529888822158656     
  -1.1999999999999997       0.70000000000000018       0.14514819848362381     
  -1.1999999999999997       0.80000000000000071       0.12493021219858236     
  -1.1999999999999997       0.90000000000000036       0.10539922456186433     
  -1.1999999999999997        1.0000000000000000        8.7160851461981340E-002
  -1.1999999999999997        1.1000000000000005        7.0651213060429569E-002
  -1.1999999999999997        1.2000000000000002        5.6134762834133725E-002
  -1.1999999999999997        1.3000000000000007        4.3717797252750885E-002
  -1.1999999999999997        1.4000000000000004        3.3373269960326066E-002
  -1.1999999999999997        1.5000000000000000        2.4972002042276165E-002
  -1.1999999999999997        1.6000000000000005        1.8315638888734165E-002
  -1.1999999999999997        1.7000000000000002        1.3167547490079751E-002
  -1.1999999999999997        1.8000000000000007        9.2790138870647264E-003
  -1.1999999999999997        1.9000000000000004        6.4093334462563770E-003
  -1.1999999999999997        2.0000000000000000        4.3394832707388991E-003
  -1.1999999999999997        2.1000000000000005        2.8798991580882378E-003
  -1.1999999999999997        2.2000000000000002        1.8734005942224233E-003
  -1.1999999999999997        2.3000000000000007        1.1945329581411722E-003
  -1.1999999999999997        2.4000000000000004        7.4658580837667855E-004
  -1.1999999999999997        2.5000000000000000        4.5737817173506273E-004
  -1.1999999999999997        2.6000000000000005        2.7465356997214205E-004
  -1.1999999999999997        2.7000000000000002        1.6166245622550477E-004
  -1.1999999999999997        2.8000000000000007        9.3271123464948479E-005
  -1.1999999999999997        2.9000000000000004        5.2747193015513757E-005
  -1.1999999999999997        3.0000000000000000        2.9239208281656749E-005
  -1.1999999999999997        3.0999999999999996        1.5887149230888543E-005
  -1.1999999999999997        3.2000000000000011        8.4613654217441903E-006
  -1.1999999999999997        3.3000000000000007        4.4172200840532617E-006
  -1.1999999999999997        3.4000000000000004        2.2603294069810504E-006
  -1.1999999999999997        3.5000000000000000        1.1337271387479661E-006
  -1.1999999999999997        3.5999999999999996        5.5739036926946157E-007
  -1.1999999999999997        3.7000000000000011        2.6861142994064826E-007
  -1.1999999999999997        3.8000000000000007        1.2688305518789907E-007
  -1.1999999999999997        3.9000000000000004        5.8748512699252157E-008
  -1.1999999999999997        4.0000000000000000        2.6662706719135092E-008
  -1.1999999999999997        4.0999999999999996        1.1861120151343871E-008
  -1.1999999999999997        4.2000000000000011        5.1720329769674335E-009
  -1.1999999999999997        4.3000000000000007        2.2106041228871105E-009
  -1.1999999999999997        4.4000000000000004        9.2613602205677541E-010
  -1.1999999999999997        4.5000000000000000        3.8032308528878910E-010
  -1.1999999999999997        4.6000000000000014        1.5308925478794597E-010
  -1.1999999999999997        4.7000000000000011        6.0401933494607727E-011
  -1.1999999999999997        4.8000000000000007        2.3359905578335407E-011
  -1.1999999999999997        4.9000000000000004        8.8553439764439298E-012
  -1.1999999999999997        5.0000000000000000        3.2904394126290563E-012

  -1.0999999999999996       -5.0000000000000000        4.1413470774072622E-012
  -1.0999999999999996       -4.9000000000000004        1.1145336016681237E-011
  -1.0999999999999996       -4.7999999999999998        2.9400777392844726E-011
  -1.0999999999999996       -4.7000000000000002        7.6021874096073237E-011
  -1.0999999999999996       -4.5999999999999996        1.9267813759620801E-010
  -1.0999999999999996       -4.5000000000000000        4.7867463892087812E-010
  -1.0999999999999996       -4.4000000000000004        1.1656348065567010E-009
  -1.0999999999999996       -4.2999999999999998        2.7822663710158728E-009
  -1.0999999999999996       -4.2000000000000002        6.5095207561668245E-009
  -1.0999999999999996       -4.0999999999999996        1.4928405940256080E-008
  -1.0999999999999996       -4.0000000000000000        3.3557682941450082E-008
  -1.0999999999999996       -3.8999999999999999        7.3940878666621118E-008
  -1.0999999999999996       -3.7999999999999998        1.5969501451937315E-007
  -1.0999999999999996       -3.7000000000000002        3.3807434839047367E-007
  -1.0999999999999996       -3.5999999999999996        7.0153152429713998E-007
  -1.0999999999999996       -3.5000000000000000        1.4269089880855095E-006
  -1.0999999999999996       -3.3999999999999999        2.8448506140702519E-006
  -1.0999999999999996       -3.2999999999999998        5.5595132416501562E-006
  -1.0999999999999996       -3.2000000000000002        1.0649474603824239E-005
  -1.0999999999999996       -3.0999999999999996        1.9995566179747428E-005
  -1.0999999999999996       -3.0000000000000000        3.6800467833623275E-005
  -1.0999999999999996       -2.8999999999999999        6.6387617653077840E-005
  -1.0999999999999996       -2.7999999999999998        1.1739103691911818E-004
  -1.0999999999999996       -2.6999999999999997        2.0346836901064455E-004
  -1.0999999999999996       -2.5999999999999996        3.4567898589410586E-004
  -1.0999999999999996       -2.5000000000000000        5.7565617148727666E-004
  -1.0999999999999996       -2.3999999999999999        9.3965290583609702E-004
  -1.0999999999999996       -2.2999999999999998        1.5034391929775752E-003
  -1.0999999999999996       -2.1999999999999997        2.3578620064902368E-003
  -1.0999999999999996       -2.0999999999999996        3.6246411089657657E-003
  -1.0999999999999996       -2.0000000000000000        5.4616736876407831E-003
  -1.0999999999999996       -1.8999999999999999        8.0667871390996213E-003
  -1.0999999999999996       -1.7999999999999998        1.1678566970395463E-002
  -1.0999999999999996       -1.6999999999999997        1.6572675401761269E-002
  -1.0999999999999996       -1.5999999999999996        2.3052063287225619E-002
  -1.0999999999999996       -1.5000000000000000        3.1429762018367738E-002
  -1.0999999999999996       -1.3999999999999999        4.2003597903445586E-002
  -1.0999999999999996       -1.2999999999999998        5.5023220056407307E-002
  -1.0999999999999996       -1.1999999999999997        7.0651213060429693E-002
  -1.0999999999999996       -1.0999999999999996        8.8921617459386454E-002
  -1.0999999999999996       -1.0000000000000000       0.10970064851551151     
  -1.0999999999999996      -0.89999999999999947       0.13265546508012196     
  -1.0999999999999996      -0.79999999999999982       0.15723716631362777     
  -1.0999999999999996      -0.70000000000000018       0.18268352405273475     
  -1.0999999999999996      -0.59999999999999964       0.20804518235702069     
  -1.0999999999999996      -0.50000000000000000       0.23223627472975900     
  -1.0999999999999996      -0.39999999999999947       0.25410695955280060     
  -1.0999999999999996      -0.29999999999999982       0.27253179303401281     
  -1.0999999999999996      -0.19999999999999929       0.28650479686019037     
  -1.0999999999999996       -9.9999999999999645E-002  0.29523016692401444     
  -1.0999999999999996        0.0000000000000000       0.29819727942988761     
  -1.0999999999999996       0.10000000000000053       0.29523016692401444     
  -1.0999999999999996       0.20000000000000018       0.28650479686019031     
  -1.0999999999999996       0.30000000000000071       0.27253179303401265     
  -1.0999999999999996       0.40000000000000036       0.25410695955280038     
  -1.0999999999999996       0.50000000000000000       0.23223627472975900     
  -1.0999999999999996       0.60000000000000053       0.20804518235702049     
  -1.0999999999999996       0.70000000000000018       0.18268352405273475     
  -1.0999999999999996       0.80000000000000071       0.15723716631362752     
  -1.0999999999999996       0.90000000000000036       0.13265546508012172     
  -1.0999999999999996        1.0000000000000000       0.10970064851551151     
  -1.0999999999999996        1.1000000000000005        8.8921617459386301E-002
  -1.0999999999999996        1.2000000000000002        7.0651213060429624E-002
  -1.0999999999999996        1.3000000000000007        5.5023220056407161E-002
  -1.0999999999999996        1.4000000000000004        4.2003597903445530E-002
  -1.0999999999999996        1.5000000000000000        3.1429762018367738E-002
  -1.0999999999999996        1.6000000000000005        2.3052063287225540E-002
  -1.0999999999999996        1.7000000000000002        1.6572675401761255E-002
  -1.0999999999999996        1.8000000000000007        1.1678566970395422E-002
  -1.0999999999999996        1.9000000000000004        8.0667871390996144E-003
  -1.0999999999999996        2.0000000000000000        5.4616736876407831E-003
  -1.0999999999999996        2.1000000000000005        3.6246411089657527E-003
  -1.0999999999999996        2.2000000000000002        2.3578620064902329E-003
  -1.0999999999999996        2.3000000000000007        1.5034391929775685E-003
  -1.0999999999999996        2.4000000000000004        9.3965290583609528E-004
  -1.0999999999999996        2.5000000000000000        5.7565617148727666E-004
  -1.0999999999999996        2.6000000000000005        3.4567898589410434E-004
  -1.0999999999999996        2.7000000000000002        2.0346836901064417E-004
  -1.0999999999999996        2.8000000000000007        1.1739103691911754E-004
  -1.0999999999999996        2.9000000000000004        6.6387617653077731E-005
  -1.0999999999999996        3.0000000000000000        3.6800467833623275E-005
  -1.0999999999999996        3.0999999999999996        1.9995566179747428E-005
  -1.0999999999999996        3.2000000000000011        1.0649474603824181E-005
  -1.0999999999999996        3.3000000000000007        5.5595132416501265E-006
  -1.0999999999999996        3.4000000000000004        2.8448506140702418E-006
  -1.0999999999999996        3.5000000000000000        1.4269089880855095E-006
  -1.0999999999999996        3.5999999999999996        7.0153152429713998E-007
  -1.0999999999999996        3.7000000000000011        3.3807434839047129E-007
  -1.0999999999999996        3.8000000000000007        1.5969501451937231E-007
  -1.0999999999999996        3.9000000000000004        7.3940878666620853E-008
  -1.0999999999999996        4.0000000000000000        3.3557682941450082E-008
  -1.0999999999999996        4.0999999999999996        1.4928405940256080E-008
  -1.0999999999999996        4.2000000000000011        6.5095207561667782E-009
  -1.0999999999999996        4.3000000000000007        2.7822663710158534E-009
  -1.0999999999999996        4.4000000000000004        1.1656348065567010E-009
  -1.0999999999999996        4.5000000000000000        4.7867463892087812E-010
  -1.0999999999999996        4.6000000000000014        1.9267813759620457E-010
  -1.0999999999999996        4.7000000000000011        7.6021874096072707E-011
  -1.0999999999999996        4.8000000000000007        2.9400777392844519E-011
  -1.0999999999999996        4.9000000000000004        1.1145336016681237E-011
  -1.0999999999999996        5.0000000000000000        4.1413470774072622E-012

  -1.0000000000000000       -5.0000000000000000        5.1090890280633251E-012
  -1.0000000000000000       -4.9000000000000004        1.3749756514625336E-011
  -1.0000000000000000       -4.7999999999999998        3.6271094015224788E-011
  -1.0000000000000000       -4.7000000000000002        9.3786518149119506E-011
  -1.0000000000000000       -4.5999999999999996        2.3770279098576849E-010
  -1.0000000000000000       -4.5000000000000000        5.9053039989440393E-010
  -1.0000000000000000       -4.4000000000000004        1.4380180867709259E-009
  -1.0000000000000000       -4.2999999999999998        3.4324209788777536E-009
  -1.0000000000000000       -4.2000000000000002        8.0306529377160473E-009
  -1.0000000000000000       -4.0999999999999996        1.8416846878621859E-008
  -1.0000000000000000       -4.0000000000000000        4.1399377187851668E-008
  -1.0000000000000000       -3.8999999999999999        9.1219239744933830E-008
  -1.0000000000000000       -3.7999999999999998        1.9701223569702404E-007
  -1.0000000000000000       -3.7000000000000002        4.1707490624349934E-007
  -1.0000000000000000       -3.5999999999999996        8.6546404989339174E-007
  -1.0000000000000000       -3.5000000000000000        1.7603463121561693E-006
  -1.0000000000000000       -3.3999999999999999        3.5096297864329351E-006
  -1.0000000000000000       -3.2999999999999998        6.8586495102627828E-006
  -1.0000000000000000       -3.2000000000000002        1.3138023168804481E-005
  -1.0000000000000000       -3.0999999999999996        2.4668091292367449E-005
  -1.0000000000000000       -3.0000000000000000        4.5399929762484854E-005
  -1.0000000000000000       -2.8999999999999999        8.1900947351399041E-005
  -1.0000000000000000       -2.7999999999999998        1.4482274668268800E-004
  -1.0000000000000000       -2.6999999999999997        2.5101446274361446E-004
  -1.0000000000000000       -2.5999999999999996        4.2645658068565459E-004
  -1.0000000000000000       -2.5000000000000000        7.1017438884254903E-004
  -1.0000000000000000       -2.3999999999999999        1.1592291739045914E-003
  -1.0000000000000000       -2.2999999999999998        1.8547599468555049E-003
  -1.0000000000000000       -2.1999999999999997        2.9088426258125867E-003
  -1.0000000000000000       -2.0999999999999996        4.4716402113483397E-003
  -1.0000000000000000       -2.0000000000000000        6.7379469990854670E-003
  -1.0000000000000000       -1.8999999999999999        9.9518183078484285E-003
  -1.0000000000000000       -1.7999999999999998        1.4407591843112364E-002
  -1.0000000000000000       -1.6999999999999997        2.0445346037937673E-002
  -1.0000000000000000       -1.5999999999999996        2.8438824714184543E-002
  -1.0000000000000000       -1.5000000000000000        3.8774207831722009E-002
  -1.0000000000000000       -1.3999999999999999        5.1818917172725833E-002
  -1.0000000000000000       -1.2999999999999998        6.7880939371761470E-002
  -1.0000000000000000       -1.1999999999999997        8.7160851461981340E-002
  -1.0000000000000000       -1.0999999999999996       0.10970064851551151     
  -1.0000000000000000       -1.0000000000000000       0.13533528323661270     
  -1.0000000000000000      -0.89999999999999947       0.16365413680270421     
  -1.0000000000000000      -0.79999999999999982       0.19398004229089197     
  -1.0000000000000000      -0.70000000000000018       0.22537265553943867     
  -1.0000000000000000      -0.59999999999999964       0.25666077695355599     
  -1.0000000000000000      -0.50000000000000000       0.28650479686019009     
  -1.0000000000000000      -0.39999999999999947       0.31348618088260538     
  -1.0000000000000000      -0.29999999999999982       0.33621649370673340     
  -1.0000000000000000      -0.19999999999999929       0.35345468195878021     
  -1.0000000000000000       -9.9999999999999645E-002  0.36421897957152333     
  -1.0000000000000000        0.0000000000000000       0.36787944117144233     
  -1.0000000000000000       0.10000000000000053       0.36421897957152333     
  -1.0000000000000000       0.20000000000000018       0.35345468195878016     
  -1.0000000000000000       0.30000000000000071       0.33621649370673318     
  -1.0000000000000000       0.40000000000000036       0.31348618088260521     
  -1.0000000000000000       0.50000000000000000       0.28650479686019009     
  -1.0000000000000000       0.60000000000000053       0.25666077695355566     
  -1.0000000000000000       0.70000000000000018       0.22537265553943867     
  -1.0000000000000000       0.80000000000000071       0.19398004229089169     
  -1.0000000000000000       0.90000000000000036       0.16365413680270399     
  -1.0000000000000000        1.0000000000000000       0.13533528323661270     
  -1.0000000000000000        1.1000000000000005       0.10970064851551131     
  -1.0000000000000000        1.2000000000000002        8.7160851461981256E-002
  -1.0000000000000000        1.3000000000000007        6.7880939371761290E-002
  -1.0000000000000000        1.4000000000000004        5.1818917172725791E-002
  -1.0000000000000000        1.5000000000000000        3.8774207831722009E-002
  -1.0000000000000000        1.6000000000000005        2.8438824714184456E-002
  -1.0000000000000000        1.7000000000000002        2.0445346037937646E-002
  -1.0000000000000000        1.8000000000000007        1.4407591843112326E-002
  -1.0000000000000000        1.9000000000000004        9.9518183078484111E-003
  -1.0000000000000000        2.0000000000000000        6.7379469990854670E-003
  -1.0000000000000000        2.1000000000000005        4.4716402113483241E-003
  -1.0000000000000000        2.2000000000000002        2.9088426258125815E-003
  -1.0000000000000000        2.3000000000000007        1.8547599468554967E-003
  -1.0000000000000000        2.4000000000000004        1.1592291739045894E-003
  -1.0000000000000000        2.5000000000000000        7.1017438884254903E-004
  -1.0000000000000000        2.6000000000000005        4.2645658068565269E-004
  -1.0000000000000000        2.7000000000000002        2.5101446274361402E-004
  -1.0000000000000000        2.8000000000000007        1.4482274668268749E-004
  -1.0000000000000000        2.9000000000000004        8.1900947351398892E-005
  -1.0000000000000000        3.0000000000000000        4.5399929762484854E-005
  -1.0000000000000000        3.0999999999999996        2.4668091292367449E-005
  -1.0000000000000000        3.2000000000000011        1.3138023168804412E-005
  -1.0000000000000000        3.3000000000000007        6.8586495102627463E-006
  -1.0000000000000000        3.4000000000000004        3.5096297864329224E-006
  -1.0000000000000000        3.5000000000000000        1.7603463121561693E-006
  -1.0000000000000000        3.5999999999999996        8.6546404989339174E-007
  -1.0000000000000000        3.7000000000000011        4.1707490624349637E-007
  -1.0000000000000000        3.8000000000000007        1.9701223569702299E-007
  -1.0000000000000000        3.9000000000000004        9.1219239744933830E-008
  -1.0000000000000000        4.0000000000000000        4.1399377187851668E-008
  -1.0000000000000000        4.0999999999999996        1.8416846878621859E-008
  -1.0000000000000000        4.2000000000000011        8.0306529377159893E-009
  -1.0000000000000000        4.3000000000000007        3.4324209788777292E-009
  -1.0000000000000000        4.4000000000000004        1.4380180867709259E-009
  -1.0000000000000000        4.5000000000000000        5.9053039989440393E-010
  -1.0000000000000000        4.6000000000000014        2.3770279098576430E-010
  -1.0000000000000000        4.7000000000000011        9.3786518149118847E-011
  -1.0000000000000000        4.8000000000000007        3.6271094015224530E-011
  -1.0000000000000000        4.9000000000000004        1.3749756514625336E-011
  -1.0000000000000000        5.0000000000000000        5.1090890280633251E-012

 -0.89999999999999947       -5.0000000000000000        6.1781638515806612E-012
 -0.89999999999999947       -4.9000000000000004        1.6626887533195881E-011
 -0.89999999999999947       -4.7999999999999998        4.3860805844498973E-011
 -0.89999999999999947       -4.7000000000000002        1.1341130933749743E-010
 -0.89999999999999947       -4.5999999999999996        2.8744200436154667E-010
 -0.89999999999999947       -4.5000000000000000        7.1409864847668469E-010
 -0.89999999999999947       -4.4000000000000004        1.7389227928515948E-009
 -0.89999999999999947       -4.2999999999999998        4.1506536876982376E-009
 -0.89999999999999947       -4.2000000000000002        9.7110638338581673E-009
 -0.89999999999999947       -4.0999999999999996        2.2270564678088720E-008
 -0.89999999999999947       -4.0000000000000000        5.0062180207670489E-008
 -0.89999999999999947       -3.8999999999999999        1.1030682896016174E-007
 -0.89999999999999947       -3.7999999999999998        2.3823696675018222E-007
 -0.89999999999999947       -3.7000000000000002        5.0434766256788803E-007
 -0.89999999999999947       -3.5999999999999996        1.0465620541204007E-006
 -0.89999999999999947       -3.5000000000000000        2.1286980697122769E-006
 -0.89999999999999947       -3.3999999999999999        4.2440184071699376E-006
 -0.89999999999999947       -3.2999999999999998        8.2938191607573857E-006
 -0.89999999999999947       -3.2000000000000002        1.5887149230888489E-005
 -0.89999999999999947       -3.0999999999999996        2.9829879470267725E-005
 -0.89999999999999947       -3.0000000000000000        5.4899846798952354E-005
 -0.89999999999999947       -2.8999999999999999        9.9038687632427150E-005
 -0.89999999999999947       -2.7999999999999998        1.7512684815765875E-004
 -0.89999999999999947       -2.6999999999999997        3.0353913807886732E-004
 -0.89999999999999947       -2.5999999999999996        5.1569244861241566E-004
 -0.89999999999999947       -2.5000000000000000        8.5877809397433801E-004
 -0.89999999999999947       -2.3999999999999999        1.4017974121366770E-003
 -0.89999999999999947       -2.2999999999999998        2.2428677194858073E-003
 -0.89999999999999947       -2.1999999999999997        3.5175167749121380E-003
 -0.89999999999999947       -2.0999999999999996        5.4073291264409738E-003
 -0.89999999999999947       -2.0000000000000000        8.1478596976799957E-003
 -0.89999999999999947       -1.8999999999999999        1.2034232284723785E-002
 -0.89999999999999947       -1.7999999999999998        1.7422374639493546E-002
 -0.89999999999999947       -1.6999999999999997        2.4723526470339430E-002
 -0.89999999999999947       -1.5999999999999996        3.4389637343472786E-002
 -0.89999999999999947       -1.5000000000000000        4.6887695219988527E-002
 -0.89999999999999947       -1.3999999999999999        6.2662004742153235E-002
 -0.89999999999999947       -1.2999999999999998        8.2084998623898911E-002
 -0.89999999999999947       -1.1999999999999997       0.10539922456186453     
 -0.89999999999999947       -1.0999999999999996       0.13265546508012196     
 -0.89999999999999947       -1.0000000000000000       0.16365413680270421     
 -0.89999999999999947      -0.89999999999999947       0.19789869908361504     
 -0.89999999999999947      -0.79999999999999982       0.23457028809379793     
 -0.89999999999999947      -0.70000000000000018       0.27253179303401276     
 -0.89999999999999947      -0.59999999999999964       0.31036694126548542     
 -0.89999999999999947      -0.50000000000000000       0.34645581033005773     
 -0.89999999999999947      -0.39999999999999947       0.37908303810339933     
 -0.89999999999999947      -0.29999999999999982       0.40656965974059955     
 -0.89999999999999947      -0.19999999999999929       0.42741493194872721     
 -0.89999999999999947       -9.9999999999999645E-002  0.44043165450599975     
 -0.89999999999999947        0.0000000000000000       0.44485806622294155     
 -0.89999999999999947       0.10000000000000053       0.44043165450599964     
 -0.89999999999999947       0.20000000000000018       0.42741493194872704     
 -0.89999999999999947       0.30000000000000071       0.40656965974059933     
 -0.89999999999999947       0.40000000000000036       0.37908303810339911     
 -0.89999999999999947       0.50000000000000000       0.34645581033005773     
 -0.89999999999999947       0.60000000000000053       0.31036694126548509     
 -0.89999999999999947       0.70000000000000018       0.27253179303401276     
 -0.89999999999999947       0.80000000000000071       0.23457028809379762     
 -0.89999999999999947       0.90000000000000036       0.19789869908361474     
 -0.89999999999999947        1.0000000000000000       0.16365413680270421     
 -0.89999999999999947        1.1000000000000005       0.13265546508012172     
 -0.89999999999999947        1.2000000000000002       0.10539922456186439     
 -0.89999999999999947        1.3000000000000007        8.2084998623898717E-002
 -0.89999999999999947        1.4000000000000004        6.2662004742153152E-002
 -0.89999999999999947        1.5000000000000000        4.6887695219988527E-002
 -0.89999999999999947        1.6000000000000005        3.4389637343472682E-002
 -0.89999999999999947        1.7000000000000002        2.4723526470339399E-002
 -0.89999999999999947        1.8000000000000007        1.7422374639493483E-002
 -0.89999999999999947        1.9000000000000004        1.2034232284723775E-002
 -0.89999999999999947        2.0000000000000000        8.1478596976799957E-003
 -0.89999999999999947        2.1000000000000005        5.4073291264409547E-003
 -0.89999999999999947        2.2000000000000002        3.5175167749121315E-003
 -0.89999999999999947        2.3000000000000007        2.2428677194857973E-003
 -0.89999999999999947        2.4000000000000004        1.4017974121366744E-003
 -0.89999999999999947        2.5000000000000000        8.5877809397433801E-004
 -0.89999999999999947        2.6000000000000005        5.1569244861241338E-004
 -0.89999999999999947        2.7000000000000002        3.0353913807886678E-004
 -0.89999999999999947        2.8000000000000007        1.7512684815765780E-004
 -0.89999999999999947        2.9000000000000004        9.9038687632426974E-005
 -0.89999999999999947        3.0000000000000000        5.4899846798952354E-005
 -0.89999999999999947        3.0999999999999996        2.9829879470267725E-005
 -0.89999999999999947        3.2000000000000011        1.5887149230888405E-005
 -0.89999999999999947        3.3000000000000007        8.2938191607573416E-006
 -0.89999999999999947        3.4000000000000004        4.2440184071699223E-006
 -0.89999999999999947        3.5000000000000000        2.1286980697122769E-006
 -0.89999999999999947        3.5999999999999996        1.0465620541204007E-006
 -0.89999999999999947        3.7000000000000011        5.0434766256788453E-007
 -0.89999999999999947        3.8000000000000007        2.3823696675018095E-007
 -0.89999999999999947        3.9000000000000004        1.1030682896016135E-007
 -0.89999999999999947        4.0000000000000000        5.0062180207670489E-008
 -0.89999999999999947        4.0999999999999996        2.2270564678088720E-008
 -0.89999999999999947        4.2000000000000011        9.7110638338580978E-009
 -0.89999999999999947        4.3000000000000007        4.1506536876982087E-009
 -0.89999999999999947        4.4000000000000004        1.7389227928515948E-009
 -0.89999999999999947        4.5000000000000000        7.1409864847668469E-010
 -0.89999999999999947        4.6000000000000014        2.8744200436154161E-010
 -0.89999999999999947        4.7000000000000011        1.1341130933749662E-010
 -0.89999999999999947        4.8000000000000007        4.3860805844498657E-011
 -0.89999999999999947        4.9000000000000004        1.6626887533195881E-011
 -0.89999999999999947        5.0000000000000000        6.1781638515806612E-012

 -0.79999999999999982       -5.0000000000000000        7.3230075855306592E-012
 -0.79999999999999982       -4.9000000000000004        1.9707930455455148E-011
 -0.79999999999999982       -4.7999999999999998        5.1988425950305175E-011
 -0.79999999999999982       -4.7000000000000002        1.3442697515233013E-010
 -0.79999999999999982       -4.5999999999999996        3.4070640224299034E-010
 -0.79999999999999982       -4.5000000000000000        8.4642459236072915E-010
 -0.79999999999999982       -4.4000000000000004        2.0611536224385504E-009
 -0.79999999999999982       -4.2999999999999998        4.9197899521794774E-009
 -0.79999999999999982       -4.2000000000000002        1.1510571073753813E-008
 -0.79999999999999982       -4.0999999999999996        2.6397408354582483E-008
 -0.79999999999999982       -4.0000000000000000        5.9338945067826102E-008
 -0.79999999999999982       -3.8999999999999999        1.3074721950024572E-007
 -0.79999999999999982       -3.7999999999999998        2.8238343245283956E-007
 -0.79999999999999982       -3.7000000000000002        5.9780573119380331E-007
 -0.79999999999999982       -3.5999999999999996        1.2404950799567155E-006
 -0.79999999999999982       -3.5000000000000000        2.5231561490262545E-006
 -0.79999999999999982       -3.3999999999999999        5.0304556071114483E-006
 -0.79999999999999982       -3.2999999999999998        9.8307040872195313E-006
 -0.79999999999999982       -3.2000000000000002        1.8831115057022703E-005
 -0.79999999999999982       -3.0999999999999996        3.5357500850410110E-005
 -0.79999999999999982       -3.0000000000000000        6.5073054747542944E-005
 -0.79999999999999982       -2.8999999999999999        1.1739103691911796E-004
 -0.79999999999999982       -2.7999999999999998        2.0757870271771790E-004
 -0.79999999999999982       -2.6999999999999997        3.5978641293048371E-004
 -0.79999999999999982       -2.5999999999999996        6.1125276112957393E-004
 -0.79999999999999982       -2.5000000000000000        1.0179138409954387E-003
 -0.79999999999999982       -2.3999999999999999        1.6615572731739354E-003
 -0.79999999999999982       -2.2999999999999998        2.6584819887763697E-003
 -0.79999999999999982       -2.1999999999999997        4.1693296979041193E-003
 -0.79999999999999982       -2.0999999999999996        6.4093334462563944E-003
 -0.79999999999999982       -2.0000000000000000        9.6576976275377768E-003
 -0.79999999999999982       -1.8999999999999999        1.4264233908999256E-002
 -0.79999999999999982       -1.7999999999999998        2.0650825181712584E-002
 -0.79999999999999982       -1.6999999999999997        2.9304915867040784E-002
 -0.79999999999999982       -1.5999999999999996        4.0762203978366281E-002
 -0.79999999999999982       -1.5000000000000000        5.5576212611483086E-002
 -0.79999999999999982       -1.3999999999999999        7.4273578214333905E-002
 -0.79999999999999982       -1.2999999999999998        9.7295747089532855E-002
 -0.79999999999999982       -1.1999999999999997       0.12493021219858252     
 -0.79999999999999982       -1.0999999999999996       0.15723716631362777     
 -0.79999999999999982       -1.0000000000000000       0.19398004229089197     
 -0.79999999999999982      -0.89999999999999947       0.23457028809379793     
 -0.79999999999999982      -0.79999999999999982       0.27803730045319430     
 -0.79999999999999982      -0.70000000000000018       0.32303325642225295     
 -0.79999999999999982      -0.59999999999999964       0.36787944117144256     
 -0.79999999999999982      -0.50000000000000000       0.41065575275234562     
 -0.79999999999999982      -0.39999999999999947       0.44932896411722190     
 -0.79999999999999982      -0.29999999999999982       0.48190899009020266     
 -0.79999999999999982      -0.19999999999999929       0.50661699236558988     
 -0.79999999999999982       -9.9999999999999645E-002  0.52204577676101627     
 -0.79999999999999982        0.0000000000000000       0.52729242404304877     
 -0.79999999999999982       0.10000000000000053       0.52204577676101616     
 -0.79999999999999982       0.20000000000000018       0.50661699236558977     
 -0.79999999999999982       0.30000000000000071       0.48190899009020238     
 -0.79999999999999982       0.40000000000000036       0.44932896411722162     
 -0.79999999999999982       0.50000000000000000       0.41065575275234562     
 -0.79999999999999982       0.60000000000000053       0.36787944117144217     
 -0.79999999999999982       0.70000000000000018       0.32303325642225295     
 -0.79999999999999982       0.80000000000000071       0.27803730045319391     
 -0.79999999999999982       0.90000000000000036       0.23457028809379762     
 -0.79999999999999982        1.0000000000000000       0.19398004229089197     
 -0.79999999999999982        1.1000000000000005       0.15723716631362750     
 -0.79999999999999982        1.2000000000000002       0.12493021219858241     
 -0.79999999999999982        1.3000000000000007        9.7295747089532592E-002
 -0.79999999999999982        1.4000000000000004        7.4273578214333835E-002
 -0.79999999999999982        1.5000000000000000        5.5576212611483086E-002
 -0.79999999999999982        1.6000000000000005        4.0762203978366156E-002
 -0.79999999999999982        1.7000000000000002        2.9304915867040746E-002
 -0.79999999999999982        1.8000000000000007        2.0650825181712521E-002
 -0.79999999999999982        1.9000000000000004        1.4264233908999243E-002
 -0.79999999999999982        2.0000000000000000        9.6576976275377768E-003
 -0.79999999999999982        2.1000000000000005        6.4093334462563718E-003
 -0.79999999999999982        2.2000000000000002        4.1693296979041115E-003
 -0.79999999999999982        2.3000000000000007        2.6584819887763575E-003
 -0.79999999999999982        2.4000000000000004        1.6615572731739324E-003
 -0.79999999999999982        2.5000000000000000        1.0179138409954387E-003
 -0.79999999999999982        2.6000000000000005        6.1125276112957122E-004
 -0.79999999999999982        2.7000000000000002        3.5978641293048274E-004
 -0.79999999999999982        2.8000000000000007        2.0757870271771679E-004
 -0.79999999999999982        2.9000000000000004        1.1739103691911796E-004
 -0.79999999999999982        3.0000000000000000        6.5073054747542944E-005
 -0.79999999999999982        3.0999999999999996        3.5357500850410110E-005
 -0.79999999999999982        3.2000000000000011        1.8831115057022635E-005
 -0.79999999999999982        3.3000000000000007        9.8307040872194619E-006
 -0.79999999999999982        3.4000000000000004        5.0304556071114297E-006
 -0.79999999999999982        3.5000000000000000        2.5231561490262545E-006
 -0.79999999999999982        3.5999999999999996        1.2404950799567155E-006
 -0.79999999999999982        3.7000000000000011        5.9780573119379908E-007
 -0.79999999999999982        3.8000000000000007        2.8238343245283755E-007
 -0.79999999999999982        3.9000000000000004        1.3074721950024527E-007
 -0.79999999999999982        4.0000000000000000        5.9338945067826102E-008
 -0.79999999999999982        4.0999999999999996        2.6397408354582483E-008
 -0.79999999999999982        4.2000000000000011        1.1510571073753730E-008
 -0.79999999999999982        4.3000000000000007        4.9197899521794427E-009
 -0.79999999999999982        4.4000000000000004        2.0611536224385504E-009
 -0.79999999999999982        4.5000000000000000        8.4642459236072915E-010
 -0.79999999999999982        4.6000000000000014        3.4070640224298429E-010
 -0.79999999999999982        4.7000000000000011        1.3442697515232917E-010
 -0.79999999999999982        4.8000000000000007        5.1988425950304807E-011
 -0.79999999999999982        4.9000000000000004        1.9707930455455148E-011
 -0.79999999999999982        5.0000000000000000        7.3230075855306592E-012

 -0.70000000000000018       -5.0000000000000000        8.5081209726284732E-012
 -0.70000000000000018       -4.9000000000000004        2.2897348456455365E-011
 -0.70000000000000018       -4.7999999999999998        6.0401933494608153E-011
 -0.70000000000000018       -4.7000000000000002        1.5618186287836096E-010
 -0.70000000000000018       -4.5999999999999996        3.9584436484266193E-010
 -0.70000000000000018       -4.5000000000000000        9.8340507529202216E-010
 -0.70000000000000018       -4.4000000000000004        2.3947188580725476E-009
 -0.70000000000000018       -4.2999999999999998        5.7159804334726519E-009
 -0.70000000000000018       -4.2000000000000002        1.3373375626844822E-008
 -0.70000000000000018       -4.0999999999999996        3.0669412945635550E-008
 -0.70000000000000018       -4.0000000000000000        6.8942018307172828E-008
 -0.70000000000000018       -3.8999999999999999        1.5190659675689639E-007
 -0.70000000000000018       -3.7999999999999998        3.2808274140285771E-007
 -0.70000000000000018       -3.7000000000000002        6.9455116900018030E-007
 -0.70000000000000018       -3.5999999999999996        1.4412496618296723E-006
 -0.70000000000000018       -3.5000000000000000        2.9314892136891307E-006
 -0.70000000000000018       -3.3999999999999999        5.8445555808665767E-006
 -0.70000000000000018       -3.2999999999999998        1.1421648638660525E-005
 -0.70000000000000018       -3.2000000000000002        2.1878634302005149E-005
 -0.70000000000000018       -3.0999999999999996        4.1079555225300799E-005
 -0.70000000000000018       -3.0000000000000000        7.5604103284627693E-005
 -0.70000000000000018       -2.8999999999999999        1.3638892648201140E-004
 -0.70000000000000018       -2.7999999999999998        2.4117204487855885E-004
 -0.70000000000000018       -2.6999999999999997        4.1801217461101369E-004
 -0.70000000000000018       -2.5999999999999996        7.1017438884255033E-004
 -0.70000000000000018       -2.5000000000000000        1.1826471566155727E-003
 -0.70000000000000018       -2.3999999999999999        1.9304541362277093E-003
 -0.70000000000000018       -2.2999999999999998        3.0887154082367718E-003
 -0.70000000000000018       -2.1999999999999997        4.8440700122489716E-003
 -0.70000000000000018       -2.0999999999999996        7.4465830709243511E-003
 -0.70000000000000018       -2.0000000000000000        1.1220643809589084E-002
 -0.70000000000000018       -1.8999999999999999        1.6572675401761237E-002
 -0.70000000000000018       -1.7999999999999998        2.3992835836709185E-002
 -0.70000000000000018       -1.6999999999999997        3.4047454734599358E-002
 -0.70000000000000018       -1.5999999999999996        4.7358924391140970E-002
 -0.70000000000000018       -1.5000000000000000        6.4570346893168470E-002
 -0.70000000000000018       -1.3999999999999999        8.6293586499370495E-002
 -0.70000000000000018       -1.2999999999999998       0.11304153064044989     
 -0.70000000000000018       -1.1999999999999997       0.14514819848362381     
 -0.70000000000000018       -1.0999999999999996       0.18268352405273475     
 -0.70000000000000018       -1.0000000000000000       0.22537265553943867     
 -0.70000000000000018      -0.89999999999999947       0.27253179303401276     
 -0.70000000000000018      -0.79999999999999982       0.32303325642225295     
 -0.70000000000000018      -0.70000000000000018       0.37531109885139935     
 -0.70000000000000018      -0.59999999999999964       0.42741493194872671     
 -0.70000000000000018      -0.50000000000000000       0.47711391552103427     
 -0.70000000000000018      -0.39999999999999947       0.52204577676101604     
 -0.70000000000000018      -0.29999999999999982       0.55989836656540193     
 -0.70000000000000018      -0.19999999999999929       0.58860496967835518     
 -0.70000000000000018       -9.9999999999999645E-002  0.60653065971263331     
 -0.70000000000000018        0.0000000000000000       0.61262639418441589     
 -0.70000000000000018       0.10000000000000053       0.60653065971263320     
 -0.70000000000000018       0.20000000000000018       0.58860496967835496     
 -0.70000000000000018       0.30000000000000071       0.55989836656540160     
 -0.70000000000000018       0.40000000000000036       0.52204577676101571     
 -0.70000000000000018       0.50000000000000000       0.47711391552103427     
 -0.70000000000000018       0.60000000000000053       0.42741493194872626     
 -0.70000000000000018       0.70000000000000018       0.37531109885139935     
 -0.70000000000000018       0.80000000000000071       0.32303325642225245     
 -0.70000000000000018       0.90000000000000036       0.27253179303401237     
 -0.70000000000000018        1.0000000000000000       0.22537265553943867     
 -0.70000000000000018        1.1000000000000005       0.18268352405273441     
 -0.70000000000000018        1.2000000000000002       0.14514819848362365     
 -0.70000000000000018        1.3000000000000007       0.11304153064044960     
 -0.70000000000000018        1.4000000000000004        8.6293586499370384E-002
 -0.70000000000000018        1.5000000000000000        6.4570346893168470E-002
 -0.70000000000000018        1.6000000000000005        4.7358924391140825E-002
 -0.70000000000000018        1.7000000000000002        3.4047454734599317E-002
 -0.70000000000000018        1.8000000000000007        2.3992835836709112E-002
 -0.70000000000000018        1.9000000000000004        1.6572675401761224E-002
 -0.70000000000000018        2.0000000000000000        1.1220643809589084E-002
 -0.70000000000000018        2.1000000000000005        7.4465830709243242E-003
 -0.70000000000000018        2.2000000000000002        4.8440700122489629E-003
 -0.70000000000000018        2.3000000000000007        3.0887154082367579E-003
 -0.70000000000000018        2.4000000000000004        1.9304541362277058E-003
 -0.70000000000000018        2.5000000000000000        1.1826471566155727E-003
 -0.70000000000000018        2.6000000000000005        7.1017438884254718E-004
 -0.70000000000000018        2.7000000000000002        4.1801217461101255E-004
 -0.70000000000000018        2.8000000000000007        2.4117204487855755E-004
 -0.70000000000000018        2.9000000000000004        1.3638892648201116E-004
 -0.70000000000000018        3.0000000000000000        7.5604103284627693E-005
 -0.70000000000000018        3.0999999999999996        4.1079555225300799E-005
 -0.70000000000000018        3.2000000000000011        2.1878634302005034E-005
 -0.70000000000000018        3.3000000000000007        1.1421648638660464E-005
 -0.70000000000000018        3.4000000000000004        5.8445555808665563E-006
 -0.70000000000000018        3.5000000000000000        2.9314892136891307E-006
 -0.70000000000000018        3.5999999999999996        1.4412496618296723E-006
 -0.70000000000000018        3.7000000000000011        6.9455116900017543E-007
 -0.70000000000000018        3.8000000000000007        3.2808274140285596E-007
 -0.70000000000000018        3.9000000000000004        1.5190659675689586E-007
 -0.70000000000000018        4.0000000000000000        6.8942018307172828E-008
 -0.70000000000000018        4.0999999999999996        3.0669412945635550E-008
 -0.70000000000000018        4.2000000000000011        1.3373375626844726E-008
 -0.70000000000000018        4.3000000000000007        5.7159804334726113E-009
 -0.70000000000000018        4.4000000000000004        2.3947188580725476E-009
 -0.70000000000000018        4.5000000000000000        9.8340507529202216E-010
 -0.70000000000000018        4.6000000000000014        3.9584436484265490E-010
 -0.70000000000000018        4.7000000000000011        1.5618186287835985E-010
 -0.70000000000000018        4.8000000000000007        6.0401933494607727E-011
 -0.70000000000000018        4.9000000000000004        2.2897348456455365E-011
 -0.70000000000000018        5.0000000000000000        8.5081209726284732E-012

 -0.59999999999999964       -5.0000000000000000        9.6892896523888197E-012
 -0.59999999999999964       -4.9000000000000004        2.6076150325085657E-011
 -0.59999999999999964       -4.7999999999999998        6.8787436271346101E-011
 -0.59999999999999964       -4.7000000000000002        1.7786433840639205E-010
 -0.59999999999999964       -4.5999999999999996        4.5079879806193161E-010
 -0.59999999999999964       -4.5000000000000000        1.1199296120480444E-009
 -0.59999999999999964       -4.4000000000000004        2.7271738056557508E-009
 -0.59999999999999964       -4.2999999999999998        6.5095207561668477E-009
 -0.59999999999999964       -4.2000000000000002        1.5229979744712629E-008
 -0.59999999999999964       -4.0999999999999996        3.4927197962393454E-008
 -0.59999999999999964       -4.0000000000000000        7.8513127251894318E-008
 -0.59999999999999964       -3.8999999999999999        1.7299554400100168E-007
 -0.59999999999999964       -3.7999999999999998        3.7362993798852671E-007
 -0.59999999999999964       -3.7000000000000002        7.9097458492870222E-007
 -0.59999999999999964       -3.5999999999999996        1.6413360223486448E-006
 -0.59999999999999964       -3.5000000000000000        3.3384631219591622E-006
 -0.59999999999999964       -3.3999999999999999        6.6559457834091854E-006
 -0.59999999999999964       -3.2999999999999998        1.3007297654067644E-005
 -0.59999999999999964       -3.2000000000000002        2.4916009731503160E-005
 -0.59999999999999964       -3.0999999999999996        4.6782563464923863E-005
 -0.59999999999999964       -3.0000000000000000        8.6100098716340351E-005
 -0.59999999999999964       -2.8999999999999999        1.5532358064888985E-004
 -0.59999999999999964       -2.7999999999999998        2.7465356997214254E-004
 -0.59999999999999964       -2.6999999999999997        4.7604412902227058E-004
 -0.59999999999999964       -2.5999999999999996        8.0876675112411358E-004
 -0.59999999999999964       -2.5000000000000000        1.3468321494119746E-003
 -0.59999999999999964       -2.3999999999999999        2.1984559630425331E-003
 -0.59999999999999964       -2.2999999999999998        3.5175167749121349E-003
 -0.59999999999999964       -2.1999999999999997        5.5165644207607811E-003
 -0.59999999999999964       -2.0999999999999996        8.4803801599532824E-003
 -0.59999999999999964       -2.0000000000000000        1.2778387649535773E-002
 -0.59999999999999964       -1.8999999999999999        1.8873433135151503E-002
 -0.59999999999999964       -1.7999999999999998        2.7323722447292594E-002
 -0.59999999999999964       -1.6999999999999997        3.8774207831722064E-002
 -0.59999999999999964       -1.5999999999999996        5.3933687300356116E-002
 -0.59999999999999964       -1.5000000000000000        7.3534543763057125E-002
 -0.59999999999999964       -1.3999999999999999        9.8273585604361585E-002
 -0.59999999999999964       -1.2999999999999998       0.12873490358780434     
 -0.59999999999999964       -1.1999999999999997       0.16529888822158673     
 -0.59999999999999964       -1.0999999999999996       0.20804518235702069     
 -0.59999999999999964       -1.0000000000000000       0.25666077695355599     
 -0.59999999999999964      -0.89999999999999947       0.31036694126548542     
 -0.59999999999999964      -0.79999999999999982       0.36787944117144256     
 -0.59999999999999964      -0.70000000000000018       0.42741493194872671     
 -0.59999999999999964      -0.59999999999999964       0.48675225595997207     
 -0.59999999999999964      -0.50000000000000000       0.54335086907449992     
 -0.59999999999999964      -0.39999999999999947       0.59452054797019482     
 -0.59999999999999964      -0.29999999999999982       0.63762815162177355     
 -0.59999999999999964      -0.19999999999999929       0.67032004603563977     
 -0.59999999999999964       -9.9999999999999645E-002  0.69073433063735501     
 -0.59999999999999964        0.0000000000000000       0.69767632607103136     
 -0.59999999999999964       0.10000000000000053       0.69073433063735490     
 -0.59999999999999964       0.20000000000000018       0.67032004603563955     
 -0.59999999999999964       0.30000000000000071       0.63762815162177333     
 -0.59999999999999964       0.40000000000000036       0.59452054797019438     
 -0.59999999999999964       0.50000000000000000       0.54335086907449992     
 -0.59999999999999964       0.60000000000000053       0.48675225595997157     
 -0.59999999999999964       0.70000000000000018       0.42741493194872671     
 -0.59999999999999964       0.80000000000000071       0.36787944117144206     
 -0.59999999999999964       0.90000000000000036       0.31036694126548497     
 -0.59999999999999964        1.0000000000000000       0.25666077695355599     
 -0.59999999999999964        1.1000000000000005       0.20804518235702033     
 -0.59999999999999964        1.2000000000000002       0.16529888822158653     
 -0.59999999999999964        1.3000000000000007       0.12873490358780401     
 -0.59999999999999964        1.4000000000000004        9.8273585604361460E-002
 -0.59999999999999964        1.5000000000000000        7.3534543763057125E-002
 -0.59999999999999964        1.6000000000000005        5.3933687300355949E-002
 -0.59999999999999964        1.7000000000000002        3.8774207831722009E-002
 -0.59999999999999964        1.8000000000000007        2.7323722447292510E-002
 -0.59999999999999964        1.9000000000000004        1.8873433135151479E-002
 -0.59999999999999964        2.0000000000000000        1.2778387649535773E-002
 -0.59999999999999964        2.1000000000000005        8.4803801599532529E-003
 -0.59999999999999964        2.2000000000000002        5.5165644207607716E-003
 -0.59999999999999964        2.3000000000000007        3.5175167749121193E-003
 -0.59999999999999964        2.4000000000000004        2.1984559630425292E-003
 -0.59999999999999964        2.5000000000000000        1.3468321494119746E-003
 -0.59999999999999964        2.6000000000000005        8.0876675112411000E-004
 -0.59999999999999964        2.7000000000000002        4.7604412902226933E-004
 -0.59999999999999964        2.8000000000000007        2.7465356997214107E-004
 -0.59999999999999964        2.9000000000000004        1.5532358064888958E-004
 -0.59999999999999964        3.0000000000000000        8.6100098716340351E-005
 -0.59999999999999964        3.0999999999999996        4.6782563464923863E-005
 -0.59999999999999964        3.2000000000000011        2.4916009731503028E-005
 -0.59999999999999964        3.3000000000000007        1.3007297654067575E-005
 -0.59999999999999964        3.4000000000000004        6.6559457834091616E-006
 -0.59999999999999964        3.5000000000000000        3.3384631219591622E-006
 -0.59999999999999964        3.5999999999999996        1.6413360223486448E-006
 -0.59999999999999964        3.7000000000000011        7.9097458492869661E-007
 -0.59999999999999964        3.8000000000000007        3.7362993798852469E-007
 -0.59999999999999964        3.9000000000000004        1.7299554400100107E-007
 -0.59999999999999964        4.0000000000000000        7.8513127251894318E-008
 -0.59999999999999964        4.0999999999999996        3.4927197962393454E-008
 -0.59999999999999964        4.2000000000000011        1.5229979744712520E-008
 -0.59999999999999964        4.3000000000000007        6.5095207561668014E-009
 -0.59999999999999964        4.4000000000000004        2.7271738056557508E-009
 -0.59999999999999964        4.5000000000000000        1.1199296120480444E-009
 -0.59999999999999964        4.6000000000000014        4.5079879806192359E-010
 -0.59999999999999964        4.7000000000000011        1.7786433840639079E-010
 -0.59999999999999964        4.8000000000000007        6.8787436271345610E-011
 -0.59999999999999964        4.9000000000000004        2.6076150325085657E-011
 -0.59999999999999964        5.0000000000000000        9.6892896523888197E-012

 -0.50000000000000000       -5.0000000000000000        1.0815941557285693E-011
 -0.50000000000000000       -4.9000000000000004        2.9108234769882069E-011
 -0.50000000000000000       -4.7999999999999998        7.6785906632790754E-011
 -0.50000000000000000       -4.7000000000000002        1.9854606047973092E-010
 -0.50000000000000000       -4.5999999999999996        5.0321681246575107E-010
 -0.50000000000000000       -4.5000000000000000        1.2501528663867426E-009
 -0.50000000000000000       -4.4000000000000004        3.0442843135833767E-009
 -0.50000000000000000       -4.2999999999999998        7.2664352693058968E-009
 -0.50000000000000000       -4.2000000000000002        1.7000892402555495E-008
 -0.50000000000000000       -4.0999999999999996        3.8988465147995559E-008
 -0.50000000000000000       -4.0000000000000000        8.7642482194436360E-008
 -0.50000000000000000       -3.8999999999999999        1.9311113205542083E-007
 -0.50000000000000000       -3.7999999999999998        4.1707490624350008E-007
 -0.50000000000000000       -3.7000000000000002        8.8294758344621777E-007
 -0.50000000000000000       -3.5999999999999996        1.8321874080019830E-006
 -0.50000000000000000       -3.5000000000000000        3.7266531720786709E-006
 -0.50000000000000000       -3.3999999999999999        7.4298863161828614E-006
 -0.50000000000000000       -3.2999999999999998        1.4519761127166824E-005
 -0.50000000000000000       -3.2000000000000002        2.7813195266616793E-005
 -0.50000000000000000       -3.0999999999999996        5.2222349675744871E-005
 -0.50000000000000000       -3.0000000000000000        9.6111652061394695E-005
 -0.50000000000000000       -2.8999999999999999        1.7338430690350557E-004
 -0.50000000000000000       -2.7999999999999998        3.0658975713314368E-004
 -0.50000000000000000       -2.6999999999999997        5.3139762179825391E-004
 -0.50000000000000000       -2.5999999999999996        9.0280858839611520E-004
 -0.50000000000000000       -2.5000000000000000        1.5034391929775724E-003
 -0.50000000000000000       -2.3999999999999999        2.4540881804139170E-003
 -0.50000000000000000       -2.2999999999999998        3.9265268383056277E-003
 -0.50000000000000000       -2.1999999999999997        6.1580198871689024E-003
 -0.50000000000000000       -2.0999999999999996        9.4664624017103405E-003
 -0.50000000000000000       -2.0000000000000000        1.4264233908999256E-002
 -0.50000000000000000       -1.8999999999999999        2.1067999523041434E-002
 -0.50000000000000000       -1.7999999999999998        3.0500872171217507E-002
 -0.50000000000000000       -1.6999999999999997        4.3282797901965937E-002
 -0.50000000000000000       -1.5999999999999996        6.0204992392373619E-002
 -0.50000000000000000       -1.5000000000000000        8.2084998623898800E-002
 -0.50000000000000000       -1.3999999999999999       0.10970064851551141     
 -0.50000000000000000       -1.2999999999999998       0.14370394977770298     
 -0.50000000000000000       -1.1999999999999997       0.18451952399298940     
 -0.50000000000000000       -1.0999999999999996       0.23223627472975900     
 -0.50000000000000000       -1.0000000000000000       0.28650479686019009     
 -0.50000000000000000      -0.89999999999999947       0.34645581033005773     
 -0.50000000000000000      -0.79999999999999982       0.41065575275234562     
 -0.50000000000000000      -0.70000000000000018       0.47711391552103427     
 -0.50000000000000000      -0.59999999999999964       0.54335086907449992     
 -0.50000000000000000      -0.50000000000000000       0.60653065971263342     
 -0.50000000000000000      -0.39999999999999947       0.66365025013631962     
 -0.50000000000000000      -0.29999999999999982       0.71177032276260976     
 -0.50000000000000000      -0.19999999999999929       0.74826356757856549     
 -0.50000000000000000       -9.9999999999999645E-002  0.77105158580356636     
 -0.50000000000000000        0.0000000000000000       0.77880078307140488     
 -0.50000000000000000       0.10000000000000053       0.77105158580356614     
 -0.50000000000000000       0.20000000000000018       0.74826356757856516     
 -0.50000000000000000       0.30000000000000071       0.71177032276260943     
 -0.50000000000000000       0.40000000000000036       0.66365025013631918     
 -0.50000000000000000       0.50000000000000000       0.60653065971263342     
 -0.50000000000000000       0.60000000000000053       0.54335086907449948     
 -0.50000000000000000       0.70000000000000018       0.47711391552103427     
 -0.50000000000000000       0.80000000000000071       0.41065575275234500     
 -0.50000000000000000       0.90000000000000036       0.34645581033005729     
 -0.50000000000000000        1.0000000000000000       0.28650479686019009     
 -0.50000000000000000        1.1000000000000005       0.23223627472975858     
 -0.50000000000000000        1.2000000000000002       0.18451952399298918     
 -0.50000000000000000        1.3000000000000007       0.14370394977770265     
 -0.50000000000000000        1.4000000000000004       0.10970064851551131     
 -0.50000000000000000        1.5000000000000000        8.2084998623898800E-002
 -0.50000000000000000        1.6000000000000005        6.0204992392373431E-002
 -0.50000000000000000        1.7000000000000002        4.3282797901965875E-002
 -0.50000000000000000        1.8000000000000007        3.0500872171217414E-002
 -0.50000000000000000        1.9000000000000004        2.1067999523041406E-002
 -0.50000000000000000        2.0000000000000000        1.4264233908999256E-002
 -0.50000000000000000        2.1000000000000005        9.4664624017103058E-003
 -0.50000000000000000        2.2000000000000002        6.1580198871688911E-003
 -0.50000000000000000        2.3000000000000007        3.9265268383056103E-003
 -0.50000000000000000        2.4000000000000004        2.4540881804139126E-003
 -0.50000000000000000        2.5000000000000000        1.5034391929775724E-003
 -0.50000000000000000        2.6000000000000005        9.0280858839611119E-004
 -0.50000000000000000        2.7000000000000002        5.3139762179825250E-004
 -0.50000000000000000        2.8000000000000007        3.0658975713314260E-004
 -0.50000000000000000        2.9000000000000004        1.7338430690350525E-004
 -0.50000000000000000        3.0000000000000000        9.6111652061394695E-005
 -0.50000000000000000        3.0999999999999996        5.2222349675744871E-005
 -0.50000000000000000        3.2000000000000011        2.7813195266616644E-005
 -0.50000000000000000        3.3000000000000007        1.4519761127166746E-005
 -0.50000000000000000        3.4000000000000004        7.4298863161828352E-006
 -0.50000000000000000        3.5000000000000000        3.7266531720786709E-006
 -0.50000000000000000        3.5999999999999996        1.8321874080019830E-006
 -0.50000000000000000        3.7000000000000011        8.8294758344621153E-007
 -0.50000000000000000        3.8000000000000007        4.1707490624349786E-007
 -0.50000000000000000        3.9000000000000004        1.9311113205542014E-007
 -0.50000000000000000        4.0000000000000000        8.7642482194436360E-008
 -0.50000000000000000        4.0999999999999996        3.8988465147995559E-008
 -0.50000000000000000        4.2000000000000011        1.7000892402555376E-008
 -0.50000000000000000        4.3000000000000007        7.2664352693058455E-009
 -0.50000000000000000        4.4000000000000004        3.0442843135833767E-009
 -0.50000000000000000        4.5000000000000000        1.2501528663867426E-009
 -0.50000000000000000        4.6000000000000014        5.0321681246574217E-010
 -0.50000000000000000        4.7000000000000011        1.9854606047972950E-010
 -0.50000000000000000        4.8000000000000007        7.6785906632790211E-011
 -0.50000000000000000        4.9000000000000004        2.9108234769882069E-011
 -0.50000000000000000        5.0000000000000000        1.0815941557285693E-011

 -0.39999999999999947       -5.0000000000000000        1.1834525106040489E-011
 -0.39999999999999947       -4.9000000000000004        3.1849481929258806E-011
 -0.39999999999999947       -4.7999999999999998        8.4017164388588981E-011
 -0.39999999999999947       -4.7000000000000002        2.1724399350790093E-010
 -0.39999999999999947       -4.5999999999999996        5.5060689532813226E-010
 -0.39999999999999947       -4.5000000000000000        1.3678851171007296E-009
 -0.39999999999999947       -4.4000000000000004        3.3309776082100985E-009
 -0.39999999999999947       -4.2999999999999998        7.9507466058830556E-009
 -0.39999999999999947       -4.2000000000000002        1.8601939266915511E-008
 -0.39999999999999947       -4.0999999999999996        4.2660175926073594E-008
 -0.39999999999999947       -4.0000000000000000        9.5896150177244042E-008
 -0.39999999999999947       -3.8999999999999999        2.1129723459224233E-007
 -0.39999999999999947       -3.7999999999999998        4.5635263679039938E-007
 -0.39999999999999947       -3.7000000000000002        9.6609853966651164E-007
 -0.39999999999999947       -3.5999999999999996        2.0047323447642754E-006
 -0.39999999999999947       -3.5000000000000000        4.0776080651769296E-006
 -0.39999999999999947       -3.3999999999999999        8.1295905380205256E-006
 -0.39999999999999947       -3.2999999999999998        1.5887149230888516E-005
 -0.39999999999999947       -3.2000000000000002        3.0432483008403570E-005
 -0.39999999999999947       -3.0999999999999996        5.7140352049861158E-005
 -0.39999999999999947       -3.0000000000000000        1.0516289805000093E-004
 -0.39999999999999947       -2.8999999999999999        1.8971264981186754E-004
 -0.39999999999999947       -2.7999999999999998        3.3546262790251245E-004
 -0.39999999999999947       -2.6999999999999997        5.8144161219375720E-004
 -0.39999999999999947       -2.5999999999999996        9.8782994053123207E-004
 -0.39999999999999947       -2.5000000000000000        1.6450245020705760E-003
 -0.39999999999999947       -2.3999999999999999        2.6852001769538227E-003
 -0.39999999999999947       -2.2999999999999998        4.2963046907523476E-003
 -0.39999999999999947       -2.1999999999999997        6.7379469990854791E-003
 -0.39999999999999947       -2.0999999999999996        1.0357959717613724E-002
 -0.39999999999999947       -2.0000000000000000        1.5607557919982844E-002
 -0.39999999999999947       -1.8999999999999999        2.3052063287225581E-002
 -0.39999999999999947       -1.7999999999999998        3.3373269960326114E-002
 -0.39999999999999947       -1.6999999999999997        4.7358924391140970E-002
 -0.39999999999999947       -1.5999999999999996        6.5874754426403059E-002
 -0.39999999999999947       -1.5000000000000000        8.9815294572247670E-002
 -0.39999999999999947       -1.3999999999999999       0.12003162851145682     
 -0.39999999999999947       -1.2999999999999998       0.15723716631362775     
 -0.39999999999999947       -1.1999999999999997       0.20189651799465566     
 -0.39999999999999947       -1.0999999999999996       0.25410695955280060     
 -0.39999999999999947       -1.0000000000000000       0.31348618088260538     
 -0.39999999999999947      -0.89999999999999947       0.37908303810339933     
 -0.39999999999999947      -0.79999999999999982       0.44932896411722190     
 -0.39999999999999947      -0.70000000000000018       0.52204577676101604     
 -0.39999999999999947      -0.59999999999999964       0.59452054797019482     
 -0.39999999999999947      -0.50000000000000000       0.66365025013631962     
 -0.39999999999999947      -0.39999999999999947       0.72614903707369149     
 -0.39999999999999947      -0.29999999999999982       0.77880078307140521     
 -0.39999999999999947      -0.19999999999999929       0.81873075307798249     
 -0.39999999999999947       -9.9999999999999645E-002  0.84366481659638415     
 -0.39999999999999947        0.0000000000000000       0.85214378896621168     
 -0.39999999999999947       0.10000000000000053       0.84366481659638393     
 -0.39999999999999947       0.20000000000000018       0.81873075307798215     
 -0.39999999999999947       0.30000000000000071       0.77880078307140488     
 -0.39999999999999947       0.40000000000000036       0.72614903707369105     
 -0.39999999999999947       0.50000000000000000       0.66365025013631962     
 -0.39999999999999947       0.60000000000000053       0.59452054797019416     
 -0.39999999999999947       0.70000000000000018       0.52204577676101604     
 -0.39999999999999947       0.80000000000000071       0.44932896411722129     
 -0.39999999999999947       0.90000000000000036       0.37908303810339872     
 -0.39999999999999947        1.0000000000000000       0.31348618088260538     
 -0.39999999999999947        1.1000000000000005       0.25410695955280016     
 -0.39999999999999947        1.2000000000000002       0.20189651799465538     
 -0.39999999999999947        1.3000000000000007       0.15723716631362739     
 -0.39999999999999947        1.4000000000000004       0.12003162851145667     
 -0.39999999999999947        1.5000000000000000        8.9815294572247670E-002
 -0.39999999999999947        1.6000000000000005        6.5874754426402865E-002
 -0.39999999999999947        1.7000000000000002        4.7358924391140908E-002
 -0.39999999999999947        1.8000000000000007        3.3373269960326010E-002
 -0.39999999999999947        1.9000000000000004        2.3052063287225550E-002
 -0.39999999999999947        2.0000000000000000        1.5607557919982844E-002
 -0.39999999999999947        2.1000000000000005        1.0357959717613687E-002
 -0.39999999999999947        2.2000000000000002        6.7379469990854670E-003
 -0.39999999999999947        2.3000000000000007        4.2963046907523285E-003
 -0.39999999999999947        2.4000000000000004        2.6852001769538179E-003
 -0.39999999999999947        2.5000000000000000        1.6450245020705760E-003
 -0.39999999999999947        2.6000000000000005        9.8782994053122773E-004
 -0.39999999999999947        2.7000000000000002        5.8144161219375557E-004
 -0.39999999999999947        2.8000000000000007        3.3546262790251066E-004
 -0.39999999999999947        2.9000000000000004        1.8971264981186719E-004
 -0.39999999999999947        3.0000000000000000        1.0516289805000093E-004
 -0.39999999999999947        3.0999999999999996        5.7140352049861158E-005
 -0.39999999999999947        3.2000000000000011        3.0432483008403411E-005
 -0.39999999999999947        3.3000000000000007        1.5887149230888432E-005
 -0.39999999999999947        3.4000000000000004        8.1295905380204968E-006
 -0.39999999999999947        3.5000000000000000        4.0776080651769296E-006
 -0.39999999999999947        3.5999999999999996        2.0047323447642754E-006
 -0.39999999999999947        3.7000000000000011        9.6609853966650486E-007
 -0.39999999999999947        3.8000000000000007        4.5635263679039695E-007
 -0.39999999999999947        3.9000000000000004        2.1129723459224159E-007
 -0.39999999999999947        4.0000000000000000        9.5896150177244042E-008
 -0.39999999999999947        4.0999999999999996        4.2660175926073594E-008
 -0.39999999999999947        4.2000000000000011        1.8601939266915378E-008
 -0.39999999999999947        4.3000000000000007        7.9507466058829993E-009
 -0.39999999999999947        4.4000000000000004        3.3309776082100985E-009
 -0.39999999999999947        4.5000000000000000        1.3678851171007296E-009
 -0.39999999999999947        4.6000000000000014        5.5060689532812254E-010
 -0.39999999999999947        4.7000000000000011        2.1724399350789938E-010
 -0.39999999999999947        4.8000000000000007        8.4017164388588387E-011
 -0.39999999999999947        4.9000000000000004        3.1849481929258806E-011
 -0.39999999999999947        5.0000000000000000        1.1834525106040489E-011

 -0.29999999999999982       -5.0000000000000000        1.2692624997486851E-011
 -0.29999999999999982       -4.9000000000000004        3.4158829937838409E-011
 -0.29999999999999982       -4.7999999999999998        9.0109096172542116E-011
 -0.29999999999999982       -4.7000000000000002        2.3299596036556168E-010
 -0.29999999999999982       -4.5999999999999996        5.9053039989440610E-010
 -0.29999999999999982       -4.5000000000000000        1.4670679791064146E-009
 -0.29999999999999982       -4.4000000000000004        3.5725007363799340E-009
 -0.29999999999999982       -4.2999999999999998        8.5272407818887745E-009
 -0.29999999999999982       -4.2000000000000002        1.9950732050960951E-008
 -0.29999999999999982       -4.0999999999999996        4.5753387694458114E-008
 -0.29999999999999982       -4.0000000000000000        1.0284940561587726E-007
 -0.29999999999999982       -3.8999999999999999        2.2661801277657141E-007
 -0.29999999999999982       -3.7999999999999998        4.8944193649463739E-007
 -0.29999999999999982       -3.7000000000000002        1.0361485876900852E-006
 -0.29999999999999982       -3.5999999999999996        2.1500918409846347E-006
 -0.29999999999999982       -3.5000000000000000        4.3732680098504342E-006
 -0.29999999999999982       -3.3999999999999999        8.7190523622738837E-006
 -0.29999999999999982       -3.2999999999999998        1.7039097526934571E-005
 -0.29999999999999982       -3.2000000000000002        3.2639087002392768E-005
 -0.29999999999999982       -3.0999999999999996        6.1283495053222241E-005
 -0.29999999999999982       -3.0000000000000000        1.1278806852302912E-004
 -0.29999999999999982       -2.8999999999999999        2.0346836901064417E-004
 -0.29999999999999982       -2.7999999999999998        3.5978641293048339E-004
 -0.29999999999999982       -2.6999999999999997        6.2360088599944556E-004
 -0.29999999999999982       -2.5999999999999996        1.0594556929076119E-003
 -0.29999999999999982       -2.5000000000000000        1.7643022368343355E-003
 -0.29999999999999982       -2.3999999999999999        2.8798991580882430E-003
 -0.29999999999999982       -2.2999999999999998        4.6078219299927562E-003
 -0.29999999999999982       -2.1999999999999997        7.2265032813764686E-003
 -0.29999999999999982       -2.0999999999999996        1.1108996538242327E-002
 -0.29999999999999982       -2.0000000000000000        1.6739233558580632E-002
 -0.29999999999999982       -1.8999999999999999        2.4723526470339399E-002
 -0.29999999999999982       -1.7999999999999998        3.5793105067655331E-002
 -0.29999999999999982       -1.6999999999999997        5.0792833864898544E-002
 -0.29999999999999982       -1.5999999999999996        7.0651213060429693E-002
 -0.29999999999999982       -1.5000000000000000        9.6327638230493035E-002
 -0.29999999999999982       -1.3999999999999999       0.12873490358780423     
 -0.29999999999999982       -1.2999999999999998       0.16863814726859561     
 -0.29999999999999982       -1.1999999999999997       0.21653566731600724     
 -0.29999999999999982       -1.0999999999999996       0.27253179303401281     
 -0.29999999999999982       -1.0000000000000000       0.33621649370673340     
 -0.29999999999999982      -0.89999999999999947       0.40656965974059955     
 -0.29999999999999982      -0.79999999999999982       0.48190899009020266     
 -0.29999999999999982      -0.70000000000000018       0.55989836656540193     
 -0.29999999999999982      -0.59999999999999964       0.63762815162177355     
 -0.29999999999999982      -0.50000000000000000       0.71177032276260976     
 -0.29999999999999982      -0.39999999999999947       0.77880078307140521     
 -0.29999999999999982      -0.29999999999999982       0.83527021141127222     
 -0.29999999999999982      -0.19999999999999929       0.87809543092056164     
 -0.29999999999999982       -9.9999999999999645E-002  0.90483741803595974     
 -0.29999999999999982        0.0000000000000000       0.91393118527122830     
 -0.29999999999999982       0.10000000000000053       0.90483741803595952     
 -0.29999999999999982       0.20000000000000018       0.87809543092056130     
 -0.29999999999999982       0.30000000000000071       0.83527021141127178     
 -0.29999999999999982       0.40000000000000036       0.77880078307140477     
 -0.29999999999999982       0.50000000000000000       0.71177032276260976     
 -0.29999999999999982       0.60000000000000053       0.63762815162177289     
 -0.29999999999999982       0.70000000000000018       0.55989836656540193     
 -0.29999999999999982       0.80000000000000071       0.48190899009020194     
 -0.29999999999999982       0.90000000000000036       0.40656965974059894     
 -0.29999999999999982        1.0000000000000000       0.33621649370673340     
 -0.29999999999999982        1.1000000000000005       0.27253179303401237     
 -0.29999999999999982        1.2000000000000002       0.21653566731600701     
 -0.29999999999999982        1.3000000000000007       0.16863814726859522     
 -0.29999999999999982        1.4000000000000004       0.12873490358780407     
 -0.29999999999999982        1.5000000000000000        9.6327638230493035E-002
 -0.29999999999999982        1.6000000000000005        7.0651213060429471E-002
 -0.29999999999999982        1.7000000000000002        5.0792833864898482E-002
 -0.29999999999999982        1.8000000000000007        3.5793105067655220E-002
 -0.29999999999999982        1.9000000000000004        2.4723526470339364E-002
 -0.29999999999999982        2.0000000000000000        1.6739233558580632E-002
 -0.29999999999999982        2.1000000000000005        1.1108996538242287E-002
 -0.29999999999999982        2.2000000000000002        7.2265032813764556E-003
 -0.29999999999999982        2.3000000000000007        4.6078219299927363E-003
 -0.29999999999999982        2.4000000000000004        2.8798991580882378E-003
 -0.29999999999999982        2.5000000000000000        1.7643022368343355E-003
 -0.29999999999999982        2.6000000000000005        1.0594556929076073E-003
 -0.29999999999999982        2.7000000000000002        6.2360088599944393E-004
 -0.29999999999999982        2.8000000000000007        3.5978641293048143E-004
 -0.29999999999999982        2.9000000000000004        2.0346836901064382E-004
 -0.29999999999999982        3.0000000000000000        1.1278806852302912E-004
 -0.29999999999999982        3.0999999999999996        6.1283495053222241E-005
 -0.29999999999999982        3.2000000000000011        3.2639087002392599E-005
 -0.29999999999999982        3.3000000000000007        1.7039097526934480E-005
 -0.29999999999999982        3.4000000000000004        8.7190523622738515E-006
 -0.29999999999999982        3.5000000000000000        4.3732680098504342E-006
 -0.29999999999999982        3.5999999999999996        2.1500918409846347E-006
 -0.29999999999999982        3.7000000000000011        1.0361485876900778E-006
 -0.29999999999999982        3.8000000000000007        4.8944193649463484E-007
 -0.29999999999999982        3.9000000000000004        2.2661801277657059E-007
 -0.29999999999999982        4.0000000000000000        1.0284940561587726E-007
 -0.29999999999999982        4.0999999999999996        4.5753387694458114E-008
 -0.29999999999999982        4.2000000000000011        1.9950732050960813E-008
 -0.29999999999999982        4.3000000000000007        8.5272407818887133E-009
 -0.29999999999999982        4.4000000000000004        3.5725007363799340E-009
 -0.29999999999999982        4.5000000000000000        1.4670679791064146E-009
 -0.29999999999999982        4.6000000000000014        5.9053039989439556E-010
 -0.29999999999999982        4.7000000000000011        2.3299596036556003E-010
 -0.29999999999999982        4.8000000000000007        9.0109096172541469E-011
 -0.29999999999999982        4.9000000000000004        3.4158829937838409E-011
 -0.29999999999999982        5.0000000000000000        1.2692624997486851E-011

 -0.19999999999999929       -5.0000000000000000        1.3343389796997741E-011
 -0.19999999999999929       -4.9000000000000004        3.5910190599673563E-011
 -0.19999999999999929       -4.7999999999999998        9.4729088326761011E-011
 -0.19999999999999929       -4.7000000000000002        2.4494191870468888E-010
 -0.19999999999999929       -4.5999999999999996        6.2080754094036462E-010
 -0.19999999999999929       -4.5000000000000000        1.5422861628533596E-009
 -0.19999999999999929       -4.4000000000000004        3.7556667659382893E-009
 -0.19999999999999929       -4.2999999999999998        8.9644417658385626E-009
 -0.19999999999999929       -4.2000000000000002        2.0973627956718020E-008
 -0.19999999999999929       -4.0999999999999996        4.8099214044470303E-008
 -0.19999999999999929       -4.0000000000000000        1.0812260740342576E-007
 -0.19999999999999929       -3.8999999999999999        2.3823696675018222E-007
 -0.19999999999999929       -3.7999999999999998        5.1453616119112218E-007
 -0.19999999999999929       -3.7000000000000002        1.0892730617894255E-006
 -0.19999999999999929       -3.5999999999999996        2.2603294069810623E-006
 -0.19999999999999929       -3.5000000000000000        4.5974902554616621E-006
 -0.19999999999999929       -3.3999999999999999        9.1660877362476341E-006
 -0.19999999999999929       -3.2999999999999998        1.7912710738398518E-005
 -0.19999999999999929       -3.2000000000000002        3.4312528777717907E-005
 -0.19999999999999929       -3.0999999999999996        6.4425567034355648E-005
 -0.19999999999999929       -3.0000000000000000        1.1857083645433903E-004
 -0.19999999999999929       -2.8999999999999999        2.1390041536766149E-004
 -0.19999999999999929       -2.7999999999999998        3.7823305678262608E-004
 -0.19999999999999929       -2.6999999999999997        6.5557358712569702E-004
 -0.19999999999999929       -2.5999999999999996        1.1137751478448052E-003
 -0.19999999999999929       -2.5000000000000000        1.8547599468555032E-003
 -0.19999999999999929       -2.3999999999999999        3.0275547453758153E-003
 -0.19999999999999929       -2.2999999999999998        4.8440700122489716E-003
 -0.19999999999999929       -2.1999999999999997        7.5970140275775739E-003
 -0.19999999999999929       -2.0999999999999996        1.1678566970395463E-002
 -0.19999999999999929       -2.0000000000000000        1.7597472415623393E-002
 -0.19999999999999929       -1.8999999999999999        2.5991128778755358E-002
 -0.19999999999999929       -1.7999999999999998        3.7628256807176248E-002
 -0.19999999999999929       -1.6999999999999997        5.3397038145197154E-002
 -0.19999999999999929       -1.5999999999999996        7.4273578214334002E-002
 -0.19999999999999929       -1.5000000000000000       0.10126646185388345     
 -0.19999999999999929       -1.3999999999999999       0.13533528323661276     
 -0.19999999999999929       -1.2999999999999998       0.17728440996987793     
 -0.19999999999999929       -1.1999999999999997       0.22763768838381296     
 -0.19999999999999929       -1.0999999999999996       0.28650479686019037     
 -0.19999999999999929       -1.0000000000000000       0.35345468195878021     
 -0.19999999999999929      -0.89999999999999947       0.42741493194872721     
 -0.19999999999999929      -0.79999999999999982       0.50661699236558988     
 -0.19999999999999929      -0.70000000000000018       0.58860496967835518     
 -0.19999999999999929      -0.59999999999999964       0.67032004603563977     
 -0.19999999999999929      -0.50000000000000000       0.74826356757856549     
 -0.19999999999999929      -0.39999999999999947       0.81873075307798249     
 -0.19999999999999929      -0.29999999999999982       0.87809543092056164     
 -0.19999999999999929      -0.19999999999999929       0.92311634638663631     
 -0.19999999999999929       -9.9999999999999645E-002  0.95122942450071435     
 -0.19999999999999929        0.0000000000000000       0.96078943915232351     
 -0.19999999999999929       0.10000000000000053       0.95122942450071413     
 -0.19999999999999929       0.20000000000000018       0.92311634638663598     
 -0.19999999999999929       0.30000000000000071       0.87809543092056119     
 -0.19999999999999929       0.40000000000000036       0.81873075307798182     
 -0.19999999999999929       0.50000000000000000       0.74826356757856549     
 -0.19999999999999929       0.60000000000000053       0.67032004603563911     
 -0.19999999999999929       0.70000000000000018       0.58860496967835518     
 -0.19999999999999929       0.80000000000000071       0.50661699236558921     
 -0.19999999999999929       0.90000000000000036       0.42741493194872654     
 -0.19999999999999929        1.0000000000000000       0.35345468195878021     
 -0.19999999999999929        1.1000000000000005       0.28650479686018987     
 -0.19999999999999929        1.2000000000000002       0.22763768838381268     
 -0.19999999999999929        1.3000000000000007       0.17728440996987749     
 -0.19999999999999929        1.4000000000000004       0.13533528323661256     
 -0.19999999999999929        1.5000000000000000       0.10126646185388345     
 -0.19999999999999929        1.6000000000000005        7.4273578214333780E-002
 -0.19999999999999929        1.7000000000000002        5.3397038145197084E-002
 -0.19999999999999929        1.8000000000000007        3.7628256807176137E-002
 -0.19999999999999929        1.9000000000000004        2.5991128778755323E-002
 -0.19999999999999929        2.0000000000000000        1.7597472415623393E-002
 -0.19999999999999929        2.1000000000000005        1.1678566970395422E-002
 -0.19999999999999929        2.2000000000000002        7.5970140275775609E-003
 -0.19999999999999929        2.3000000000000007        4.8440700122489499E-003
 -0.19999999999999929        2.4000000000000004        3.0275547453758097E-003
 -0.19999999999999929        2.5000000000000000        1.8547599468555032E-003
 -0.19999999999999929        2.6000000000000005        1.1137751478448002E-003
 -0.19999999999999929        2.7000000000000002        6.5557358712569529E-004
 -0.19999999999999929        2.8000000000000007        3.7823305678262408E-004
 -0.19999999999999929        2.9000000000000004        2.1390041536766111E-004
 -0.19999999999999929        3.0000000000000000        1.1857083645433903E-004
 -0.19999999999999929        3.0999999999999996        6.4425567034355648E-005
 -0.19999999999999929        3.2000000000000011        3.4312528777717724E-005
 -0.19999999999999929        3.3000000000000007        1.7912710738398423E-005
 -0.19999999999999929        3.4000000000000004        9.1660877362476019E-006
 -0.19999999999999929        3.5000000000000000        4.5974902554616621E-006
 -0.19999999999999929        3.5999999999999996        2.2603294069810623E-006
 -0.19999999999999929        3.7000000000000011        1.0892730617894179E-006
 -0.19999999999999929        3.8000000000000007        5.1453616119111943E-007
 -0.19999999999999929        3.9000000000000004        2.3823696675018137E-007
 -0.19999999999999929        4.0000000000000000        1.0812260740342576E-007
 -0.19999999999999929        4.0999999999999996        4.8099214044470303E-008
 -0.19999999999999929        4.2000000000000011        2.0973627956717871E-008
 -0.19999999999999929        4.3000000000000007        8.9644417658384981E-009
 -0.19999999999999929        4.4000000000000004        3.7556667659382893E-009
 -0.19999999999999929        4.5000000000000000        1.5422861628533596E-009
 -0.19999999999999929        4.6000000000000014        6.2080754094035355E-010
 -0.19999999999999929        4.7000000000000011        2.4494191870468712E-010
 -0.19999999999999929        4.8000000000000007        9.4729088326760339E-011
 -0.19999999999999929        4.9000000000000004        3.5910190599673563E-011
 -0.19999999999999929        5.0000000000000000        1.3343389796997741E-011

  -9.9999999999999645E-002  -5.0000000000000000        1.3749756514625386E-011
  -9.9999999999999645E-002  -4.9000000000000004        3.7003818718568491E-011
  -9.9999999999999645E-002  -4.7999999999999998        9.7614018563593816E-011
  -9.9999999999999645E-002  -4.7000000000000002        2.5240151068451975E-010
  -9.9999999999999645E-002  -4.5999999999999996        6.3971394527453075E-010
  -9.9999999999999645E-002  -4.5000000000000000        1.5892557691660126E-009
  -9.9999999999999645E-002  -4.4000000000000004        3.8700438469796418E-009
  -9.9999999999999645E-002  -4.2999999999999998        9.2374496619705944E-009
  -9.9999999999999645E-002  -4.2000000000000002        2.1612370021454267E-008
  -9.9999999999999645E-002  -4.0999999999999996        4.9564053191724981E-008
  -9.9999999999999645E-002  -4.0000000000000000        1.1141543102173589E-007
  -9.9999999999999645E-002  -3.8999999999999999        2.4549236254305834E-007
  -9.9999999999999645E-002  -3.7999999999999998        5.3020612018242907E-007
  -9.9999999999999645E-002  -3.7000000000000002        1.1224463652343422E-006
  -9.9999999999999645E-002  -3.5999999999999996        2.3291666856520983E-006
  -9.9999999999999645E-002  -3.5000000000000000        4.7375046785475790E-006
  -9.9999999999999645E-002  -3.3999999999999999        9.4452366664320965E-006
  -9.9999999999999645E-002  -3.2999999999999998        1.8458233995780592E-005
  -9.9999999999999645E-002  -3.2000000000000002        3.5357500850409920E-005
  -9.9999999999999645E-002  -3.0999999999999996        6.6387617653077962E-005
  -9.9999999999999645E-002  -3.0000000000000000        1.2218185601903451E-004
  -9.9999999999999645E-002  -2.8999999999999999        2.2041465283014714E-004
  -9.9999999999999645E-002  -2.7999999999999998        3.8975196825275513E-004
  -9.9999999999999645E-002  -2.6999999999999997        6.7553877519384558E-004
  -9.9999999999999645E-002  -2.5999999999999996        1.1476946509014283E-003
  -9.9999999999999645E-002  -2.5000000000000000        1.9112457966326377E-003
  -9.9999999999999645E-002  -2.3999999999999999        3.1197575141649948E-003
  -9.9999999999999645E-002  -2.2999999999999998        4.9915939069102213E-003
  -9.9999999999999645E-002  -2.1999999999999997        7.8283775492257804E-003
  -9.9999999999999645E-002  -2.0999999999999996        1.2034232284723795E-002
  -9.9999999999999645E-002  -2.0000000000000000        1.8133395236801075E-002
  -9.9999999999999645E-002  -1.8999999999999999        2.6782676492638186E-002
  -9.9999999999999645E-002  -1.7999999999999998        3.8774207831722043E-002
  -9.9999999999999645E-002  -1.6999999999999997        5.5023220056407279E-002
  -9.9999999999999645E-002  -1.5999999999999996        7.6535545423911611E-002
  -9.9999999999999645E-002  -1.5000000000000000       0.10435048475476504     
  -9.9999999999999645E-002  -1.3999999999999999       0.13945685621505097     
  -9.9999999999999645E-002  -1.2999999999999998       0.18268352405273475     
  -9.9999999999999645E-002  -1.1999999999999997       0.23457028809379782     
  -9.9999999999999645E-002  -1.0999999999999996       0.29523016692401444     
  -9.9999999999999645E-002  -1.0000000000000000       0.36421897957152333     
  -9.9999999999999645E-002 -0.89999999999999947       0.44043165450599975     
  -9.9999999999999645E-002 -0.79999999999999982       0.52204577676101627     
  -9.9999999999999645E-002 -0.70000000000000018       0.60653065971263331     
  -9.9999999999999645E-002 -0.59999999999999964       0.69073433063735501     
  -9.9999999999999645E-002 -0.50000000000000000       0.77105158580356636     
  -9.9999999999999645E-002 -0.39999999999999947       0.84366481659638415     
  -9.9999999999999645E-002 -0.29999999999999982       0.90483741803595974     
  -9.9999999999999645E-002 -0.19999999999999929       0.95122942450071435     
  -9.9999999999999645E-002  -9.9999999999999645E-002  0.98019867330675547     
  -9.9999999999999645E-002   0.0000000000000000       0.99004983374916811     
  -9.9999999999999645E-002  0.10000000000000053       0.98019867330675525     
  -9.9999999999999645E-002  0.20000000000000018       0.95122942450071402     
  -9.9999999999999645E-002  0.30000000000000071       0.90483741803595930     
  -9.9999999999999645E-002  0.40000000000000036       0.84366481659638348     
  -9.9999999999999645E-002  0.50000000000000000       0.77105158580356636     
  -9.9999999999999645E-002  0.60000000000000053       0.69073433063735423     
  -9.9999999999999645E-002  0.70000000000000018       0.60653065971263331     
  -9.9999999999999645E-002  0.80000000000000071       0.52204577676101549     
  -9.9999999999999645E-002  0.90000000000000036       0.44043165450599903     
  -9.9999999999999645E-002   1.0000000000000000       0.36421897957152333     
  -9.9999999999999645E-002   1.1000000000000005       0.29523016692401388     
  -9.9999999999999645E-002   1.2000000000000002       0.23457028809379757     
  -9.9999999999999645E-002   1.3000000000000007       0.18268352405273430     
  -9.9999999999999645E-002   1.4000000000000004       0.13945685621505077     
  -9.9999999999999645E-002   1.5000000000000000       0.10435048475476504     
  -9.9999999999999645E-002   1.6000000000000005        7.6535545423911375E-002
  -9.9999999999999645E-002   1.7000000000000002        5.5023220056407210E-002
  -9.9999999999999645E-002   1.8000000000000007        3.8774207831721925E-002
  -9.9999999999999645E-002   1.9000000000000004        2.6782676492638151E-002
  -9.9999999999999645E-002   2.0000000000000000        1.8133395236801075E-002
  -9.9999999999999645E-002   2.1000000000000005        1.2034232284723754E-002
  -9.9999999999999645E-002   2.2000000000000002        7.8283775492257665E-003
  -9.9999999999999645E-002   2.3000000000000007        4.9915939069101996E-003
  -9.9999999999999645E-002   2.4000000000000004        3.1197575141649896E-003
  -9.9999999999999645E-002   2.5000000000000000        1.9112457966326377E-003
  -9.9999999999999645E-002   2.6000000000000005        1.1476946509014234E-003
  -9.9999999999999645E-002   2.7000000000000002        6.7553877519384374E-004
  -9.9999999999999645E-002   2.8000000000000007        3.8975196825275307E-004
  -9.9999999999999645E-002   2.9000000000000004        2.2041465283014676E-004
  -9.9999999999999645E-002   3.0000000000000000        1.2218185601903451E-004
  -9.9999999999999645E-002   3.0999999999999996        6.6387617653077962E-005
  -9.9999999999999645E-002   3.2000000000000011        3.5357500850409730E-005
  -9.9999999999999645E-002   3.3000000000000007        1.8458233995780494E-005
  -9.9999999999999645E-002   3.4000000000000004        9.4452366664320626E-006
  -9.9999999999999645E-002   3.5000000000000000        4.7375046785475790E-006
  -9.9999999999999645E-002   3.5999999999999996        2.3291666856520983E-006
  -9.9999999999999645E-002   3.7000000000000011        1.1224463652343342E-006
  -9.9999999999999645E-002   3.8000000000000007        5.3020612018242632E-007
  -9.9999999999999645E-002   3.9000000000000004        2.4549236254305749E-007
  -9.9999999999999645E-002   4.0000000000000000        1.1141543102173589E-007
  -9.9999999999999645E-002   4.0999999999999996        4.9564053191724981E-008
  -9.9999999999999645E-002   4.2000000000000011        2.1612370021454111E-008
  -9.9999999999999645E-002   4.3000000000000007        9.2374496619705298E-009
  -9.9999999999999645E-002   4.4000000000000004        3.8700438469796418E-009
  -9.9999999999999645E-002   4.5000000000000000        1.5892557691660126E-009
  -9.9999999999999645E-002   4.6000000000000014        6.3971394527451938E-010
  -9.9999999999999645E-002   4.7000000000000011        2.5240151068451800E-010
  -9.9999999999999645E-002   4.8000000000000007        9.7614018563593118E-011
  -9.9999999999999645E-002   4.9000000000000004        3.7003818718568491E-011
  -9.9999999999999645E-002   5.0000000000000000        1.3749756514625386E-011

   0.0000000000000000       -5.0000000000000000        1.3887943864964021E-011
   0.0000000000000000       -4.9000000000000004        3.7375713279442431E-011
   0.0000000000000000       -4.7999999999999998        9.8595055759915160E-011
   0.0000000000000000       -4.7000000000000002        2.5493818803919602E-010
   0.0000000000000000       -4.5999999999999996        6.4614317731061311E-010
   0.0000000000000000       -4.5000000000000000        1.6052280551856116E-009
   0.0000000000000000       -4.4000000000000004        3.9089384342648500E-009
   0.0000000000000000       -4.2999999999999998        9.3302875745050053E-009
   0.0000000000000000       -4.2000000000000002        2.1829577951254781E-008
   0.0000000000000000       -4.0999999999999996        5.0062180207670489E-008
   0.0000000000000000       -4.0000000000000000        1.1253517471925912E-007
   0.0000000000000000       -3.8999999999999999        2.4795960180450320E-007
   0.0000000000000000       -3.7999999999999998        5.3553478027931087E-007
   0.0000000000000000       -3.7000000000000002        1.1337271387479642E-006
   0.0000000000000000       -3.5999999999999996        2.3525752000097794E-006
   0.0000000000000000       -3.5000000000000000        4.7851173921290088E-006
   0.0000000000000000       -3.3999999999999999        9.5401628730792476E-006
   0.0000000000000000       -3.2999999999999998        1.8643742331516851E-005
   0.0000000000000000       -3.2000000000000002        3.5712849641635144E-005
   0.0000000000000000       -3.0999999999999996        6.7054824302811242E-005
   0.0000000000000000       -3.0000000000000000        1.2340980408667956E-004
   0.0000000000000000       -2.8999999999999999        2.2262985691888897E-004
   0.0000000000000000       -2.7999999999999998        3.9366904065507862E-004
   0.0000000000000000       -2.6999999999999997        6.8232805275637777E-004
   0.0000000000000000       -2.5999999999999996        1.1592291739045935E-003
   0.0000000000000000       -2.5000000000000000        1.9304541362277093E-003
   0.0000000000000000       -2.3999999999999999        3.1511115984444414E-003
   0.0000000000000000       -2.2999999999999998        5.0417602596909833E-003
   0.0000000000000000       -2.1999999999999997        7.9070540515934484E-003
   0.0000000000000000       -2.0999999999999996        1.2155178329914957E-002
   0.0000000000000000       -2.0000000000000000        1.8315638888734179E-002
   0.0000000000000000       -1.8999999999999999        2.7051846866350416E-002
   0.0000000000000000       -1.7999999999999998        3.9163895098987100E-002
   0.0000000000000000       -1.6999999999999997        5.5576212611483114E-002
   0.0000000000000000       -1.5999999999999996        7.7304740443299838E-002
   0.0000000000000000       -1.5000000000000000       0.10539922456186433     
   0.0000000000000000       -1.3999999999999999       0.14085842092104503     
   0.0000000000000000       -1.2999999999999998       0.18451952399298935     
   0.0000000000000000       -1.1999999999999997       0.23692775868212193     
   0.0000000000000000       -1.0999999999999996       0.29819727942988761     
   0.0000000000000000       -1.0000000000000000       0.36787944117144233     
   0.0000000000000000      -0.89999999999999947       0.44485806622294155     
   0.0000000000000000      -0.79999999999999982       0.52729242404304877     
   0.0000000000000000      -0.70000000000000018       0.61262639418441589     
   0.0000000000000000      -0.59999999999999964       0.69767632607103136     
   0.0000000000000000      -0.50000000000000000       0.77880078307140488     
   0.0000000000000000      -0.39999999999999947       0.85214378896621168     
   0.0000000000000000      -0.29999999999999982       0.91393118527122830     
   0.0000000000000000      -0.19999999999999929       0.96078943915232351     
   0.0000000000000000       -9.9999999999999645E-002  0.99004983374916811     
   0.0000000000000000        0.0000000000000000        1.0000000000000000     
   0.0000000000000000       0.10000000000000053       0.99004983374916800     
   0.0000000000000000       0.20000000000000018       0.96078943915232318     
   0.0000000000000000       0.30000000000000071       0.91393118527122774     
   0.0000000000000000       0.40000000000000036       0.85214378896621112     
   0.0000000000000000       0.50000000000000000       0.77880078307140488     
   0.0000000000000000       0.60000000000000053       0.69767632607103058     
   0.0000000000000000       0.70000000000000018       0.61262639418441589     
   0.0000000000000000       0.80000000000000071       0.52729242404304799     
   0.0000000000000000       0.90000000000000036       0.44485806622294088     
   0.0000000000000000        1.0000000000000000       0.36787944117144233     
   0.0000000000000000        1.1000000000000005       0.29819727942988705     
   0.0000000000000000        1.2000000000000002       0.23692775868212165     
   0.0000000000000000        1.3000000000000007       0.18451952399298890     
   0.0000000000000000        1.4000000000000004       0.14085842092104484     
   0.0000000000000000        1.5000000000000000       0.10539922456186433     
   0.0000000000000000        1.6000000000000005        7.7304740443299602E-002
   0.0000000000000000        1.7000000000000002        5.5576212611483038E-002
   0.0000000000000000        1.8000000000000007        3.9163895098986976E-002
   0.0000000000000000        1.9000000000000004        2.7051846866350378E-002
   0.0000000000000000        2.0000000000000000        1.8315638888734179E-002
   0.0000000000000000        2.1000000000000005        1.2155178329914914E-002
   0.0000000000000000        2.2000000000000002        7.9070540515934346E-003
   0.0000000000000000        2.3000000000000007        5.0417602596909607E-003
   0.0000000000000000        2.4000000000000004        3.1511115984444358E-003
   0.0000000000000000        2.5000000000000000        1.9304541362277093E-003
   0.0000000000000000        2.6000000000000005        1.1592291739045883E-003
   0.0000000000000000        2.7000000000000002        6.8232805275637604E-004
   0.0000000000000000        2.8000000000000007        3.9366904065507650E-004
   0.0000000000000000        2.9000000000000004        2.2262985691888859E-004
   0.0000000000000000        3.0000000000000000        1.2340980408667956E-004
   0.0000000000000000        3.0999999999999996        6.7054824302811242E-005
   0.0000000000000000        3.2000000000000011        3.5712849641634954E-005
   0.0000000000000000        3.3000000000000007        1.8643742331516753E-005
   0.0000000000000000        3.4000000000000004        9.5401628730792137E-006
   0.0000000000000000        3.5000000000000000        4.7851173921290088E-006
   0.0000000000000000        3.5999999999999996        2.3525752000097794E-006
   0.0000000000000000        3.7000000000000011        1.1337271387479562E-006
   0.0000000000000000        3.8000000000000007        5.3553478027930801E-007
   0.0000000000000000        3.9000000000000004        2.4795960180450230E-007
   0.0000000000000000        4.0000000000000000        1.1253517471925912E-007
   0.0000000000000000        4.0999999999999996        5.0062180207670489E-008
   0.0000000000000000        4.2000000000000011        2.1829577951254626E-008
   0.0000000000000000        4.3000000000000007        9.3302875745049391E-009
   0.0000000000000000        4.4000000000000004        3.9089384342648500E-009
   0.0000000000000000        4.5000000000000000        1.6052280551856116E-009
   0.0000000000000000        4.6000000000000014        6.4614317731060164E-010
   0.0000000000000000        4.7000000000000011        2.5493818803919421E-010
   0.0000000000000000        4.8000000000000007        9.8595055759914462E-011
   0.0000000000000000        4.9000000000000004        3.7375713279442431E-011
   0.0000000000000000        5.0000000000000000        1.3887943864964021E-011

  0.10000000000000053       -5.0000000000000000        1.3749756514625386E-011
  0.10000000000000053       -4.9000000000000004        3.7003818718568491E-011
  0.10000000000000053       -4.7999999999999998        9.7614018563593816E-011
  0.10000000000000053       -4.7000000000000002        2.5240151068451975E-010
  0.10000000000000053       -4.5999999999999996        6.3971394527453075E-010
  0.10000000000000053       -4.5000000000000000        1.5892557691660126E-009
  0.10000000000000053       -4.4000000000000004        3.8700438469796418E-009
  0.10000000000000053       -4.2999999999999998        9.2374496619705944E-009
  0.10000000000000053       -4.2000000000000002        2.1612370021454267E-008
  0.10000000000000053       -4.0999999999999996        4.9564053191724981E-008
  0.10000000000000053       -4.0000000000000000        1.1141543102173589E-007
  0.10000000000000053       -3.8999999999999999        2.4549236254305834E-007
  0.10000000000000053       -3.7999999999999998        5.3020612018242907E-007
  0.10000000000000053       -3.7000000000000002        1.1224463652343422E-006
  0.10000000000000053       -3.5999999999999996        2.3291666856520983E-006
  0.10000000000000053       -3.5000000000000000        4.7375046785475790E-006
  0.10000000000000053       -3.3999999999999999        9.4452366664320965E-006
  0.10000000000000053       -3.2999999999999998        1.8458233995780592E-005
  0.10000000000000053       -3.2000000000000002        3.5357500850409920E-005
  0.10000000000000053       -3.0999999999999996        6.6387617653077962E-005
  0.10000000000000053       -3.0000000000000000        1.2218185601903451E-004
  0.10000000000000053       -2.8999999999999999        2.2041465283014714E-004
  0.10000000000000053       -2.7999999999999998        3.8975196825275513E-004
  0.10000000000000053       -2.6999999999999997        6.7553877519384558E-004
  0.10000000000000053       -2.5999999999999996        1.1476946509014283E-003
  0.10000000000000053       -2.5000000000000000        1.9112457966326377E-003
  0.10000000000000053       -2.3999999999999999        3.1197575141649948E-003
  0.10000000000000053       -2.2999999999999998        4.9915939069102213E-003
  0.10000000000000053       -2.1999999999999997        7.8283775492257804E-003
  0.10000000000000053       -2.0999999999999996        1.2034232284723795E-002
  0.10000000000000053       -2.0000000000000000        1.8133395236801075E-002
  0.10000000000000053       -1.8999999999999999        2.6782676492638175E-002
  0.10000000000000053       -1.7999999999999998        3.8774207831722030E-002
  0.10000000000000053       -1.6999999999999997        5.5023220056407258E-002
  0.10000000000000053       -1.5999999999999996        7.6535545423911583E-002
  0.10000000000000053       -1.5000000000000000       0.10435048475476499     
  0.10000000000000053       -1.3999999999999999       0.13945685621505097     
  0.10000000000000053       -1.2999999999999998       0.18268352405273475     
  0.10000000000000053       -1.1999999999999997       0.23457028809379782     
  0.10000000000000053       -1.0999999999999996       0.29523016692401444     
  0.10000000000000053       -1.0000000000000000       0.36421897957152333     
  0.10000000000000053      -0.89999999999999947       0.44043165450599964     
  0.10000000000000053      -0.79999999999999982       0.52204577676101616     
  0.10000000000000053      -0.70000000000000018       0.60653065971263320     
  0.10000000000000053      -0.59999999999999964       0.69073433063735490     
  0.10000000000000053      -0.50000000000000000       0.77105158580356614     
  0.10000000000000053      -0.39999999999999947       0.84366481659638393     
  0.10000000000000053      -0.29999999999999982       0.90483741803595952     
  0.10000000000000053      -0.19999999999999929       0.95122942450071413     
  0.10000000000000053       -9.9999999999999645E-002  0.98019867330675525     
  0.10000000000000053        0.0000000000000000       0.99004983374916800     
  0.10000000000000053       0.10000000000000053       0.98019867330675514     
  0.10000000000000053       0.20000000000000018       0.95122942450071379     
  0.10000000000000053       0.30000000000000071       0.90483741803595907     
  0.10000000000000053       0.40000000000000036       0.84366481659638337     
  0.10000000000000053       0.50000000000000000       0.77105158580356614     
  0.10000000000000053       0.60000000000000053       0.69073433063735412     
  0.10000000000000053       0.70000000000000018       0.60653065971263320     
  0.10000000000000053       0.80000000000000071       0.52204577676101538     
  0.10000000000000053       0.90000000000000036       0.44043165450599892     
  0.10000000000000053        1.0000000000000000       0.36421897957152333     
  0.10000000000000053        1.1000000000000005       0.29523016692401388     
  0.10000000000000053        1.2000000000000002       0.23457028809379757     
  0.10000000000000053        1.3000000000000007       0.18268352405273430     
  0.10000000000000053        1.4000000000000004       0.13945685621505077     
  0.10000000000000053        1.5000000000000000       0.10435048475476499     
  0.10000000000000053        1.6000000000000005        7.6535545423911347E-002
  0.10000000000000053        1.7000000000000002        5.5023220056407182E-002
  0.10000000000000053        1.8000000000000007        3.8774207831721905E-002
  0.10000000000000053        1.9000000000000004        2.6782676492638140E-002
  0.10000000000000053        2.0000000000000000        1.8133395236801075E-002
  0.10000000000000053        2.1000000000000005        1.2034232284723754E-002
  0.10000000000000053        2.2000000000000002        7.8283775492257665E-003
  0.10000000000000053        2.3000000000000007        4.9915939069101996E-003
  0.10000000000000053        2.4000000000000004        3.1197575141649896E-003
  0.10000000000000053        2.5000000000000000        1.9112457966326377E-003
  0.10000000000000053        2.6000000000000005        1.1476946509014234E-003
  0.10000000000000053        2.7000000000000002        6.7553877519384374E-004
  0.10000000000000053        2.8000000000000007        3.8975196825275307E-004
  0.10000000000000053        2.9000000000000004        2.2041465283014676E-004
  0.10000000000000053        3.0000000000000000        1.2218185601903451E-004
  0.10000000000000053        3.0999999999999996        6.6387617653077962E-005
  0.10000000000000053        3.2000000000000011        3.5357500850409730E-005
  0.10000000000000053        3.3000000000000007        1.8458233995780494E-005
  0.10000000000000053        3.4000000000000004        9.4452366664320626E-006
  0.10000000000000053        3.5000000000000000        4.7375046785475790E-006
  0.10000000000000053        3.5999999999999996        2.3291666856520983E-006
  0.10000000000000053        3.7000000000000011        1.1224463652343342E-006
  0.10000000000000053        3.8000000000000007        5.3020612018242632E-007
  0.10000000000000053        3.9000000000000004        2.4549236254305749E-007
  0.10000000000000053        4.0000000000000000        1.1141543102173589E-007
  0.10000000000000053        4.0999999999999996        4.9564053191724981E-008
  0.10000000000000053        4.2000000000000011        2.1612370021454111E-008
  0.10000000000000053        4.3000000000000007        9.2374496619705298E-009
  0.10000000000000053        4.4000000000000004        3.8700438469796418E-009
  0.10000000000000053        4.5000000000000000        1.5892557691660126E-009
  0.10000000000000053        4.6000000000000014        6.3971394527451938E-010
  0.10000000000000053        4.7000000000000011        2.5240151068451800E-010
  0.10000000000000053        4.8000000000000007        9.7614018563593118E-011
  0.10000000000000053        4.9000000000000004        3.7003818718568491E-011
  0.10000000000000053        5.0000000000000000        1.3749756514625386E-011

  0.20000000000000018       -5.0000000000000000        1.3343389796997741E-011
  0.20000000000000018       -4.9000000000000004        3.5910190599673563E-011
  0.20000000000000018       -4.7999999999999998        9.4729088326761011E-011
  0.20000000000000018       -4.7000000000000002        2.4494191870468888E-010
  0.20000000000000018       -4.5999999999999996        6.2080754094036462E-010
  0.20000000000000018       -4.5000000000000000        1.5422861628533596E-009
  0.20000000000000018       -4.4000000000000004        3.7556667659382893E-009
  0.20000000000000018       -4.2999999999999998        8.9644417658385626E-009
  0.20000000000000018       -4.2000000000000002        2.0973627956718020E-008
  0.20000000000000018       -4.0999999999999996        4.8099214044470303E-008
  0.20000000000000018       -4.0000000000000000        1.0812260740342576E-007
  0.20000000000000018       -3.8999999999999999        2.3823696675018180E-007
  0.20000000000000018       -3.7999999999999998        5.1453616119112123E-007
  0.20000000000000018       -3.7000000000000002        1.0892730617894236E-006
  0.20000000000000018       -3.5999999999999996        2.2603294069810585E-006
  0.20000000000000018       -3.5000000000000000        4.5974902554616536E-006
  0.20000000000000018       -3.3999999999999999        9.1660877362476171E-006
  0.20000000000000018       -3.2999999999999998        1.7912710738398488E-005
  0.20000000000000018       -3.2000000000000002        3.4312528777717846E-005
  0.20000000000000018       -3.0999999999999996        6.4425567034355526E-005
  0.20000000000000018       -3.0000000000000000        1.1857083645433882E-004
  0.20000000000000018       -2.8999999999999999        2.1390041536766111E-004
  0.20000000000000018       -2.7999999999999998        3.7823305678262608E-004
  0.20000000000000018       -2.6999999999999997        6.5557358712569702E-004
  0.20000000000000018       -2.5999999999999996        1.1137751478448052E-003
  0.20000000000000018       -2.5000000000000000        1.8547599468555032E-003
  0.20000000000000018       -2.3999999999999999        3.0275547453758153E-003
  0.20000000000000018       -2.2999999999999998        4.8440700122489716E-003
  0.20000000000000018       -2.1999999999999997        7.5970140275775739E-003
  0.20000000000000018       -2.0999999999999996        1.1678566970395463E-002
  0.20000000000000018       -2.0000000000000000        1.7597472415623393E-002
  0.20000000000000018       -1.8999999999999999        2.5991128778755347E-002
  0.20000000000000018       -1.7999999999999998        3.7628256807176234E-002
  0.20000000000000018       -1.6999999999999997        5.3397038145197126E-002
  0.20000000000000018       -1.5999999999999996        7.4273578214333974E-002
  0.20000000000000018       -1.5000000000000000       0.10126646185388340     
  0.20000000000000018       -1.3999999999999999       0.13533528323661273     
  0.20000000000000018       -1.2999999999999998       0.17728440996987788     
  0.20000000000000018       -1.1999999999999997       0.22763768838381290     
  0.20000000000000018       -1.0999999999999996       0.28650479686019031     
  0.20000000000000018       -1.0000000000000000       0.35345468195878016     
  0.20000000000000018      -0.89999999999999947       0.42741493194872704     
  0.20000000000000018      -0.79999999999999982       0.50661699236558977     
  0.20000000000000018      -0.70000000000000018       0.58860496967835496     
  0.20000000000000018      -0.59999999999999964       0.67032004603563955     
  0.20000000000000018      -0.50000000000000000       0.74826356757856516     
  0.20000000000000018      -0.39999999999999947       0.81873075307798215     
  0.20000000000000018      -0.29999999999999982       0.87809543092056130     
  0.20000000000000018      -0.19999999999999929       0.92311634638663598     
  0.20000000000000018       -9.9999999999999645E-002  0.95122942450071402     
  0.20000000000000018        0.0000000000000000       0.96078943915232318     
  0.20000000000000018       0.10000000000000053       0.95122942450071379     
  0.20000000000000018       0.20000000000000018       0.92311634638663564     
  0.20000000000000018       0.30000000000000071       0.87809543092056086     
  0.20000000000000018       0.40000000000000036       0.81873075307798160     
  0.20000000000000018       0.50000000000000000       0.74826356757856516     
  0.20000000000000018       0.60000000000000053       0.67032004603563877     
  0.20000000000000018       0.70000000000000018       0.58860496967835496     
  0.20000000000000018       0.80000000000000071       0.50661699236558899     
  0.20000000000000018       0.90000000000000036       0.42741493194872637     
  0.20000000000000018        1.0000000000000000       0.35345468195878016     
  0.20000000000000018        1.1000000000000005       0.28650479686018976     
  0.20000000000000018        1.2000000000000002       0.22763768838381265     
  0.20000000000000018        1.3000000000000007       0.17728440996987746     
  0.20000000000000018        1.4000000000000004       0.13533528323661251     
  0.20000000000000018        1.5000000000000000       0.10126646185388340     
  0.20000000000000018        1.6000000000000005        7.4273578214333738E-002
  0.20000000000000018        1.7000000000000002        5.3397038145197057E-002
  0.20000000000000018        1.8000000000000007        3.7628256807176116E-002
  0.20000000000000018        1.9000000000000004        2.5991128778755312E-002
  0.20000000000000018        2.0000000000000000        1.7597472415623393E-002
  0.20000000000000018        2.1000000000000005        1.1678566970395422E-002
  0.20000000000000018        2.2000000000000002        7.5970140275775609E-003
  0.20000000000000018        2.3000000000000007        4.8440700122489499E-003
  0.20000000000000018        2.4000000000000004        3.0275547453758097E-003
  0.20000000000000018        2.5000000000000000        1.8547599468555032E-003
  0.20000000000000018        2.6000000000000005        1.1137751478448002E-003
  0.20000000000000018        2.7000000000000002        6.5557358712569529E-004
  0.20000000000000018        2.8000000000000007        3.7823305678262408E-004
  0.20000000000000018        2.9000000000000004        2.1390041536766073E-004
  0.20000000000000018        3.0000000000000000        1.1857083645433882E-004
  0.20000000000000018        3.0999999999999996        6.4425567034355526E-005
  0.20000000000000018        3.2000000000000011        3.4312528777717663E-005
  0.20000000000000018        3.3000000000000007        1.7912710738398393E-005
  0.20000000000000018        3.4000000000000004        9.1660877362475850E-006
  0.20000000000000018        3.5000000000000000        4.5974902554616536E-006
  0.20000000000000018        3.5999999999999996        2.2603294069810585E-006
  0.20000000000000018        3.7000000000000011        1.0892730617894160E-006
  0.20000000000000018        3.8000000000000007        5.1453616119111848E-007
  0.20000000000000018        3.9000000000000004        2.3823696675018095E-007
  0.20000000000000018        4.0000000000000000        1.0812260740342576E-007
  0.20000000000000018        4.0999999999999996        4.8099214044470303E-008
  0.20000000000000018        4.2000000000000011        2.0973627956717871E-008
  0.20000000000000018        4.3000000000000007        8.9644417658384981E-009
  0.20000000000000018        4.4000000000000004        3.7556667659382893E-009
  0.20000000000000018        4.5000000000000000        1.5422861628533596E-009
  0.20000000000000018        4.6000000000000014        6.2080754094035355E-010
  0.20000000000000018        4.7000000000000011        2.4494191870468712E-010
  0.20000000000000018        4.8000000000000007        9.4729088326760339E-011
  0.20000000000000018        4.9000000000000004        3.5910190599673563E-011
  0.20000000000000018        5.0000000000000000        1.3343389796997741E-011

  0.30000000000000071       -5.0000000000000000        1.2692624997486851E-011
  0.30000000000000071       -4.9000000000000004        3.4158829937838409E-011
  0.30000000000000071       -4.7999999999999998        9.0109096172542116E-011
  0.30000000000000071       -4.7000000000000002        2.3299596036556168E-010
  0.30000000000000071       -4.5999999999999996        5.9053039989440610E-010
  0.30000000000000071       -4.5000000000000000        1.4670679791064146E-009
  0.30000000000000071       -4.4000000000000004        3.5725007363799340E-009
  0.30000000000000071       -4.2999999999999998        8.5272407818887745E-009
  0.30000000000000071       -4.2000000000000002        1.9950732050960951E-008
  0.30000000000000071       -4.0999999999999996        4.5753387694458114E-008
  0.30000000000000071       -4.0000000000000000        1.0284940561587726E-007
  0.30000000000000071       -3.8999999999999999        2.2661801277657141E-007
  0.30000000000000071       -3.7999999999999998        4.8944193649463739E-007
  0.30000000000000071       -3.7000000000000002        1.0361485876900852E-006
  0.30000000000000071       -3.5999999999999996        2.1500918409846347E-006
  0.30000000000000071       -3.5000000000000000        4.3732680098504342E-006
  0.30000000000000071       -3.3999999999999999        8.7190523622738837E-006
  0.30000000000000071       -3.2999999999999998        1.7039097526934571E-005
  0.30000000000000071       -3.2000000000000002        3.2639087002392768E-005
  0.30000000000000071       -3.0999999999999996        6.1283495053222241E-005
  0.30000000000000071       -3.0000000000000000        1.1278806852302912E-004
  0.30000000000000071       -2.8999999999999999        2.0346836901064417E-004
  0.30000000000000071       -2.7999999999999998        3.5978641293048306E-004
  0.30000000000000071       -2.6999999999999997        6.2360088599944501E-004
  0.30000000000000071       -2.5999999999999996        1.0594556929076110E-003
  0.30000000000000071       -2.5000000000000000        1.7643022368343340E-003
  0.30000000000000071       -2.3999999999999999        2.8798991580882404E-003
  0.30000000000000071       -2.2999999999999998        4.6078219299927519E-003
  0.30000000000000071       -2.1999999999999997        7.2265032813764625E-003
  0.30000000000000071       -2.0999999999999996        1.1108996538242316E-002
  0.30000000000000071       -2.0000000000000000        1.6739233558580618E-002
  0.30000000000000071       -1.8999999999999999        2.4723526470339388E-002
  0.30000000000000071       -1.7999999999999998        3.5793105067655318E-002
  0.30000000000000071       -1.6999999999999997        5.0792833864898523E-002
  0.30000000000000071       -1.5999999999999996        7.0651213060429652E-002
  0.30000000000000071       -1.5000000000000000        9.6327638230492993E-002
  0.30000000000000071       -1.3999999999999999       0.12873490358780418     
  0.30000000000000071       -1.2999999999999998       0.16863814726859550     
  0.30000000000000071       -1.1999999999999997       0.21653566731600710     
  0.30000000000000071       -1.0999999999999996       0.27253179303401265     
  0.30000000000000071       -1.0000000000000000       0.33621649370673318     
  0.30000000000000071      -0.89999999999999947       0.40656965974059933     
  0.30000000000000071      -0.79999999999999982       0.48190899009020238     
  0.30000000000000071      -0.70000000000000018       0.55989836656540160     
  0.30000000000000071      -0.59999999999999964       0.63762815162177333     
  0.30000000000000071      -0.50000000000000000       0.71177032276260943     
  0.30000000000000071      -0.39999999999999947       0.77880078307140488     
  0.30000000000000071      -0.29999999999999982       0.83527021141127178     
  0.30000000000000071      -0.19999999999999929       0.87809543092056119     
  0.30000000000000071       -9.9999999999999645E-002  0.90483741803595930     
  0.30000000000000071        0.0000000000000000       0.91393118527122774     
  0.30000000000000071       0.10000000000000053       0.90483741803595907     
  0.30000000000000071       0.20000000000000018       0.87809543092056086     
  0.30000000000000071       0.30000000000000071       0.83527021141127133     
  0.30000000000000071       0.40000000000000036       0.77880078307140432     
  0.30000000000000071       0.50000000000000000       0.71177032276260943     
  0.30000000000000071       0.60000000000000053       0.63762815162177267     
  0.30000000000000071       0.70000000000000018       0.55989836656540160     
  0.30000000000000071       0.80000000000000071       0.48190899009020166     
  0.30000000000000071       0.90000000000000036       0.40656965974059872     
  0.30000000000000071        1.0000000000000000       0.33621649370673318     
  0.30000000000000071        1.1000000000000005       0.27253179303401215     
  0.30000000000000071        1.2000000000000002       0.21653566731600687     
  0.30000000000000071        1.3000000000000007       0.16863814726859508     
  0.30000000000000071        1.4000000000000004       0.12873490358780401     
  0.30000000000000071        1.5000000000000000        9.6327638230492993E-002
  0.30000000000000071        1.6000000000000005        7.0651213060429430E-002
  0.30000000000000071        1.7000000000000002        5.0792833864898454E-002
  0.30000000000000071        1.8000000000000007        3.5793105067655200E-002
  0.30000000000000071        1.9000000000000004        2.4723526470339353E-002
  0.30000000000000071        2.0000000000000000        1.6739233558580618E-002
  0.30000000000000071        2.1000000000000005        1.1108996538242277E-002
  0.30000000000000071        2.2000000000000002        7.2265032813764495E-003
  0.30000000000000071        2.3000000000000007        4.6078219299927319E-003
  0.30000000000000071        2.4000000000000004        2.8798991580882352E-003
  0.30000000000000071        2.5000000000000000        1.7643022368343340E-003
  0.30000000000000071        2.6000000000000005        1.0594556929076062E-003
  0.30000000000000071        2.7000000000000002        6.2360088599944339E-004
  0.30000000000000071        2.8000000000000007        3.5978641293048111E-004
  0.30000000000000071        2.9000000000000004        2.0346836901064382E-004
  0.30000000000000071        3.0000000000000000        1.1278806852302912E-004
  0.30000000000000071        3.0999999999999996        6.1283495053222241E-005
  0.30000000000000071        3.2000000000000011        3.2639087002392599E-005
  0.30000000000000071        3.3000000000000007        1.7039097526934480E-005
  0.30000000000000071        3.4000000000000004        8.7190523622738515E-006
  0.30000000000000071        3.5000000000000000        4.3732680098504342E-006
  0.30000000000000071        3.5999999999999996        2.1500918409846347E-006
  0.30000000000000071        3.7000000000000011        1.0361485876900778E-006
  0.30000000000000071        3.8000000000000007        4.8944193649463484E-007
  0.30000000000000071        3.9000000000000004        2.2661801277657059E-007
  0.30000000000000071        4.0000000000000000        1.0284940561587726E-007
  0.30000000000000071        4.0999999999999996        4.5753387694458114E-008
  0.30000000000000071        4.2000000000000011        1.9950732050960813E-008
  0.30000000000000071        4.3000000000000007        8.5272407818887133E-009
  0.30000000000000071        4.4000000000000004        3.5725007363799340E-009
  0.30000000000000071        4.5000000000000000        1.4670679791064146E-009
  0.30000000000000071        4.6000000000000014        5.9053039989439556E-010
  0.30000000000000071        4.7000000000000011        2.3299596036556003E-010
  0.30000000000000071        4.8000000000000007        9.0109096172541469E-011
  0.30000000000000071        4.9000000000000004        3.4158829937838409E-011
  0.30000000000000071        5.0000000000000000        1.2692624997486851E-011

  0.40000000000000036       -5.0000000000000000        1.1834525106040489E-011
  0.40000000000000036       -4.9000000000000004        3.1849481929258806E-011
  0.40000000000000036       -4.7999999999999998        8.4017164388588981E-011
  0.40000000000000036       -4.7000000000000002        2.1724399350790093E-010
  0.40000000000000036       -4.5999999999999996        5.5060689532813226E-010
  0.40000000000000036       -4.5000000000000000        1.3678851171007296E-009
  0.40000000000000036       -4.4000000000000004        3.3309776082100985E-009
  0.40000000000000036       -4.2999999999999998        7.9507466058830556E-009
  0.40000000000000036       -4.2000000000000002        1.8601939266915511E-008
  0.40000000000000036       -4.0999999999999996        4.2660175926073594E-008
  0.40000000000000036       -4.0000000000000000        9.5896150177244042E-008
  0.40000000000000036       -3.8999999999999999        2.1129723459224233E-007
  0.40000000000000036       -3.7999999999999998        4.5635263679039938E-007
  0.40000000000000036       -3.7000000000000002        9.6609853966651164E-007
  0.40000000000000036       -3.5999999999999996        2.0047323447642754E-006
  0.40000000000000036       -3.5000000000000000        4.0776080651769296E-006
  0.40000000000000036       -3.3999999999999999        8.1295905380205256E-006
  0.40000000000000036       -3.2999999999999998        1.5887149230888516E-005
  0.40000000000000036       -3.2000000000000002        3.0432483008403570E-005
  0.40000000000000036       -3.0999999999999996        5.7140352049861158E-005
  0.40000000000000036       -3.0000000000000000        1.0516289805000093E-004
  0.40000000000000036       -2.8999999999999999        1.8971264981186754E-004
  0.40000000000000036       -2.7999999999999998        3.3546262790251212E-004
  0.40000000000000036       -2.6999999999999997        5.8144161219375666E-004
  0.40000000000000036       -2.5999999999999996        9.8782994053123120E-004
  0.40000000000000036       -2.5000000000000000        1.6450245020705747E-003
  0.40000000000000036       -2.3999999999999999        2.6852001769538205E-003
  0.40000000000000036       -2.2999999999999998        4.2963046907523433E-003
  0.40000000000000036       -2.1999999999999997        6.7379469990854731E-003
  0.40000000000000036       -2.0999999999999996        1.0357959717613715E-002
  0.40000000000000036       -2.0000000000000000        1.5607557919982831E-002
  0.40000000000000036       -1.8999999999999999        2.3052063287225571E-002
  0.40000000000000036       -1.7999999999999998        3.3373269960326100E-002
  0.40000000000000036       -1.6999999999999997        4.7358924391140950E-002
  0.40000000000000036       -1.5999999999999996        6.5874754426403032E-002
  0.40000000000000036       -1.5000000000000000        8.9815294572247628E-002
  0.40000000000000036       -1.3999999999999999       0.12003162851145673     
  0.40000000000000036       -1.2999999999999998       0.15723716631362764     
  0.40000000000000036       -1.1999999999999997       0.20189651799465547     
  0.40000000000000036       -1.0999999999999996       0.25410695955280038     
  0.40000000000000036       -1.0000000000000000       0.31348618088260521     
  0.40000000000000036      -0.89999999999999947       0.37908303810339911     
  0.40000000000000036      -0.79999999999999982       0.44932896411722162     
  0.40000000000000036      -0.70000000000000018       0.52204577676101571     
  0.40000000000000036      -0.59999999999999964       0.59452054797019438     
  0.40000000000000036      -0.50000000000000000       0.66365025013631918     
  0.40000000000000036      -0.39999999999999947       0.72614903707369105     
  0.40000000000000036      -0.29999999999999982       0.77880078307140477     
  0.40000000000000036      -0.19999999999999929       0.81873075307798182     
  0.40000000000000036       -9.9999999999999645E-002  0.84366481659638348     
  0.40000000000000036        0.0000000000000000       0.85214378896621112     
  0.40000000000000036       0.10000000000000053       0.84366481659638337     
  0.40000000000000036       0.20000000000000018       0.81873075307798160     
  0.40000000000000036       0.30000000000000071       0.77880078307140432     
  0.40000000000000036       0.40000000000000036       0.72614903707369050     
  0.40000000000000036       0.50000000000000000       0.66365025013631918     
  0.40000000000000036       0.60000000000000053       0.59452054797019382     
  0.40000000000000036       0.70000000000000018       0.52204577676101571     
  0.40000000000000036       0.80000000000000071       0.44932896411722095     
  0.40000000000000036       0.90000000000000036       0.37908303810339850     
  0.40000000000000036        1.0000000000000000       0.31348618088260521     
  0.40000000000000036        1.1000000000000005       0.25410695955279994     
  0.40000000000000036        1.2000000000000002       0.20189651799465524     
  0.40000000000000036        1.3000000000000007       0.15723716631362725     
  0.40000000000000036        1.4000000000000004       0.12003162851145656     
  0.40000000000000036        1.5000000000000000        8.9815294572247628E-002
  0.40000000000000036        1.6000000000000005        6.5874754426402837E-002
  0.40000000000000036        1.7000000000000002        4.7358924391140887E-002
  0.40000000000000036        1.8000000000000007        3.3373269960325996E-002
  0.40000000000000036        1.9000000000000004        2.3052063287225540E-002
  0.40000000000000036        2.0000000000000000        1.5607557919982831E-002
  0.40000000000000036        2.1000000000000005        1.0357959717613678E-002
  0.40000000000000036        2.2000000000000002        6.7379469990854609E-003
  0.40000000000000036        2.3000000000000007        4.2963046907523242E-003
  0.40000000000000036        2.4000000000000004        2.6852001769538157E-003
  0.40000000000000036        2.5000000000000000        1.6450245020705747E-003
  0.40000000000000036        2.6000000000000005        9.8782994053122687E-004
  0.40000000000000036        2.7000000000000002        5.8144161219375514E-004
  0.40000000000000036        2.8000000000000007        3.3546262790251006E-004
  0.40000000000000036        2.9000000000000004        1.8971264981186719E-004
  0.40000000000000036        3.0000000000000000        1.0516289805000093E-004
  0.40000000000000036        3.0999999999999996        5.7140352049861158E-005
  0.40000000000000036        3.2000000000000011        3.0432483008403411E-005
  0.40000000000000036        3.3000000000000007        1.5887149230888432E-005
  0.40000000000000036        3.4000000000000004        8.1295905380204968E-006
  0.40000000000000036        3.5000000000000000        4.0776080651769296E-006
  0.40000000000000036        3.5999999999999996        2.0047323447642754E-006
  0.40000000000000036        3.7000000000000011        9.6609853966650486E-007
  0.40000000000000036        3.8000000000000007        4.5635263679039695E-007
  0.40000000000000036        3.9000000000000004        2.1129723459224159E-007
  0.40000000000000036        4.0000000000000000        9.5896150177244042E-008
  0.40000000000000036        4.0999999999999996        4.2660175926073594E-008
  0.40000000000000036        4.2000000000000011        1.8601939266915378E-008
  0.40000000000000036        4.3000000000000007        7.9507466058829993E-009
  0.40000000000000036        4.4000000000000004        3.3309776082100985E-009
  0.40000000000000036        4.5000000000000000        1.3678851171007296E-009
  0.40000000000000036        4.6000000000000014        5.5060689532812254E-010
  0.40000000000000036        4.7000000000000011        2.1724399350789938E-010
  0.40000000000000036        4.8000000000000007        8.4017164388588387E-011
  0.40000000000000036        4.9000000000000004        3.1849481929258806E-011
  0.40000000000000036        5.0000000000000000        1.1834525106040489E-011

  0.50000000000000000       -5.0000000000000000        1.0815941557285693E-011
  0.50000000000000000       -4.9000000000000004        2.9108234769882069E-011
  0.50000000000000000       -4.7999999999999998        7.6785906632790754E-011
  0.50000000000000000       -4.7000000000000002        1.9854606047973092E-010
  0.50000000000000000       -4.5999999999999996        5.0321681246575107E-010
  0.50000000000000000       -4.5000000000000000        1.2501528663867426E-009
  0.50000000000000000       -4.4000000000000004        3.0442843135833767E-009
  0.50000000000000000       -4.2999999999999998        7.2664352693058968E-009
  0.50000000000000000       -4.2000000000000002        1.7000892402555495E-008
  0.50000000000000000       -4.0999999999999996        3.8988465147995559E-008
  0.50000000000000000       -4.0000000000000000        8.7642482194436360E-008
  0.50000000000000000       -3.8999999999999999        1.9311113205542083E-007
  0.50000000000000000       -3.7999999999999998        4.1707490624350008E-007
  0.50000000000000000       -3.7000000000000002        8.8294758344621777E-007
  0.50000000000000000       -3.5999999999999996        1.8321874080019830E-006
  0.50000000000000000       -3.5000000000000000        3.7266531720786709E-006
  0.50000000000000000       -3.3999999999999999        7.4298863161828614E-006
  0.50000000000000000       -3.2999999999999998        1.4519761127166824E-005
  0.50000000000000000       -3.2000000000000002        2.7813195266616793E-005
  0.50000000000000000       -3.0999999999999996        5.2222349675744871E-005
  0.50000000000000000       -3.0000000000000000        9.6111652061394695E-005
  0.50000000000000000       -2.8999999999999999        1.7338430690350557E-004
  0.50000000000000000       -2.7999999999999998        3.0658975713314368E-004
  0.50000000000000000       -2.6999999999999997        5.3139762179825391E-004
  0.50000000000000000       -2.5999999999999996        9.0280858839611520E-004
  0.50000000000000000       -2.5000000000000000        1.5034391929775724E-003
  0.50000000000000000       -2.3999999999999999        2.4540881804139170E-003
  0.50000000000000000       -2.2999999999999998        3.9265268383056277E-003
  0.50000000000000000       -2.1999999999999997        6.1580198871689024E-003
  0.50000000000000000       -2.0999999999999996        9.4664624017103405E-003
  0.50000000000000000       -2.0000000000000000        1.4264233908999256E-002
  0.50000000000000000       -1.8999999999999999        2.1067999523041434E-002
  0.50000000000000000       -1.7999999999999998        3.0500872171217507E-002
  0.50000000000000000       -1.6999999999999997        4.3282797901965937E-002
  0.50000000000000000       -1.5999999999999996        6.0204992392373619E-002
  0.50000000000000000       -1.5000000000000000        8.2084998623898800E-002
  0.50000000000000000       -1.3999999999999999       0.10970064851551141     
  0.50000000000000000       -1.2999999999999998       0.14370394977770298     
  0.50000000000000000       -1.1999999999999997       0.18451952399298940     
  0.50000000000000000       -1.0999999999999996       0.23223627472975900     
  0.50000000000000000       -1.0000000000000000       0.28650479686019009     
  0.50000000000000000      -0.89999999999999947       0.34645581033005773     
  0.50000000000000000      -0.79999999999999982       0.41065575275234562     
  0.50000000000000000      -0.70000000000000018       0.47711391552103427     
  0.50000000000000000      -0.59999999999999964       0.54335086907449992     
  0.50000000000000000      -0.50000000000000000       0.60653065971263342     
  0.50000000000000000      -0.39999999999999947       0.66365025013631962     
  0.50000000000000000      -0.29999999999999982       0.71177032276260976     
  0.50000000000000000      -0.19999999999999929       0.74826356757856549     
  0.50000000000000000       -9.9999999999999645E-002  0.77105158580356636     
  0.50000000000000000        0.0000000000000000       0.77880078307140488     
  0.50000000000000000       0.10000000000000053       0.77105158580356614     
  0.50000000000000000       0.20000000000000018       0.74826356757856516     
  0.50000000000000000       0.30000000000000071       0.71177032276260943     
  0.50000000000000000       0.40000000000000036       0.66365025013631918     
  0.50000000000000000       0.50000000000000000       0.60653065971263342     
  0.50000000000000000       0.60000000000000053       0.54335086907449948     
  0.50000000000000000       0.70000000000000018       0.47711391552103427     
  0.50000000000000000       0.80000000000000071       0.41065575275234500     
  0.50000000000000000       0.90000000000000036       0.34645581033005729     
  0.50000000000000000        1.0000000000000000       0.28650479686019009     
  0.50000000000000000        1.1000000000000005       0.23223627472975858     
  0.50000000000000000        1.2000000000000002       0.18451952399298918     
  0.50000000000000000        1.3000000000000007       0.14370394977770265     
  0.50000000000000000        1.4000000000000004       0.10970064851551131     
  0.50000000000000000        1.5000000000000000        8.2084998623898800E-002
  0.50000000000000000        1.6000000000000005        6.0204992392373431E-002
  0.50000000000000000        1.7000000000000002        4.3282797901965875E-002
  0.50000000000000000        1.8000000000000007        3.0500872171217414E-002
  0.50000000000000000        1.9000000000000004        2.1067999523041406E-002
  0.50000000000000000        2.0000000000000000        1.4264233908999256E-002
  0.50000000000000000        2.1000000000000005        9.4664624017103058E-003
  0.50000000000000000        2.2000000000000002        6.1580198871688911E-003
  0.50000000000000000        2.3000000000000007        3.9265268383056103E-003
  0.50000000000000000        2.4000000000000004        2.4540881804139126E-003
  0.50000000000000000        2.5000000000000000        1.5034391929775724E-003
  0.50000000000000000        2.6000000000000005        9.0280858839611119E-004
  0.50000000000000000        2.7000000000000002        5.3139762179825250E-004
  0.50000000000000000        2.8000000000000007        3.0658975713314260E-004
  0.50000000000000000        2.9000000000000004        1.7338430690350525E-004
  0.50000000000000000        3.0000000000000000        9.6111652061394695E-005
  0.50000000000000000        3.0999999999999996        5.2222349675744871E-005
  0.50000000000000000        3.2000000000000011        2.7813195266616644E-005
  0.50000000000000000        3.3000000000000007        1.4519761127166746E-005
  0.50000000000000000        3.4000000000000004        7.4298863161828352E-006
  0.50000000000000000        3.5000000000000000        3.7266531720786709E-006
  0.50000000000000000        3.5999999999999996        1.8321874080019830E-006
  0.50000000000000000        3.7000000000000011        8.8294758344621153E-007
  0.50000000000000000        3.8000000000000007        4.1707490624349786E-007
  0.50000000000000000        3.9000000000000004        1.9311113205542014E-007
  0.50000000000000000        4.0000000000000000        8.7642482194436360E-008
  0.50000000000000000        4.0999999999999996        3.8988465147995559E-008
  0.50000000000000000        4.2000000000000011        1.7000892402555376E-008
  0.50000000000000000        4.3000000000000007        7.2664352693058455E-009
  0.50000000000000000        4.4000000000000004        3.0442843135833767E-009
  0.50000000000000000        4.5000000000000000        1.2501528663867426E-009
  0.50000000000000000        4.6000000000000014        5.0321681246574217E-010
  0.50000000000000000        4.7000000000000011        1.9854606047972950E-010
  0.50000000000000000        4.8000000000000007        7.6785906632790211E-011
  0.50000000000000000        4.9000000000000004        2.9108234769882069E-011
  0.50000000000000000        5.0000000000000000        1.0815941557285693E-011

  0.60000000000000053       -5.0000000000000000        9.6892896523888197E-012
  0.60000000000000053       -4.9000000000000004        2.6076150325085657E-011
  0.60000000000000053       -4.7999999999999998        6.8787436271346101E-011
  0.60000000000000053       -4.7000000000000002        1.7786433840639205E-010
  0.60000000000000053       -4.5999999999999996        4.5079879806193161E-010
  0.60000000000000053       -4.5000000000000000        1.1199296120480444E-009
  0.60000000000000053       -4.4000000000000004        2.7271738056557508E-009
  0.60000000000000053       -4.2999999999999998        6.5095207561668477E-009
  0.60000000000000053       -4.2000000000000002        1.5229979744712629E-008
  0.60000000000000053       -4.0999999999999996        3.4927197962393454E-008
  0.60000000000000053       -4.0000000000000000        7.8513127251894318E-008
  0.60000000000000053       -3.8999999999999999        1.7299554400100139E-007
  0.60000000000000053       -3.7999999999999998        3.7362993798852602E-007
  0.60000000000000053       -3.7000000000000002        7.9097458492870074E-007
  0.60000000000000053       -3.5999999999999996        1.6413360223486418E-006
  0.60000000000000053       -3.5000000000000000        3.3384631219591562E-006
  0.60000000000000053       -3.3999999999999999        6.6559457834091735E-006
  0.60000000000000053       -3.2999999999999998        1.3007297654067620E-005
  0.60000000000000053       -3.2000000000000002        2.4916009731503116E-005
  0.60000000000000053       -3.0999999999999996        4.6782563464923781E-005
  0.60000000000000053       -3.0000000000000000        8.6100098716340202E-005
  0.60000000000000053       -2.8999999999999999        1.5532358064888958E-004
  0.60000000000000053       -2.7999999999999998        2.7465356997214254E-004
  0.60000000000000053       -2.6999999999999997        4.7604412902227015E-004
  0.60000000000000053       -2.5999999999999996        8.0876675112411282E-004
  0.60000000000000053       -2.5000000000000000        1.3468321494119735E-003
  0.60000000000000053       -2.3999999999999999        2.1984559630425313E-003
  0.60000000000000053       -2.2999999999999998        3.5175167749121315E-003
  0.60000000000000053       -2.1999999999999997        5.5165644207607768E-003
  0.60000000000000053       -2.0999999999999996        8.4803801599532755E-003
  0.60000000000000053       -2.0000000000000000        1.2778387649535761E-002
  0.60000000000000053       -1.8999999999999999        1.8873433135151479E-002
  0.60000000000000053       -1.7999999999999998        2.7323722447292559E-002
  0.60000000000000053       -1.6999999999999997        3.8774207831722009E-002
  0.60000000000000053       -1.5999999999999996        5.3933687300356047E-002
  0.60000000000000053       -1.5000000000000000        7.3534543763057028E-002
  0.60000000000000053       -1.3999999999999999        9.8273585604361502E-002
  0.60000000000000053       -1.2999999999999998       0.12873490358780418     
  0.60000000000000053       -1.1999999999999997       0.16529888822158656     
  0.60000000000000053       -1.0999999999999996       0.20804518235702049     
  0.60000000000000053       -1.0000000000000000       0.25666077695355566     
  0.60000000000000053      -0.89999999999999947       0.31036694126548509     
  0.60000000000000053      -0.79999999999999982       0.36787944117144217     
  0.60000000000000053      -0.70000000000000018       0.42741493194872626     
  0.60000000000000053      -0.59999999999999964       0.48675225595997157     
  0.60000000000000053      -0.50000000000000000       0.54335086907449948     
  0.60000000000000053      -0.39999999999999947       0.59452054797019416     
  0.60000000000000053      -0.29999999999999982       0.63762815162177289     
  0.60000000000000053      -0.19999999999999929       0.67032004603563911     
  0.60000000000000053       -9.9999999999999645E-002  0.69073433063735423     
  0.60000000000000053        0.0000000000000000       0.69767632607103058     
  0.60000000000000053       0.10000000000000053       0.69073433063735412     
  0.60000000000000053       0.20000000000000018       0.67032004603563877     
  0.60000000000000053       0.30000000000000071       0.63762815162177267     
  0.60000000000000053       0.40000000000000036       0.59452054797019382     
  0.60000000000000053       0.50000000000000000       0.54335086907449948     
  0.60000000000000053       0.60000000000000053       0.48675225595997101     
  0.60000000000000053       0.70000000000000018       0.42741493194872626     
  0.60000000000000053       0.80000000000000071       0.36787944117144167     
  0.60000000000000053       0.90000000000000036       0.31036694126548464     
  0.60000000000000053        1.0000000000000000       0.25666077695355566     
  0.60000000000000053        1.1000000000000005       0.20804518235702013     
  0.60000000000000053        1.2000000000000002       0.16529888822158634     
  0.60000000000000053        1.3000000000000007       0.12873490358780390     
  0.60000000000000053        1.4000000000000004        9.8273585604361377E-002
  0.60000000000000053        1.5000000000000000        7.3534543763057028E-002
  0.60000000000000053        1.6000000000000005        5.3933687300355873E-002
  0.60000000000000053        1.7000000000000002        3.8774207831721960E-002
  0.60000000000000053        1.8000000000000007        2.7323722447292472E-002
  0.60000000000000053        1.9000000000000004        1.8873433135151451E-002
  0.60000000000000053        2.0000000000000000        1.2778387649535761E-002
  0.60000000000000053        2.1000000000000005        8.4803801599532460E-003
  0.60000000000000053        2.2000000000000002        5.5165644207607663E-003
  0.60000000000000053        2.3000000000000007        3.5175167749121159E-003
  0.60000000000000053        2.4000000000000004        2.1984559630425274E-003
  0.60000000000000053        2.5000000000000000        1.3468321494119735E-003
  0.60000000000000053        2.6000000000000005        8.0876675112410924E-004
  0.60000000000000053        2.7000000000000002        4.7604412902226890E-004
  0.60000000000000053        2.8000000000000007        2.7465356997214107E-004
  0.60000000000000053        2.9000000000000004        1.5532358064888931E-004
  0.60000000000000053        3.0000000000000000        8.6100098716340202E-005
  0.60000000000000053        3.0999999999999996        4.6782563464923781E-005
  0.60000000000000053        3.2000000000000011        2.4916009731502984E-005
  0.60000000000000053        3.3000000000000007        1.3007297654067551E-005
  0.60000000000000053        3.4000000000000004        6.6559457834091498E-006
  0.60000000000000053        3.5000000000000000        3.3384631219591562E-006
  0.60000000000000053        3.5999999999999996        1.6413360223486418E-006
  0.60000000000000053        3.7000000000000011        7.9097458492869513E-007
  0.60000000000000053        3.8000000000000007        3.7362993798852401E-007
  0.60000000000000053        3.9000000000000004        1.7299554400100078E-007
  0.60000000000000053        4.0000000000000000        7.8513127251894318E-008
  0.60000000000000053        4.0999999999999996        3.4927197962393454E-008
  0.60000000000000053        4.2000000000000011        1.5229979744712520E-008
  0.60000000000000053        4.3000000000000007        6.5095207561668014E-009
  0.60000000000000053        4.4000000000000004        2.7271738056557508E-009
  0.60000000000000053        4.5000000000000000        1.1199296120480444E-009
  0.60000000000000053        4.6000000000000014        4.5079879806192359E-010
  0.60000000000000053        4.7000000000000011        1.7786433840639079E-010
  0.60000000000000053        4.8000000000000007        6.8787436271345610E-011
  0.60000000000000053        4.9000000000000004        2.6076150325085657E-011
  0.60000000000000053        5.0000000000000000        9.6892896523888197E-012

  0.70000000000000018       -5.0000000000000000        8.5081209726284732E-012
  0.70000000000000018       -4.9000000000000004        2.2897348456455365E-011
  0.70000000000000018       -4.7999999999999998        6.0401933494608153E-011
  0.70000000000000018       -4.7000000000000002        1.5618186287836096E-010
  0.70000000000000018       -4.5999999999999996        3.9584436484266193E-010
  0.70000000000000018       -4.5000000000000000        9.8340507529202216E-010
  0.70000000000000018       -4.4000000000000004        2.3947188580725476E-009
  0.70000000000000018       -4.2999999999999998        5.7159804334726519E-009
  0.70000000000000018       -4.2000000000000002        1.3373375626844822E-008
  0.70000000000000018       -4.0999999999999996        3.0669412945635550E-008
  0.70000000000000018       -4.0000000000000000        6.8942018307172828E-008
  0.70000000000000018       -3.8999999999999999        1.5190659675689639E-007
  0.70000000000000018       -3.7999999999999998        3.2808274140285771E-007
  0.70000000000000018       -3.7000000000000002        6.9455116900018030E-007
  0.70000000000000018       -3.5999999999999996        1.4412496618296723E-006
  0.70000000000000018       -3.5000000000000000        2.9314892136891307E-006
  0.70000000000000018       -3.3999999999999999        5.8445555808665767E-006
  0.70000000000000018       -3.2999999999999998        1.1421648638660525E-005
  0.70000000000000018       -3.2000000000000002        2.1878634302005149E-005
  0.70000000000000018       -3.0999999999999996        4.1079555225300799E-005
  0.70000000000000018       -3.0000000000000000        7.5604103284627693E-005
  0.70000000000000018       -2.8999999999999999        1.3638892648201140E-004
  0.70000000000000018       -2.7999999999999998        2.4117204487855885E-004
  0.70000000000000018       -2.6999999999999997        4.1801217461101369E-004
  0.70000000000000018       -2.5999999999999996        7.1017438884255033E-004
  0.70000000000000018       -2.5000000000000000        1.1826471566155727E-003
  0.70000000000000018       -2.3999999999999999        1.9304541362277093E-003
  0.70000000000000018       -2.2999999999999998        3.0887154082367718E-003
  0.70000000000000018       -2.1999999999999997        4.8440700122489716E-003
  0.70000000000000018       -2.0999999999999996        7.4465830709243511E-003
  0.70000000000000018       -2.0000000000000000        1.1220643809589084E-002
  0.70000000000000018       -1.8999999999999999        1.6572675401761237E-002
  0.70000000000000018       -1.7999999999999998        2.3992835836709185E-002
  0.70000000000000018       -1.6999999999999997        3.4047454734599358E-002
  0.70000000000000018       -1.5999999999999996        4.7358924391140970E-002
  0.70000000000000018       -1.5000000000000000        6.4570346893168470E-002
  0.70000000000000018       -1.3999999999999999        8.6293586499370495E-002
  0.70000000000000018       -1.2999999999999998       0.11304153064044989     
  0.70000000000000018       -1.1999999999999997       0.14514819848362381     
  0.70000000000000018       -1.0999999999999996       0.18268352405273475     
  0.70000000000000018       -1.0000000000000000       0.22537265553943867     
  0.70000000000000018      -0.89999999999999947       0.27253179303401276     
  0.70000000000000018      -0.79999999999999982       0.32303325642225295     
  0.70000000000000018      -0.70000000000000018       0.37531109885139935     
  0.70000000000000018      -0.59999999999999964       0.42741493194872671     
  0.70000000000000018      -0.50000000000000000       0.47711391552103427     
  0.70000000000000018      -0.39999999999999947       0.52204577676101604     
  0.70000000000000018      -0.29999999999999982       0.55989836656540193     
  0.70000000000000018      -0.19999999999999929       0.58860496967835518     
  0.70000000000000018       -9.9999999999999645E-002  0.60653065971263331     
  0.70000000000000018        0.0000000000000000       0.61262639418441589     
  0.70000000000000018       0.10000000000000053       0.60653065971263320     
  0.70000000000000018       0.20000000000000018       0.58860496967835496     
  0.70000000000000018       0.30000000000000071       0.55989836656540160     
  0.70000000000000018       0.40000000000000036       0.52204577676101571     
  0.70000000000000018       0.50000000000000000       0.47711391552103427     
  0.70000000000000018       0.60000000000000053       0.42741493194872626     
  0.70000000000000018       0.70000000000000018       0.37531109885139935     
  0.70000000000000018       0.80000000000000071       0.32303325642225245     
  0.70000000000000018       0.90000000000000036       0.27253179303401237     
  0.70000000000000018        1.0000000000000000       0.22537265553943867     
  0.70000000000000018        1.1000000000000005       0.18268352405273441     
  0.70000000000000018        1.2000000000000002       0.14514819848362365     
  0.70000000000000018        1.3000000000000007       0.11304153064044960     
  0.70000000000000018        1.4000000000000004        8.6293586499370384E-002
  0.70000000000000018        1.5000000000000000        6.4570346893168470E-002
  0.70000000000000018        1.6000000000000005        4.7358924391140825E-002
  0.70000000000000018        1.7000000000000002        3.4047454734599317E-002
  0.70000000000000018        1.8000000000000007        2.3992835836709112E-002
  0.70000000000000018        1.9000000000000004        1.6572675401761224E-002
  0.70000000000000018        2.0000000000000000        1.1220643809589084E-002
  0.70000000000000018        2.1000000000000005        7.4465830709243242E-003
  0.70000000000000018        2.2000000000000002        4.8440700122489629E-003
  0.70000000000000018        2.3000000000000007        3.0887154082367579E-003
  0.70000000000000018        2.4000000000000004        1.9304541362277058E-003
  0.70000000000000018        2.5000000000000000        1.1826471566155727E-003
  0.70000000000000018        2.6000000000000005        7.1017438884254718E-004
  0.70000000000000018        2.7000000000000002        4.1801217461101255E-004
  0.70000000000000018        2.8000000000000007        2.4117204487855755E-004
  0.70000000000000018        2.9000000000000004        1.3638892648201116E-004
  0.70000000000000018        3.0000000000000000        7.5604103284627693E-005
  0.70000000000000018        3.0999999999999996        4.1079555225300799E-005
  0.70000000000000018        3.2000000000000011        2.1878634302005034E-005
  0.70000000000000018        3.3000000000000007        1.1421648638660464E-005
  0.70000000000000018        3.4000000000000004        5.8445555808665563E-006
  0.70000000000000018        3.5000000000000000        2.9314892136891307E-006
  0.70000000000000018        3.5999999999999996        1.4412496618296723E-006
  0.70000000000000018        3.7000000000000011        6.9455116900017543E-007
  0.70000000000000018        3.8000000000000007        3.2808274140285596E-007
  0.70000000000000018        3.9000000000000004        1.5190659675689586E-007
  0.70000000000000018        4.0000000000000000        6.8942018307172828E-008
  0.70000000000000018        4.0999999999999996        3.0669412945635550E-008
  0.70000000000000018        4.2000000000000011        1.3373375626844726E-008
  0.70000000000000018        4.3000000000000007        5.7159804334726113E-009
  0.70000000000000018        4.4000000000000004        2.3947188580725476E-009
  0.70000000000000018        4.5000000000000000        9.8340507529202216E-010
  0.70000000000000018        4.6000000000000014        3.9584436484265490E-010
  0.70000000000000018        4.7000000000000011        1.5618186287835985E-010
  0.70000000000000018        4.8000000000000007        6.0401933494607727E-011
  0.70000000000000018        4.9000000000000004        2.2897348456455365E-011
  0.70000000000000018        5.0000000000000000        8.5081209726284732E-012

  0.80000000000000071       -5.0000000000000000        7.3230075855306592E-012
  0.80000000000000071       -4.9000000000000004        1.9707930455455148E-011
  0.80000000000000071       -4.7999999999999998        5.1988425950305175E-011
  0.80000000000000071       -4.7000000000000002        1.3442697515233013E-010
  0.80000000000000071       -4.5999999999999996        3.4070640224299034E-010
  0.80000000000000071       -4.5000000000000000        8.4642459236072915E-010
  0.80000000000000071       -4.4000000000000004        2.0611536224385504E-009
  0.80000000000000071       -4.2999999999999998        4.9197899521794774E-009
  0.80000000000000071       -4.2000000000000002        1.1510571073753813E-008
  0.80000000000000071       -4.0999999999999996        2.6397408354582483E-008
  0.80000000000000071       -4.0000000000000000        5.9338945067826102E-008
  0.80000000000000071       -3.8999999999999999        1.3074721950024548E-007
  0.80000000000000071       -3.7999999999999998        2.8238343245283909E-007
  0.80000000000000071       -3.7000000000000002        5.9780573119380331E-007
  0.80000000000000071       -3.5999999999999996        1.2404950799567155E-006
  0.80000000000000071       -3.5000000000000000        2.5231561490262545E-006
  0.80000000000000071       -3.3999999999999999        5.0304556071114483E-006
  0.80000000000000071       -3.2999999999999998        9.8307040872195144E-006
  0.80000000000000071       -3.2000000000000002        1.8831115057022703E-005
  0.80000000000000071       -3.0999999999999996        3.5357500850410042E-005
  0.80000000000000071       -3.0000000000000000        6.5073054747542944E-005
  0.80000000000000071       -2.8999999999999999        1.1739103691911796E-004
  0.80000000000000071       -2.7999999999999998        2.0757870271771752E-004
  0.80000000000000071       -2.6999999999999997        3.5978641293048306E-004
  0.80000000000000071       -2.5999999999999996        6.1125276112957284E-004
  0.80000000000000071       -2.5000000000000000        1.0179138409954368E-003
  0.80000000000000071       -2.3999999999999999        1.6615572731739324E-003
  0.80000000000000071       -2.2999999999999998        2.6584819887763649E-003
  0.80000000000000071       -2.1999999999999997        4.1693296979041115E-003
  0.80000000000000071       -2.0999999999999996        6.4093334462563831E-003
  0.80000000000000071       -2.0000000000000000        9.6576976275377594E-003
  0.80000000000000071       -1.8999999999999999        1.4264233908999243E-002
  0.80000000000000071       -1.7999999999999998        2.0650825181712556E-002
  0.80000000000000071       -1.6999999999999997        2.9304915867040746E-002
  0.80000000000000071       -1.5999999999999996        4.0762203978366225E-002
  0.80000000000000071       -1.5000000000000000        5.5576212611483010E-002
  0.80000000000000071       -1.3999999999999999        7.4273578214333807E-002
  0.80000000000000071       -1.2999999999999998        9.7295747089532716E-002
  0.80000000000000071       -1.1999999999999997       0.12493021219858236     
  0.80000000000000071       -1.0999999999999996       0.15723716631362752     
  0.80000000000000071       -1.0000000000000000       0.19398004229089169     
  0.80000000000000071      -0.89999999999999947       0.23457028809379762     
  0.80000000000000071      -0.79999999999999982       0.27803730045319391     
  0.80000000000000071      -0.70000000000000018       0.32303325642225245     
  0.80000000000000071      -0.59999999999999964       0.36787944117144206     
  0.80000000000000071      -0.50000000000000000       0.41065575275234500     
  0.80000000000000071      -0.39999999999999947       0.44932896411722129     
  0.80000000000000071      -0.29999999999999982       0.48190899009020194     
  0.80000000000000071      -0.19999999999999929       0.50661699236558921     
  0.80000000000000071       -9.9999999999999645E-002  0.52204577676101549     
  0.80000000000000071        0.0000000000000000       0.52729242404304799     
  0.80000000000000071       0.10000000000000053       0.52204577676101538     
  0.80000000000000071       0.20000000000000018       0.50661699236558899     
  0.80000000000000071       0.30000000000000071       0.48190899009020166     
  0.80000000000000071       0.40000000000000036       0.44932896411722095     
  0.80000000000000071       0.50000000000000000       0.41065575275234500     
  0.80000000000000071       0.60000000000000053       0.36787944117144167     
  0.80000000000000071       0.70000000000000018       0.32303325642225245     
  0.80000000000000071       0.80000000000000071       0.27803730045319353     
  0.80000000000000071       0.90000000000000036       0.23457028809379724     
  0.80000000000000071        1.0000000000000000       0.19398004229089169     
  0.80000000000000071        1.1000000000000005       0.15723716631362725     
  0.80000000000000071        1.2000000000000002       0.12493021219858225     
  0.80000000000000071        1.3000000000000007        9.7295747089532467E-002
  0.80000000000000071        1.4000000000000004        7.4273578214333710E-002
  0.80000000000000071        1.5000000000000000        5.5576212611483010E-002
  0.80000000000000071        1.6000000000000005        4.0762203978366100E-002
  0.80000000000000071        1.7000000000000002        2.9304915867040707E-002
  0.80000000000000071        1.8000000000000007        2.0650825181712493E-002
  0.80000000000000071        1.9000000000000004        1.4264233908999217E-002
  0.80000000000000071        2.0000000000000000        9.6576976275377594E-003
  0.80000000000000071        2.1000000000000005        6.4093334462563606E-003
  0.80000000000000071        2.2000000000000002        4.1693296979041046E-003
  0.80000000000000071        2.3000000000000007        2.6584819887763528E-003
  0.80000000000000071        2.4000000000000004        1.6615572731739296E-003
  0.80000000000000071        2.5000000000000000        1.0179138409954368E-003
  0.80000000000000071        2.6000000000000005        6.1125276112957013E-004
  0.80000000000000071        2.7000000000000002        3.5978641293048209E-004
  0.80000000000000071        2.8000000000000007        2.0757870271771644E-004
  0.80000000000000071        2.9000000000000004        1.1739103691911776E-004
  0.80000000000000071        3.0000000000000000        6.5073054747542944E-005
  0.80000000000000071        3.0999999999999996        3.5357500850410042E-005
  0.80000000000000071        3.2000000000000011        1.8831115057022605E-005
  0.80000000000000071        3.3000000000000007        9.8307040872194619E-006
  0.80000000000000071        3.4000000000000004        5.0304556071114297E-006
  0.80000000000000071        3.5000000000000000        2.5231561490262545E-006
  0.80000000000000071        3.5999999999999996        1.2404950799567155E-006
  0.80000000000000071        3.7000000000000011        5.9780573119379908E-007
  0.80000000000000071        3.8000000000000007        2.8238343245283755E-007
  0.80000000000000071        3.9000000000000004        1.3074721950024503E-007
  0.80000000000000071        4.0000000000000000        5.9338945067826102E-008
  0.80000000000000071        4.0999999999999996        2.6397408354582483E-008
  0.80000000000000071        4.2000000000000011        1.1510571073753730E-008
  0.80000000000000071        4.3000000000000007        4.9197899521794427E-009
  0.80000000000000071        4.4000000000000004        2.0611536224385504E-009
  0.80000000000000071        4.5000000000000000        8.4642459236072915E-010
  0.80000000000000071        4.6000000000000014        3.4070640224298429E-010
  0.80000000000000071        4.7000000000000011        1.3442697515232917E-010
  0.80000000000000071        4.8000000000000007        5.1988425950304807E-011
  0.80000000000000071        4.9000000000000004        1.9707930455455148E-011
  0.80000000000000071        5.0000000000000000        7.3230075855306592E-012

  0.90000000000000036       -5.0000000000000000        6.1781638515806394E-012
  0.90000000000000036       -4.9000000000000004        1.6626887533195822E-011
  0.90000000000000036       -4.7999999999999998        4.3860805844498812E-011
  0.90000000000000036       -4.7000000000000002        1.1341130933749703E-010
  0.90000000000000036       -4.5999999999999996        2.8744200436154569E-010
  0.90000000000000036       -4.5000000000000000        7.1409864847668220E-010
  0.90000000000000036       -4.4000000000000004        1.7389227928515886E-009
  0.90000000000000036       -4.2999999999999998        4.1506536876982236E-009
  0.90000000000000036       -4.2000000000000002        9.7110638338581326E-009
  0.90000000000000036       -4.0999999999999996        2.2270564678088641E-008
  0.90000000000000036       -4.0000000000000000        5.0062180207670310E-008
  0.90000000000000036       -3.8999999999999999        1.1030682896016174E-007
  0.90000000000000036       -3.7999999999999998        2.3823696675018180E-007
  0.90000000000000036       -3.7000000000000002        5.0434766256788718E-007
  0.90000000000000036       -3.5999999999999996        1.0465620541203988E-006
  0.90000000000000036       -3.5000000000000000        2.1286980697122731E-006
  0.90000000000000036       -3.3999999999999999        4.2440184071699300E-006
  0.90000000000000036       -3.2999999999999998        8.2938191607573704E-006
  0.90000000000000036       -3.2000000000000002        1.5887149230888459E-005
  0.90000000000000036       -3.0999999999999996        2.9829879470267674E-005
  0.90000000000000036       -3.0000000000000000        5.4899846798952252E-005
  0.90000000000000036       -2.8999999999999999        9.9038687632426974E-005
  0.90000000000000036       -2.7999999999999998        1.7512684815765842E-004
  0.90000000000000036       -2.6999999999999997        3.0353913807886678E-004
  0.90000000000000036       -2.5999999999999996        5.1569244861241468E-004
  0.90000000000000036       -2.5000000000000000        8.5877809397433649E-004
  0.90000000000000036       -2.3999999999999999        1.4017974121366744E-003
  0.90000000000000036       -2.2999999999999998        2.2428677194858034E-003
  0.90000000000000036       -2.1999999999999997        3.5175167749121315E-003
  0.90000000000000036       -2.0999999999999996        5.4073291264409643E-003
  0.90000000000000036       -2.0000000000000000        8.1478596976799818E-003
  0.90000000000000036       -1.8999999999999999        1.2034232284723764E-002
  0.90000000000000036       -1.7999999999999998        1.7422374639493515E-002
  0.90000000000000036       -1.6999999999999997        2.4723526470339399E-002
  0.90000000000000036       -1.5999999999999996        3.4389637343472744E-002
  0.90000000000000036       -1.5000000000000000        4.6887695219988465E-002
  0.90000000000000036       -1.3999999999999999        6.2662004742153124E-002
  0.90000000000000036       -1.2999999999999998        8.2084998623898800E-002
  0.90000000000000036       -1.1999999999999997       0.10539922456186433     
  0.90000000000000036       -1.0999999999999996       0.13265546508012172     
  0.90000000000000036       -1.0000000000000000       0.16365413680270399     
  0.90000000000000036      -0.89999999999999947       0.19789869908361474     
  0.90000000000000036      -0.79999999999999982       0.23457028809379762     
  0.90000000000000036      -0.70000000000000018       0.27253179303401237     
  0.90000000000000036      -0.59999999999999964       0.31036694126548497     
  0.90000000000000036      -0.50000000000000000       0.34645581033005729     
  0.90000000000000036      -0.39999999999999947       0.37908303810339872     
  0.90000000000000036      -0.29999999999999982       0.40656965974059894     
  0.90000000000000036      -0.19999999999999929       0.42741493194872654     
  0.90000000000000036       -9.9999999999999645E-002  0.44043165450599903     
  0.90000000000000036        0.0000000000000000       0.44485806622294088     
  0.90000000000000036       0.10000000000000053       0.44043165450599892     
  0.90000000000000036       0.20000000000000018       0.42741493194872637     
  0.90000000000000036       0.30000000000000071       0.40656965974059872     
  0.90000000000000036       0.40000000000000036       0.37908303810339850     
  0.90000000000000036       0.50000000000000000       0.34645581033005729     
  0.90000000000000036       0.60000000000000053       0.31036694126548464     
  0.90000000000000036       0.70000000000000018       0.27253179303401237     
  0.90000000000000036       0.80000000000000071       0.23457028809379724     
  0.90000000000000036       0.90000000000000036       0.19789869908361443     
  0.90000000000000036        1.0000000000000000       0.16365413680270399     
  0.90000000000000036        1.1000000000000005       0.13265546508012149     
  0.90000000000000036        1.2000000000000002       0.10539922456186425     
  0.90000000000000036        1.3000000000000007        8.2084998623898578E-002
  0.90000000000000036        1.4000000000000004        6.2662004742153041E-002
  0.90000000000000036        1.5000000000000000        4.6887695219988465E-002
  0.90000000000000036        1.6000000000000005        3.4389637343472633E-002
  0.90000000000000036        1.7000000000000002        2.4723526470339364E-002
  0.90000000000000036        1.8000000000000007        1.7422374639493452E-002
  0.90000000000000036        1.9000000000000004        1.2034232284723754E-002
  0.90000000000000036        2.0000000000000000        8.1478596976799818E-003
  0.90000000000000036        2.1000000000000005        5.4073291264409452E-003
  0.90000000000000036        2.2000000000000002        3.5175167749121254E-003
  0.90000000000000036        2.3000000000000007        2.2428677194857934E-003
  0.90000000000000036        2.4000000000000004        1.4017974121366720E-003
  0.90000000000000036        2.5000000000000000        8.5877809397433649E-004
  0.90000000000000036        2.6000000000000005        5.1569244861241240E-004
  0.90000000000000036        2.7000000000000002        3.0353913807886623E-004
  0.90000000000000036        2.8000000000000007        1.7512684815765750E-004
  0.90000000000000036        2.9000000000000004        9.9038687632426798E-005
  0.90000000000000036        3.0000000000000000        5.4899846798952252E-005
  0.90000000000000036        3.0999999999999996        2.9829879470267674E-005
  0.90000000000000036        3.2000000000000011        1.5887149230888374E-005
  0.90000000000000036        3.3000000000000007        8.2938191607573264E-006
  0.90000000000000036        3.4000000000000004        4.2440184071699147E-006
  0.90000000000000036        3.5000000000000000        2.1286980697122731E-006
  0.90000000000000036        3.5999999999999996        1.0465620541203988E-006
  0.90000000000000036        3.7000000000000011        5.0434766256788358E-007
  0.90000000000000036        3.8000000000000007        2.3823696675018053E-007
  0.90000000000000036        3.9000000000000004        1.1030682896016135E-007
  0.90000000000000036        4.0000000000000000        5.0062180207670310E-008
  0.90000000000000036        4.0999999999999996        2.2270564678088641E-008
  0.90000000000000036        4.2000000000000011        9.7110638338580631E-009
  0.90000000000000036        4.3000000000000007        4.1506536876981938E-009
  0.90000000000000036        4.4000000000000004        1.7389227928515886E-009
  0.90000000000000036        4.5000000000000000        7.1409864847668220E-010
  0.90000000000000036        4.6000000000000014        2.8744200436154057E-010
  0.90000000000000036        4.7000000000000011        1.1341130933749622E-010
  0.90000000000000036        4.8000000000000007        4.3860805844498502E-011
  0.90000000000000036        4.9000000000000004        1.6626887533195822E-011
  0.90000000000000036        5.0000000000000000        6.1781638515806394E-012

   1.0000000000000000       -5.0000000000000000        5.1090890280633251E-012
   1.0000000000000000       -4.9000000000000004        1.3749756514625336E-011
   1.0000000000000000       -4.7999999999999998        3.6271094015224788E-011
   1.0000000000000000       -4.7000000000000002        9.3786518149119506E-011
   1.0000000000000000       -4.5999999999999996        2.3770279098576849E-010
   1.0000000000000000       -4.5000000000000000        5.9053039989440393E-010
   1.0000000000000000       -4.4000000000000004        1.4380180867709259E-009
   1.0000000000000000       -4.2999999999999998        3.4324209788777536E-009
   1.0000000000000000       -4.2000000000000002        8.0306529377160473E-009
   1.0000000000000000       -4.0999999999999996        1.8416846878621859E-008
   1.0000000000000000       -4.0000000000000000        4.1399377187851668E-008
   1.0000000000000000       -3.8999999999999999        9.1219239744933830E-008
   1.0000000000000000       -3.7999999999999998        1.9701223569702404E-007
   1.0000000000000000       -3.7000000000000002        4.1707490624349934E-007
   1.0000000000000000       -3.5999999999999996        8.6546404989339174E-007
   1.0000000000000000       -3.5000000000000000        1.7603463121561693E-006
   1.0000000000000000       -3.3999999999999999        3.5096297864329351E-006
   1.0000000000000000       -3.2999999999999998        6.8586495102627828E-006
   1.0000000000000000       -3.2000000000000002        1.3138023168804481E-005
   1.0000000000000000       -3.0999999999999996        2.4668091292367449E-005
   1.0000000000000000       -3.0000000000000000        4.5399929762484854E-005
   1.0000000000000000       -2.8999999999999999        8.1900947351399041E-005
   1.0000000000000000       -2.7999999999999998        1.4482274668268800E-004
   1.0000000000000000       -2.6999999999999997        2.5101446274361446E-004
   1.0000000000000000       -2.5999999999999996        4.2645658068565459E-004
   1.0000000000000000       -2.5000000000000000        7.1017438884254903E-004
   1.0000000000000000       -2.3999999999999999        1.1592291739045914E-003
   1.0000000000000000       -2.2999999999999998        1.8547599468555049E-003
   1.0000000000000000       -2.1999999999999997        2.9088426258125867E-003
   1.0000000000000000       -2.0999999999999996        4.4716402113483397E-003
   1.0000000000000000       -2.0000000000000000        6.7379469990854670E-003
   1.0000000000000000       -1.8999999999999999        9.9518183078484285E-003
   1.0000000000000000       -1.7999999999999998        1.4407591843112364E-002
   1.0000000000000000       -1.6999999999999997        2.0445346037937673E-002
   1.0000000000000000       -1.5999999999999996        2.8438824714184543E-002
   1.0000000000000000       -1.5000000000000000        3.8774207831722009E-002
   1.0000000000000000       -1.3999999999999999        5.1818917172725833E-002
   1.0000000000000000       -1.2999999999999998        6.7880939371761470E-002
   1.0000000000000000       -1.1999999999999997        8.7160851461981340E-002
   1.0000000000000000       -1.0999999999999996       0.10970064851551151     
   1.0000000000000000       -1.0000000000000000       0.13533528323661270     
   1.0000000000000000      -0.89999999999999947       0.16365413680270421     
   1.0000000000000000      -0.79999999999999982       0.19398004229089197     
   1.0000000000000000      -0.70000000000000018       0.22537265553943867     
   1.0000000000000000      -0.59999999999999964       0.25666077695355599     
   1.0000000000000000      -0.50000000000000000       0.28650479686019009     
   1.0000000000000000      -0.39999999999999947       0.31348618088260538     
   1.0000000000000000      -0.29999999999999982       0.33621649370673340     
   1.0000000000000000      -0.19999999999999929       0.35345468195878021     
   1.0000000000000000       -9.9999999999999645E-002  0.36421897957152333     
   1.0000000000000000        0.0000000000000000       0.36787944117144233     
   1.0000000000000000       0.10000000000000053       0.36421897957152333     
   1.0000000000000000       0.20000000000000018       0.35345468195878016     
   1.0000000000000000       0.30000000000000071       0.33621649370673318     
   1.0000000000000000       0.40000000000000036       0.31348618088260521     
   1.0000000000000000       0.50000000000000000       0.28650479686019009     
   1.0000000000000000       0.60000000000000053       0.25666077695355566     
   1.0000000000000000       0.70000000000000018       0.22537265553943867     
   1.0000000000000000       0.80000000000000071       0.19398004229089169     
   1.0000000000000000       0.90000000000000036       0.16365413680270399     
   1.0000000000000000        1.0000000000000000       0.13533528323661270     
   1.0000000000000000        1.1000000000000005       0.10970064851551131     
   1.0000000000000000        1.2000000000000002        8.7160851461981256E-002
   1.0000000000000000        1.3000000000000007        6.7880939371761290E-002
   1.0000000000000000        1.4000000000000004        5.1818917172725791E-002
   1.0000000000000000        1.5000000000000000        3.8774207831722009E-002
   1.0000000000000000        1.6000000000000005        2.8438824714184456E-002
   1.0000000000000000        1.7000000000000002        2.0445346037937646E-002
   1.0000000000000000        1.8000000000000007        1.4407591843112326E-002
   1.0000000000000000        1.9000000000000004        9.9518183078484111E-003
   1.0000000000000000        2.0000000000000000        6.7379469990854670E-003
   1.0000000000000000        2.1000000000000005        4.4716402113483241E-003
   1.0000000000000000        2.2000000000000002        2.9088426258125815E-003
   1.0000000000000000        2.3000000000000007        1.8547599468554967E-003
   1.0000000000000000        2.4000000000000004        1.1592291739045894E-003
   1.0000000000000000        2.5000000000000000        7.1017438884254903E-004
   1.0000000000000000        2.6000000000000005        4.2645658068565269E-004
   1.0000000000000000        2.7000000000000002        2.5101446274361402E-004
   1.0000000000000000        2.8000000000000007        1.4482274668268749E-004
   1.0000000000000000        2.9000000000000004        8.1900947351398892E-005
   1.0000000000000000        3.0000000000000000        4.5399929762484854E-005
   1.0000000000000000        3.0999999999999996        2.4668091292367449E-005
   1.0000000000000000        3.2000000000000011        1.3138023168804412E-005
   1.0000000000000000        3.3000000000000007        6.8586495102627463E-006
   1.0000000000000000        3.4000000000000004        3.5096297864329224E-006
   1.0000000000000000        3.5000000000000000        1.7603463121561693E-006
   1.0000000000000000        3.5999999999999996        8.6546404989339174E-007
   1.0000000000000000        3.7000000000000011        4.1707490624349637E-007
   1.0000000000000000        3.8000000000000007        1.9701223569702299E-007
   1.0000000000000000        3.9000000000000004        9.1219239744933830E-008
   1.0000000000000000        4.0000000000000000        4.1399377187851668E-008
   1.0000000000000000        4.0999999999999996        1.8416846878621859E-008
   1.0000000000000000        4.2000000000000011        8.0306529377159893E-009
   1.0000000000000000        4.3000000000000007        3.4324209788777292E-009
   1.0000000000000000        4.4000000000000004        1.4380180867709259E-009
   1.0000000000000000        4.5000000000000000        5.9053039989440393E-010
   1.0000000000000000        4.6000000000000014        2.3770279098576430E-010
   1.0000000000000000        4.7000000000000011        9.3786518149118847E-011
   1.0000000000000000        4.8000000000000007        3.6271094015224530E-011
   1.0000000000000000        4.9000000000000004        1.3749756514625336E-011
   1.0000000000000000        5.0000000000000000        5.1090890280633251E-012

   1.1000000000000005       -5.0000000000000000        4.1413470774072622E-012
   1.1000000000000005       -4.9000000000000004        1.1145336016681237E-011
   1.1000000000000005       -4.7999999999999998        2.9400777392844726E-011
   1.1000000000000005       -4.7000000000000002        7.6021874096073237E-011
   1.1000000000000005       -4.5999999999999996        1.9267813759620801E-010
   1.1000000000000005       -4.5000000000000000        4.7867463892087812E-010
   1.1000000000000005       -4.4000000000000004        1.1656348065567010E-009
   1.1000000000000005       -4.2999999999999998        2.7822663710158728E-009
   1.1000000000000005       -4.2000000000000002        6.5095207561668245E-009
   1.1000000000000005       -4.0999999999999996        1.4928405940256080E-008
   1.1000000000000005       -4.0000000000000000        3.3557682941450082E-008
   1.1000000000000005       -3.8999999999999999        7.3940878666620853E-008
   1.1000000000000005       -3.7999999999999998        1.5969501451937286E-007
   1.1000000000000005       -3.7000000000000002        3.3807434839047309E-007
   1.1000000000000005       -3.5999999999999996        7.0153152429713871E-007
   1.1000000000000005       -3.5000000000000000        1.4269089880855070E-006
   1.1000000000000005       -3.3999999999999999        2.8448506140702468E-006
   1.1000000000000005       -3.2999999999999998        5.5595132416501460E-006
   1.1000000000000005       -3.2000000000000002        1.0649474603824220E-005
   1.1000000000000005       -3.0999999999999996        1.9995566179747390E-005
   1.1000000000000005       -3.0000000000000000        3.6800467833623207E-005
   1.1000000000000005       -2.8999999999999999        6.6387617653077731E-005
   1.1000000000000005       -2.7999999999999998        1.1739103691911796E-004
   1.1000000000000005       -2.6999999999999997        2.0346836901064417E-004
   1.1000000000000005       -2.5999999999999996        3.4567898589410527E-004
   1.1000000000000005       -2.5000000000000000        5.7565617148727557E-004
   1.1000000000000005       -2.3999999999999999        9.3965290583609528E-004
   1.1000000000000005       -2.2999999999999998        1.5034391929775724E-003
   1.1000000000000005       -2.1999999999999997        2.3578620064902329E-003
   1.1000000000000005       -2.0999999999999996        3.6246411089657592E-003
   1.1000000000000005       -2.0000000000000000        5.4616736876407735E-003
   1.1000000000000005       -1.8999999999999999        8.0667871390996074E-003
   1.1000000000000005       -1.7999999999999998        1.1678566970395442E-002
   1.1000000000000005       -1.6999999999999997        1.6572675401761237E-002
   1.1000000000000005       -1.5999999999999996        2.3052063287225581E-002
   1.1000000000000005       -1.5000000000000000        3.1429762018367682E-002
   1.1000000000000005       -1.3999999999999999        4.2003597903445516E-002
   1.1000000000000005       -1.2999999999999998        5.5023220056407210E-002
   1.1000000000000005       -1.1999999999999997        7.0651213060429569E-002
   1.1000000000000005       -1.0999999999999996        8.8921617459386301E-002
   1.1000000000000005       -1.0000000000000000       0.10970064851551131     
   1.1000000000000005      -0.89999999999999947       0.13265546508012172     
   1.1000000000000005      -0.79999999999999982       0.15723716631362750     
   1.1000000000000005      -0.70000000000000018       0.18268352405273441     
   1.1000000000000005      -0.59999999999999964       0.20804518235702033     
   1.1000000000000005      -0.50000000000000000       0.23223627472975858     
   1.1000000000000005      -0.39999999999999947       0.25410695955280016     
   1.1000000000000005      -0.29999999999999982       0.27253179303401237     
   1.1000000000000005      -0.19999999999999929       0.28650479686018987     
   1.1000000000000005       -9.9999999999999645E-002  0.29523016692401388     
   1.1000000000000005        0.0000000000000000       0.29819727942988705     
   1.1000000000000005       0.10000000000000053       0.29523016692401388     
   1.1000000000000005       0.20000000000000018       0.28650479686018976     
   1.1000000000000005       0.30000000000000071       0.27253179303401215     
   1.1000000000000005       0.40000000000000036       0.25410695955279994     
   1.1000000000000005       0.50000000000000000       0.23223627472975858     
   1.1000000000000005       0.60000000000000053       0.20804518235702013     
   1.1000000000000005       0.70000000000000018       0.18268352405273441     
   1.1000000000000005       0.80000000000000071       0.15723716631362725     
   1.1000000000000005       0.90000000000000036       0.13265546508012149     
   1.1000000000000005        1.0000000000000000       0.10970064851551131     
   1.1000000000000005        1.1000000000000005        8.8921617459386149E-002
   1.1000000000000005        1.2000000000000002        7.0651213060429499E-002
   1.1000000000000005        1.3000000000000007        5.5023220056407064E-002
   1.1000000000000005        1.4000000000000004        4.2003597903445461E-002
   1.1000000000000005        1.5000000000000000        3.1429762018367682E-002
   1.1000000000000005        1.6000000000000005        2.3052063287225498E-002
   1.1000000000000005        1.7000000000000002        1.6572675401761224E-002
   1.1000000000000005        1.8000000000000007        1.1678566970395401E-002
   1.1000000000000005        1.9000000000000004        8.0667871390996005E-003
   1.1000000000000005        2.0000000000000000        5.4616736876407735E-003
   1.1000000000000005        2.1000000000000005        3.6246411089657462E-003
   1.1000000000000005        2.2000000000000002        2.3578620064902286E-003
   1.1000000000000005        2.3000000000000007        1.5034391929775659E-003
   1.1000000000000005        2.4000000000000004        9.3965290583609366E-004
   1.1000000000000005        2.5000000000000000        5.7565617148727557E-004
   1.1000000000000005        2.6000000000000005        3.4567898589410375E-004
   1.1000000000000005        2.7000000000000002        2.0346836901064382E-004
   1.1000000000000005        2.8000000000000007        1.1739103691911734E-004
   1.1000000000000005        2.9000000000000004        6.6387617653077609E-005
   1.1000000000000005        3.0000000000000000        3.6800467833623207E-005
   1.1000000000000005        3.0999999999999996        1.9995566179747390E-005
   1.1000000000000005        3.2000000000000011        1.0649474603824163E-005
   1.1000000000000005        3.3000000000000007        5.5595132416501164E-006
   1.1000000000000005        3.4000000000000004        2.8448506140702371E-006
   1.1000000000000005        3.5000000000000000        1.4269089880855070E-006
   1.1000000000000005        3.5999999999999996        7.0153152429713871E-007
   1.1000000000000005        3.7000000000000011        3.3807434839047071E-007
   1.1000000000000005        3.8000000000000007        1.5969501451937202E-007
   1.1000000000000005        3.9000000000000004        7.3940878666620588E-008
   1.1000000000000005        4.0000000000000000        3.3557682941450082E-008
   1.1000000000000005        4.0999999999999996        1.4928405940256080E-008
   1.1000000000000005        4.2000000000000011        6.5095207561667782E-009
   1.1000000000000005        4.3000000000000007        2.7822663710158534E-009
   1.1000000000000005        4.4000000000000004        1.1656348065567010E-009
   1.1000000000000005        4.5000000000000000        4.7867463892087812E-010
   1.1000000000000005        4.6000000000000014        1.9267813759620457E-010
   1.1000000000000005        4.7000000000000011        7.6021874096072707E-011
   1.1000000000000005        4.8000000000000007        2.9400777392844519E-011
   1.1000000000000005        4.9000000000000004        1.1145336016681237E-011
   1.1000000000000005        5.0000000000000000        4.1413470774072622E-012

   1.2000000000000002       -5.0000000000000000        3.2904394126290445E-012
   1.2000000000000002       -4.9000000000000004        8.8553439764438975E-012
   1.2000000000000002       -4.7999999999999998        2.3359905578335488E-011
   1.2000000000000002       -4.7000000000000002        6.0401933494607934E-011
   1.2000000000000002       -4.5999999999999996        1.5308925478794817E-010
   1.2000000000000002       -4.5000000000000000        3.8032308528878770E-010
   1.2000000000000002       -4.4000000000000004        9.2613602205677210E-010
   1.2000000000000002       -4.2999999999999998        2.2106041228871184E-009
   1.2000000000000002       -4.2000000000000002        5.1720329769674517E-009
   1.2000000000000002       -4.0999999999999996        1.1861120151343830E-008
   1.2000000000000002       -4.0000000000000000        2.6662706719135000E-008
   1.2000000000000002       -3.8999999999999999        5.8748512699252362E-008
   1.2000000000000002       -3.7999999999999998        1.2688305518789973E-007
   1.2000000000000002       -3.7000000000000002        2.6861142994064969E-007
   1.2000000000000002       -3.5999999999999996        5.5739036926946061E-007
   1.2000000000000002       -3.5000000000000000        1.1337271387479642E-006
   1.2000000000000002       -3.3999999999999999        2.2603294069810542E-006
   1.2000000000000002       -3.2999999999999998        4.4172200840532854E-006
   1.2000000000000002       -3.2000000000000002        8.4613654217442191E-006
   1.2000000000000002       -3.0999999999999996        1.5887149230888543E-005
   1.2000000000000002       -3.0000000000000000        2.9239208281656698E-005
   1.2000000000000002       -2.8999999999999999        5.2747193015513757E-005
   1.2000000000000002       -2.7999999999999998        9.3271123464948804E-005
   1.2000000000000002       -2.6999999999999997        1.6166245622550507E-004
   1.2000000000000002       -2.5999999999999996        2.7465356997214254E-004
   1.2000000000000002       -2.5000000000000000        4.5737817173506230E-004
   1.2000000000000002       -2.3999999999999999        7.4658580837667920E-004
   1.2000000000000002       -2.2999999999999998        1.1945329581411763E-003
   1.2000000000000002       -2.1999999999999997        1.8734005942224251E-003
   1.2000000000000002       -2.0999999999999996        2.8798991580882456E-003
   1.2000000000000002       -2.0000000000000000        4.3394832707388947E-003
   1.2000000000000002       -1.8999999999999999        6.4093334462563770E-003
   1.2000000000000002       -1.7999999999999998        9.2790138870647437E-003
   1.2000000000000002       -1.6999999999999997        1.3167547490079751E-002
   1.2000000000000002       -1.5999999999999996        1.8315638888734196E-002
   1.2000000000000002       -1.5000000000000000        2.4972002042276144E-002
   1.2000000000000002       -1.3999999999999999        3.3373269960326066E-002
   1.2000000000000002       -1.2999999999999998        4.3717797252750941E-002
   1.2000000000000002       -1.1999999999999997        5.6134762834133725E-002
   1.2000000000000002       -1.0999999999999996        7.0651213060429624E-002
   1.2000000000000002       -1.0000000000000000        8.7160851461981256E-002
   1.2000000000000002      -0.89999999999999947       0.10539922456186439     
   1.2000000000000002      -0.79999999999999982       0.12493021219858241     
   1.2000000000000002      -0.70000000000000018       0.14514819848362365     
   1.2000000000000002      -0.59999999999999964       0.16529888822158653     
   1.2000000000000002      -0.50000000000000000       0.18451952399298918     
   1.2000000000000002      -0.39999999999999947       0.20189651799465538     
   1.2000000000000002      -0.29999999999999982       0.21653566731600701     
   1.2000000000000002      -0.19999999999999929       0.22763768838381268     
   1.2000000000000002       -9.9999999999999645E-002  0.23457028809379757     
   1.2000000000000002        0.0000000000000000       0.23692775868212165     
   1.2000000000000002       0.10000000000000053       0.23457028809379757     
   1.2000000000000002       0.20000000000000018       0.22763768838381265     
   1.2000000000000002       0.30000000000000071       0.21653566731600687     
   1.2000000000000002       0.40000000000000036       0.20189651799465524     
   1.2000000000000002       0.50000000000000000       0.18451952399298918     
   1.2000000000000002       0.60000000000000053       0.16529888822158634     
   1.2000000000000002       0.70000000000000018       0.14514819848362365     
   1.2000000000000002       0.80000000000000071       0.12493021219858225     
   1.2000000000000002       0.90000000000000036       0.10539922456186425     
   1.2000000000000002        1.0000000000000000        8.7160851461981256E-002
   1.2000000000000002        1.1000000000000005        7.0651213060429499E-002
   1.2000000000000002        1.2000000000000002        5.6134762834133677E-002
   1.2000000000000002        1.3000000000000007        4.3717797252750823E-002
   1.2000000000000002        1.4000000000000004        3.3373269960326038E-002
   1.2000000000000002        1.5000000000000000        2.4972002042276144E-002
   1.2000000000000002        1.6000000000000005        1.8315638888734147E-002
   1.2000000000000002        1.7000000000000002        1.3167547490079739E-002
   1.2000000000000002        1.8000000000000007        9.2790138870647108E-003
   1.2000000000000002        1.9000000000000004        6.4093334462563718E-003
   1.2000000000000002        2.0000000000000000        4.3394832707388947E-003
   1.2000000000000002        2.1000000000000005        2.8798991580882352E-003
   1.2000000000000002        2.2000000000000002        1.8734005942224216E-003
   1.2000000000000002        2.3000000000000007        1.1945329581411711E-003
   1.2000000000000002        2.4000000000000004        7.4658580837667790E-004
   1.2000000000000002        2.5000000000000000        4.5737817173506230E-004
   1.2000000000000002        2.6000000000000005        2.7465356997214156E-004
   1.2000000000000002        2.7000000000000002        1.6166245622550477E-004
   1.2000000000000002        2.8000000000000007        9.3271123464948316E-005
   1.2000000000000002        2.9000000000000004        5.2747193015513757E-005
   1.2000000000000002        3.0000000000000000        2.9239208281656698E-005
   1.2000000000000002        3.0999999999999996        1.5887149230888543E-005
   1.2000000000000002        3.2000000000000011        8.4613654217441903E-006
   1.2000000000000002        3.3000000000000007        4.4172200840532541E-006
   1.2000000000000002        3.4000000000000004        2.2603294069810462E-006
   1.2000000000000002        3.5000000000000000        1.1337271387479642E-006
   1.2000000000000002        3.5999999999999996        5.5739036926946061E-007
   1.2000000000000002        3.7000000000000011        2.6861142994064779E-007
   1.2000000000000002        3.8000000000000007        1.2688305518789883E-007
   1.2000000000000002        3.9000000000000004        5.8748512699252157E-008
   1.2000000000000002        4.0000000000000000        2.6662706719135000E-008
   1.2000000000000002        4.0999999999999996        1.1861120151343830E-008
   1.2000000000000002        4.2000000000000011        5.1720329769674153E-009
   1.2000000000000002        4.3000000000000007        2.2106041228871026E-009
   1.2000000000000002        4.4000000000000004        9.2613602205677210E-010
   1.2000000000000002        4.5000000000000000        3.8032308528878770E-010
   1.2000000000000002        4.6000000000000014        1.5308925478794543E-010
   1.2000000000000002        4.7000000000000011        6.0401933494607507E-011
   1.2000000000000002        4.8000000000000007        2.3359905578335323E-011
   1.2000000000000002        4.9000000000000004        8.8553439764438975E-012
   1.2000000000000002        5.0000000000000000        3.2904394126290445E-012

   1.3000000000000007       -5.0000000000000000        2.5625967912045136E-012
   1.3000000000000007       -4.9000000000000004        6.8965488232211560E-012
   1.3000000000000007       -4.7999999999999998        1.8192712756881759E-011
   1.3000000000000007       -4.7000000000000002        4.7041073104627580E-011
   1.3000000000000007       -4.5999999999999996        1.1922603150867185E-010
   1.3000000000000007       -4.5000000000000000        2.9619591664304061E-010
   1.3000000000000007       -4.4000000000000004        7.2127545920845004E-010
   1.3000000000000007       -4.2999999999999998        1.7216202219653638E-009
   1.3000000000000007       -4.2000000000000002        4.0279833325333810E-009
   1.3000000000000007       -4.0999999999999996        9.2374496619705944E-009
   1.3000000000000007       -4.0000000000000000        2.0764936871665546E-008
   1.3000000000000007       -3.8999999999999999        4.5753387694457955E-008
   1.3000000000000007       -3.7999999999999998        9.8816622738828243E-008
   1.3000000000000007       -3.7000000000000002        2.0919479197970779E-007
   1.3000000000000007       -3.5999999999999996        4.3409605606351544E-007
   1.3000000000000007       -3.5000000000000000        8.8294758344621777E-007
   1.3000000000000007       -3.3999999999999999        1.7603463121561693E-006
   1.3000000000000007       -3.2999999999999998        3.4401344604594294E-006
   1.3000000000000007       -3.2000000000000002        6.5897180163077058E-006
   1.3000000000000007       -3.0999999999999996        1.2372924261788243E-005
   1.3000000000000007       -3.0000000000000000        2.2771518306142142E-005
   1.3000000000000007       -2.8999999999999999        4.1079555225300649E-005
   1.3000000000000007       -2.7999999999999998        7.2639623992451683E-005
   1.3000000000000007       -2.6999999999999997        1.2590284750166984E-004
   1.3000000000000007       -2.5999999999999996        2.1390041536766149E-004
   1.3000000000000007       -2.5000000000000000        3.5620647830703338E-004
   1.3000000000000007       -2.3999999999999999        5.8144161219375460E-004
   1.3000000000000007       -2.2999999999999998        9.3030320320494815E-004
   1.3000000000000007       -2.1999999999999997        1.4590058497868572E-003
   1.3000000000000007       -2.0999999999999996        2.2428677194858012E-003
   1.3000000000000007       -2.0000000000000000        3.3795929693767063E-003
   1.3000000000000007       -1.8999999999999999        4.9915939069102083E-003
   1.3000000000000007       -1.7999999999999998        7.2265032813764495E-003
   1.3000000000000007       -1.6999999999999997        1.0254896296404014E-002
   1.3000000000000007       -1.5999999999999996        1.4264233908999243E-002
   1.3000000000000007       -1.5000000000000000        1.9448214745385349E-002
   1.3000000000000007       -1.3999999999999999        2.5991128778755299E-002
   1.3000000000000007       -1.2999999999999998        3.4047454734599282E-002
   1.3000000000000007       -1.1999999999999997        4.3717797252750885E-002
   1.3000000000000007       -1.0999999999999996        5.5023220056407161E-002
   1.3000000000000007       -1.0000000000000000        6.7880939371761290E-002
   1.3000000000000007      -0.89999999999999947        8.2084998623898717E-002
   1.3000000000000007      -0.79999999999999982        9.7295747089532592E-002
   1.3000000000000007      -0.70000000000000018       0.11304153064044960     
   1.3000000000000007      -0.59999999999999964       0.12873490358780401     
   1.3000000000000007      -0.50000000000000000       0.14370394977770265     
   1.3000000000000007      -0.39999999999999947       0.15723716631362739     
   1.3000000000000007      -0.29999999999999982       0.16863814726859522     
   1.3000000000000007      -0.19999999999999929       0.17728440996987749     
   1.3000000000000007       -9.9999999999999645E-002  0.18268352405273430     
   1.3000000000000007        0.0000000000000000       0.18451952399298890     
   1.3000000000000007       0.10000000000000053       0.18268352405273430     
   1.3000000000000007       0.20000000000000018       0.17728440996987746     
   1.3000000000000007       0.30000000000000071       0.16863814726859508     
   1.3000000000000007       0.40000000000000036       0.15723716631362725     
   1.3000000000000007       0.50000000000000000       0.14370394977770265     
   1.3000000000000007       0.60000000000000053       0.12873490358780390     
   1.3000000000000007       0.70000000000000018       0.11304153064044960     
   1.3000000000000007       0.80000000000000071        9.7295747089532467E-002
   1.3000000000000007       0.90000000000000036        8.2084998623898578E-002
   1.3000000000000007        1.0000000000000000        6.7880939371761290E-002
   1.3000000000000007        1.1000000000000005        5.5023220056407064E-002
   1.3000000000000007        1.2000000000000002        4.3717797252750823E-002
   1.3000000000000007        1.3000000000000007        3.4047454734599213E-002
   1.3000000000000007        1.4000000000000004        2.5991128778755264E-002
   1.3000000000000007        1.5000000000000000        1.9448214745385349E-002
   1.3000000000000007        1.6000000000000005        1.4264233908999205E-002
   1.3000000000000007        1.7000000000000002        1.0254896296403995E-002
   1.3000000000000007        1.8000000000000007        7.2265032813764304E-003
   1.3000000000000007        1.9000000000000004        4.9915939069101996E-003
   1.3000000000000007        2.0000000000000000        3.3795929693767063E-003
   1.3000000000000007        2.1000000000000005        2.2428677194857934E-003
   1.3000000000000007        2.2000000000000002        1.4590058497868546E-003
   1.3000000000000007        2.3000000000000007        9.3030320320494403E-004
   1.3000000000000007        2.4000000000000004        5.8144161219375351E-004
   1.3000000000000007        2.5000000000000000        3.5620647830703338E-004
   1.3000000000000007        2.6000000000000005        2.1390041536766035E-004
   1.3000000000000007        2.7000000000000002        1.2590284750166959E-004
   1.3000000000000007        2.8000000000000007        7.2639623992451304E-005
   1.3000000000000007        2.9000000000000004        4.1079555225300575E-005
   1.3000000000000007        3.0000000000000000        2.2771518306142142E-005
   1.3000000000000007        3.0999999999999996        1.2372924261788243E-005
   1.3000000000000007        3.2000000000000011        6.5897180163076711E-006
   1.3000000000000007        3.3000000000000007        3.4401344604594107E-006
   1.3000000000000007        3.4000000000000004        1.7603463121561630E-006
   1.3000000000000007        3.5000000000000000        8.8294758344621777E-007
   1.3000000000000007        3.5999999999999996        4.3409605606351544E-007
   1.3000000000000007        3.7000000000000011        2.0919479197970631E-007
   1.3000000000000007        3.8000000000000007        9.8816622738827886E-008
   1.3000000000000007        3.9000000000000004        4.5753387694457790E-008
   1.3000000000000007        4.0000000000000000        2.0764936871665546E-008
   1.3000000000000007        4.0999999999999996        9.2374496619705944E-009
   1.3000000000000007        4.2000000000000011        4.0279833325333520E-009
   1.3000000000000007        4.3000000000000007        1.7216202219653516E-009
   1.3000000000000007        4.4000000000000004        7.2127545920845004E-010
   1.3000000000000007        4.5000000000000000        2.9619591664304061E-010
   1.3000000000000007        4.6000000000000014        1.1922603150866973E-010
   1.3000000000000007        4.7000000000000011        4.7041073104627244E-011
   1.3000000000000007        4.8000000000000007        1.8192712756881630E-011
   1.3000000000000007        4.9000000000000004        6.8965488232211560E-012
   1.3000000000000007        5.0000000000000000        2.5625967912045136E-012

   1.4000000000000004       -5.0000000000000000        1.9562338426589448E-012
   1.4000000000000004       -4.9000000000000004        5.2646839533399881E-012
   1.4000000000000004       -4.7999999999999998        1.3887943864964021E-011
   1.4000000000000004       -4.7000000000000002        3.5910190599673563E-011
   1.4000000000000004       -4.5999999999999996        9.1014707644879674E-011
   1.4000000000000004       -4.5000000000000000        2.2610988907160514E-010
   1.4000000000000004       -4.4000000000000004        5.5060689532812833E-010
   1.4000000000000004       -4.2999999999999998        1.3142495744840210E-009
   1.4000000000000004       -4.2000000000000002        3.0748798795866061E-009
   1.4000000000000004       -4.0999999999999996        7.0516796519172513E-009
   1.4000000000000004       -4.0000000000000000        1.5851527009028729E-008
   1.4000000000000004       -3.8999999999999999        3.4927197962393328E-008
   1.4000000000000004       -3.7999999999999998        7.5434583498442318E-008
   1.4000000000000004       -3.7000000000000002        1.5969501451937260E-007
   1.4000000000000004       -3.5999999999999996        3.3138002777138881E-007
   1.4000000000000004       -3.5000000000000000        6.7402407977712056E-007
   1.4000000000000004       -3.3999999999999999        1.3438122776315214E-006
   1.4000000000000004       -3.2999999999999998        2.6261281048763035E-006
   1.4000000000000004       -3.2000000000000002        5.0304556071114297E-006
   1.4000000000000004       -3.0999999999999996        9.4452366664320965E-006
   1.4000000000000004       -3.0000000000000000        1.7383310129825191E-005
   1.4000000000000004       -2.8999999999999999        3.1359290095472860E-005
   1.4000000000000004       -2.7999999999999998        5.5451599432176945E-005
   1.4000000000000004       -2.6999999999999997        9.6111652061394695E-005
   1.4000000000000004       -2.5999999999999996        1.6328719092180836E-004
   1.4000000000000004       -2.5000000000000000        2.7192072128953476E-004
   1.4000000000000004       -2.3999999999999999        4.4386060390287364E-004
   1.4000000000000004       -2.2999999999999998        7.1017438884254903E-004
   1.4000000000000004       -2.1999999999999997        1.1137751478448032E-003
   1.4000000000000004       -2.0999999999999996        1.7121592255655244E-003
   1.4000000000000004       -2.0000000000000000        2.5799119720271778E-003
   1.4000000000000004       -1.8999999999999999        3.8104804325920340E-003
   1.4000000000000004       -1.7999999999999998        5.5165644207607716E-003
   1.4000000000000004       -1.6999999999999997        7.8283775492257665E-003
   1.4000000000000004       -1.5999999999999996        1.0889023668554451E-002
   1.4000000000000004       -1.5000000000000000        1.4846368338086818E-002
   1.4000000000000004       -1.3999999999999999        1.9841094744370270E-002
   1.4000000000000004       -1.2999999999999998        2.5991128778755333E-002
   1.4000000000000004       -1.1999999999999997        3.3373269960326066E-002
   1.4000000000000004       -1.0999999999999996        4.2003597903445530E-002
   1.4000000000000004       -1.0000000000000000        5.1818917172725791E-002
   1.4000000000000004      -0.89999999999999947        6.2662004742153152E-002
   1.4000000000000004      -0.79999999999999982        7.4273578214333835E-002
   1.4000000000000004      -0.70000000000000018        8.6293586499370384E-002
   1.4000000000000004      -0.59999999999999964        9.8273585604361460E-002
   1.4000000000000004      -0.50000000000000000       0.10970064851551131     
   1.4000000000000004      -0.39999999999999947       0.12003162851145667     
   1.4000000000000004      -0.29999999999999982       0.12873490358780407     
   1.4000000000000004      -0.19999999999999929       0.13533528323661256     
   1.4000000000000004       -9.9999999999999645E-002  0.13945685621505077     
   1.4000000000000004        0.0000000000000000       0.14085842092104484     
   1.4000000000000004       0.10000000000000053       0.13945685621505077     
   1.4000000000000004       0.20000000000000018       0.13533528323661251     
   1.4000000000000004       0.30000000000000071       0.12873490358780401     
   1.4000000000000004       0.40000000000000036       0.12003162851145656     
   1.4000000000000004       0.50000000000000000       0.10970064851551131     
   1.4000000000000004       0.60000000000000053        9.8273585604361377E-002
   1.4000000000000004       0.70000000000000018        8.6293586499370384E-002
   1.4000000000000004       0.80000000000000071        7.4273578214333710E-002
   1.4000000000000004       0.90000000000000036        6.2662004742153041E-002
   1.4000000000000004        1.0000000000000000        5.1818917172725791E-002
   1.4000000000000004        1.1000000000000005        4.2003597903445461E-002
   1.4000000000000004        1.2000000000000002        3.3373269960326038E-002
   1.4000000000000004        1.3000000000000007        2.5991128778755264E-002
   1.4000000000000004        1.4000000000000004        1.9841094744370243E-002
   1.4000000000000004        1.5000000000000000        1.4846368338086818E-002
   1.4000000000000004        1.6000000000000005        1.0889023668554413E-002
   1.4000000000000004        1.7000000000000002        7.8283775492257596E-003
   1.4000000000000004        1.8000000000000007        5.5165644207607516E-003
   1.4000000000000004        1.9000000000000004        3.8104804325920305E-003
   1.4000000000000004        2.0000000000000000        2.5799119720271778E-003
   1.4000000000000004        2.1000000000000005        1.7121592255655183E-003
   1.4000000000000004        2.2000000000000002        1.1137751478448013E-003
   1.4000000000000004        2.3000000000000007        7.1017438884254588E-004
   1.4000000000000004        2.4000000000000004        4.4386060390287283E-004
   1.4000000000000004        2.5000000000000000        2.7192072128953476E-004
   1.4000000000000004        2.6000000000000005        1.6328719092180749E-004
   1.4000000000000004        2.7000000000000002        9.6111652061394519E-005
   1.4000000000000004        2.8000000000000007        5.5451599432176647E-005
   1.4000000000000004        2.9000000000000004        3.1359290095472806E-005
   1.4000000000000004        3.0000000000000000        1.7383310129825191E-005
   1.4000000000000004        3.0999999999999996        9.4452366664320965E-006
   1.4000000000000004        3.2000000000000011        5.0304556071114034E-006
   1.4000000000000004        3.3000000000000007        2.6261281048762895E-006
   1.4000000000000004        3.4000000000000004        1.3438122776315165E-006
   1.4000000000000004        3.5000000000000000        6.7402407977712056E-007
   1.4000000000000004        3.5999999999999996        3.3138002777138881E-007
   1.4000000000000004        3.7000000000000011        1.5969501451937146E-007
   1.4000000000000004        3.8000000000000007        7.5434583498442053E-008
   1.4000000000000004        3.9000000000000004        3.4927197962393202E-008
   1.4000000000000004        4.0000000000000000        1.5851527009028729E-008
   1.4000000000000004        4.0999999999999996        7.0516796519172513E-009
   1.4000000000000004        4.2000000000000011        3.0748798795865846E-009
   1.4000000000000004        4.3000000000000007        1.3142495744840115E-009
   1.4000000000000004        4.4000000000000004        5.5060689532812833E-010
   1.4000000000000004        4.5000000000000000        2.2610988907160514E-010
   1.4000000000000004        4.6000000000000014        9.1014707644878058E-011
   1.4000000000000004        4.7000000000000011        3.5910190599673304E-011
   1.4000000000000004        4.8000000000000007        1.3887943864963922E-011
   1.4000000000000004        4.9000000000000004        5.2646839533399881E-012
   1.4000000000000004        5.0000000000000000        1.9562338426589448E-012

   1.5000000000000000       -5.0000000000000000        1.4637785141259089E-012
   1.5000000000000000       -4.9000000000000004        3.9393711970998073E-012
   1.5000000000000000       -4.7999999999999998        1.0391842422728834E-011
   1.5000000000000000       -4.7000000000000002        2.6870287330538016E-011
   1.5000000000000000       -4.5999999999999996        6.8102989844477841E-011
   1.5000000000000000       -4.5000000000000000        1.6918979226151304E-010
   1.5000000000000000       -4.4000000000000004        4.1199907983158330E-010
   1.5000000000000000       -4.2999999999999998        9.8340507529202567E-010
   1.5000000000000000       -4.2000000000000002        2.3008205885750249E-009
   1.5000000000000000       -4.0999999999999996        5.2765149737647815E-009
   1.5000000000000000       -4.0000000000000000        1.1861120151343830E-008
   1.5000000000000000       -3.8999999999999999        2.6134749752863247E-008
   1.5000000000000000       -3.7999999999999998        5.6444950567347867E-008
   1.5000000000000000       -3.7000000000000002        1.1949396128877660E-007
   1.5000000000000000       -3.5999999999999996        2.4795960180450362E-007
   1.5000000000000000       -3.5000000000000000        5.0434766256788803E-007
   1.5000000000000000       -3.3999999999999999        1.0055257690164404E-006
   1.5000000000000000       -3.2999999999999998        1.9650359846730811E-006
   1.5000000000000000       -3.2000000000000002        3.7641066591227992E-006
   1.5000000000000000       -3.0999999999999996        7.0675264846483610E-006
   1.5000000000000000       -3.0000000000000000        1.3007297654067620E-005
   1.5000000000000000       -2.8999999999999999        2.3465014283569705E-005
   1.5000000000000000       -2.7999999999999998        4.1492411619058298E-005
   1.5000000000000000       -2.6999999999999997        7.1916847657329020E-005
   1.5000000000000000       -2.5999999999999996        1.2218185601903472E-004
   1.5000000000000000       -2.5000000000000000        2.0346836901064417E-004
   1.5000000000000000       -2.3999999999999999        3.3212471898394095E-004
   1.5000000000000000       -2.2999999999999998        5.3139762179825337E-004
   1.5000000000000000       -2.1999999999999997        8.3339736560669709E-004
   1.5000000000000000       -2.0999999999999996        1.2811463703842137E-003
   1.5000000000000000       -2.0000000000000000        1.9304541362277093E-003
   1.5000000000000000       -1.8999999999999999        2.8512436826796344E-003
   1.5000000000000000       -1.7999999999999998        4.1278441742554394E-003
   1.5000000000000000       -1.6999999999999997        5.8576897133356277E-003
   1.5000000000000000       -1.5999999999999996        8.1478596976799957E-003
   1.5000000000000000       -1.5000000000000000        1.1108996538242306E-002
   1.5000000000000000       -1.3999999999999999        1.4846368338086832E-002
   1.5000000000000000       -1.2999999999999998        1.9448214745385401E-002
   1.5000000000000000       -1.1999999999999997        2.4972002042276165E-002
   1.5000000000000000       -1.0999999999999996        3.1429762018367738E-002
   1.5000000000000000       -1.0000000000000000        3.8774207831722009E-002
   1.5000000000000000      -0.89999999999999947        4.6887695219988527E-002
   1.5000000000000000      -0.79999999999999982        5.5576212611483086E-002
   1.5000000000000000      -0.70000000000000018        6.4570346893168470E-002
   1.5000000000000000      -0.59999999999999964        7.3534543763057125E-002
   1.5000000000000000      -0.50000000000000000        8.2084998623898800E-002
   1.5000000000000000      -0.39999999999999947        8.9815294572247670E-002
   1.5000000000000000      -0.29999999999999982        9.6327638230493035E-002
   1.5000000000000000      -0.19999999999999929       0.10126646185388345     
   1.5000000000000000       -9.9999999999999645E-002  0.10435048475476504     
   1.5000000000000000        0.0000000000000000       0.10539922456186433     
   1.5000000000000000       0.10000000000000053       0.10435048475476499     
   1.5000000000000000       0.20000000000000018       0.10126646185388340     
   1.5000000000000000       0.30000000000000071        9.6327638230492993E-002
   1.5000000000000000       0.40000000000000036        8.9815294572247628E-002
   1.5000000000000000       0.50000000000000000        8.2084998623898800E-002
   1.5000000000000000       0.60000000000000053        7.3534543763057028E-002
   1.5000000000000000       0.70000000000000018        6.4570346893168470E-002
   1.5000000000000000       0.80000000000000071        5.5576212611483010E-002
   1.5000000000000000       0.90000000000000036        4.6887695219988465E-002
   1.5000000000000000        1.0000000000000000        3.8774207831722009E-002
   1.5000000000000000        1.1000000000000005        3.1429762018367682E-002
   1.5000000000000000        1.2000000000000002        2.4972002042276144E-002
   1.5000000000000000        1.3000000000000007        1.9448214745385349E-002
   1.5000000000000000        1.4000000000000004        1.4846368338086818E-002
   1.5000000000000000        1.5000000000000000        1.1108996538242306E-002
   1.5000000000000000        1.6000000000000005        8.1478596976799680E-003
   1.5000000000000000        1.7000000000000002        5.8576897133356173E-003
   1.5000000000000000        1.8000000000000007        4.1278441742554281E-003
   1.5000000000000000        1.9000000000000004        2.8512436826796297E-003
   1.5000000000000000        2.0000000000000000        1.9304541362277093E-003
   1.5000000000000000        2.1000000000000005        1.2811463703842091E-003
   1.5000000000000000        2.2000000000000002        8.3339736560669568E-004
   1.5000000000000000        2.3000000000000007        5.3139762179825109E-004
   1.5000000000000000        2.4000000000000004        3.3212471898394036E-004
   1.5000000000000000        2.5000000000000000        2.0346836901064417E-004
   1.5000000000000000        2.6000000000000005        1.2218185601903429E-004
   1.5000000000000000        2.7000000000000002        7.1916847657328884E-005
   1.5000000000000000        2.8000000000000007        4.1492411619058149E-005
   1.5000000000000000        2.9000000000000004        2.3465014283569664E-005
   1.5000000000000000        3.0000000000000000        1.3007297654067620E-005
   1.5000000000000000        3.0999999999999996        7.0675264846483610E-006
   1.5000000000000000        3.2000000000000011        3.7641066591227789E-006
   1.5000000000000000        3.3000000000000007        1.9650359846730705E-006
   1.5000000000000000        3.4000000000000004        1.0055257690164368E-006
   1.5000000000000000        3.5000000000000000        5.0434766256788803E-007
   1.5000000000000000        3.5999999999999996        2.4795960180450362E-007
   1.5000000000000000        3.7000000000000011        1.1949396128877576E-007
   1.5000000000000000        3.8000000000000007        5.6444950567347463E-008
   1.5000000000000000        3.9000000000000004        2.6134749752863247E-008
   1.5000000000000000        4.0000000000000000        1.1861120151343830E-008
   1.5000000000000000        4.0999999999999996        5.2765149737647815E-009
   1.5000000000000000        4.2000000000000011        2.3008205885750088E-009
   1.5000000000000000        4.3000000000000007        9.8340507529201864E-010
   1.5000000000000000        4.4000000000000004        4.1199907983158330E-010
   1.5000000000000000        4.5000000000000000        1.6918979226151304E-010
   1.5000000000000000        4.6000000000000014        6.8102989844476626E-011
   1.5000000000000000        4.7000000000000011        2.6870287330537826E-011
   1.5000000000000000        4.8000000000000007        1.0391842422728761E-011
   1.5000000000000000        4.9000000000000004        3.9393711970998073E-012
   1.5000000000000000        5.0000000000000000        1.4637785141259089E-012

   1.6000000000000005       -5.0000000000000000        1.0736038957721583E-012
   1.6000000000000005       -4.9000000000000004        2.8893198139504822E-012
   1.6000000000000005       -4.7999999999999998        7.6218651945128903E-012
   1.6000000000000005       -4.7000000000000002        1.9707930455455148E-011
   1.6000000000000005       -4.5999999999999996        4.9949930611205840E-011
   1.6000000000000005       -4.5000000000000000        1.2409173815842627E-010
   1.6000000000000005       -4.4000000000000004        3.0217947106968205E-010
   1.6000000000000005       -4.2999999999999998        7.2127545920845252E-010
   1.6000000000000005       -4.2000000000000002        1.6875298575085259E-009
   1.6000000000000005       -4.0999999999999996        3.8700438469796559E-009
   1.6000000000000005       -4.0000000000000000        8.6995024724136940E-009
   1.6000000000000005       -3.8999999999999999        1.9168452657921068E-008
   1.6000000000000005       -3.7999999999999998        4.1399377187851668E-008
   1.6000000000000005       -3.7000000000000002        8.7642482194436055E-008
   1.6000000000000005       -3.5999999999999996        1.8186521521009957E-007
   1.6000000000000005       -3.5000000000000000        3.6991225798925157E-007
   1.6000000000000005       -3.3999999999999999        7.3749981469019431E-007
   1.6000000000000005       -3.2999999999999998        1.4412496618296672E-006
   1.6000000000000005       -3.2000000000000002        2.7607725720371889E-006
   1.6000000000000005       -3.0999999999999996        5.1836557881998796E-006
   1.6000000000000005       -3.0000000000000000        9.5401628730792137E-006
   1.6000000000000005       -2.8999999999999999        1.7210343304043633E-005
   1.6000000000000005       -2.7999999999999998        3.0432483008403625E-005
   1.6000000000000005       -2.6999999999999997        5.2747193015513852E-005
   1.6000000000000005       -2.5999999999999996        8.9613910402995176E-005
   1.6000000000000005       -2.5000000000000000        1.4923325593877714E-004
   1.6000000000000005       -2.3999999999999999        2.4359586422561836E-004
   1.6000000000000005       -2.2999999999999998        3.8975196825275410E-004
   1.6000000000000005       -2.1999999999999997        6.1125276112957230E-004
   1.6000000000000005       -2.0999999999999996        9.3965290583609528E-004
   1.6000000000000005       -2.0000000000000000        1.4158857103467996E-003
   1.6000000000000005       -1.8999999999999999        2.0912360005151064E-003
   1.6000000000000005       -1.7999999999999998        3.0275547453758127E-003
   1.6000000000000005       -1.6999999999999997        4.2963046907523363E-003
   1.6000000000000005       -1.5999999999999996        5.9760228950059375E-003
   1.6000000000000005       -1.5000000000000000        8.1478596976799680E-003
   1.6000000000000005       -1.3999999999999999        1.0889023668554432E-002
   1.6000000000000005       -1.2999999999999998        1.4264233908999229E-002
   1.6000000000000005       -1.1999999999999997        1.8315638888734165E-002
   1.6000000000000005       -1.0999999999999996        2.3052063287225540E-002
   1.6000000000000005       -1.0000000000000000        2.8438824714184456E-002
   1.6000000000000005      -0.89999999999999947        3.4389637343472682E-002
   1.6000000000000005      -0.79999999999999982        4.0762203978366156E-002
   1.6000000000000005      -0.70000000000000018        4.7358924391140825E-002
   1.6000000000000005      -0.59999999999999964        5.3933687300355949E-002
   1.6000000000000005      -0.50000000000000000        6.0204992392373431E-002
   1.6000000000000005      -0.39999999999999947        6.5874754426402865E-002
   1.6000000000000005      -0.29999999999999982        7.0651213060429471E-002
   1.6000000000000005      -0.19999999999999929        7.4273578214333780E-002
   1.6000000000000005       -9.9999999999999645E-002   7.6535545423911375E-002
   1.6000000000000005        0.0000000000000000        7.7304740443299602E-002
   1.6000000000000005       0.10000000000000053        7.6535545423911347E-002
   1.6000000000000005       0.20000000000000018        7.4273578214333738E-002
   1.6000000000000005       0.30000000000000071        7.0651213060429430E-002
   1.6000000000000005       0.40000000000000036        6.5874754426402837E-002
   1.6000000000000005       0.50000000000000000        6.0204992392373431E-002
   1.6000000000000005       0.60000000000000053        5.3933687300355873E-002
   1.6000000000000005       0.70000000000000018        4.7358924391140825E-002
   1.6000000000000005       0.80000000000000071        4.0762203978366100E-002
   1.6000000000000005       0.90000000000000036        3.4389637343472633E-002
   1.6000000000000005        1.0000000000000000        2.8438824714184456E-002
   1.6000000000000005        1.1000000000000005        2.3052063287225498E-002
   1.6000000000000005        1.2000000000000002        1.8315638888734147E-002
   1.6000000000000005        1.3000000000000007        1.4264233908999205E-002
   1.6000000000000005        1.4000000000000004        1.0889023668554413E-002
   1.6000000000000005        1.5000000000000000        8.1478596976799680E-003
   1.6000000000000005        1.6000000000000005        5.9760228950059219E-003
   1.6000000000000005        1.7000000000000002        4.2963046907523285E-003
   1.6000000000000005        1.8000000000000007        3.0275547453758019E-003
   1.6000000000000005        1.9000000000000004        2.0912360005151029E-003
   1.6000000000000005        2.0000000000000000        1.4158857103467996E-003
   1.6000000000000005        2.1000000000000005        9.3965290583609192E-004
   1.6000000000000005        2.2000000000000002        6.1125276112957122E-004
   1.6000000000000005        2.3000000000000007        3.8975196825275274E-004
   1.6000000000000005        2.4000000000000004        2.4359586422561792E-004
   1.6000000000000005        2.5000000000000000        1.4923325593877714E-004
   1.6000000000000005        2.6000000000000005        8.9613910402994864E-005
   1.6000000000000005        2.7000000000000002        5.2747193015513662E-005
   1.6000000000000005        2.8000000000000007        3.0432483008403462E-005
   1.6000000000000005        2.9000000000000004        1.7210343304043602E-005
   1.6000000000000005        3.0000000000000000        9.5401628730792137E-006
   1.6000000000000005        3.0999999999999996        5.1836557881998796E-006
   1.6000000000000005        3.2000000000000011        2.7607725720371745E-006
   1.6000000000000005        3.3000000000000007        1.4412496618296594E-006
   1.6000000000000005        3.4000000000000004        7.3749981469019166E-007
   1.6000000000000005        3.5000000000000000        3.6991225798925157E-007
   1.6000000000000005        3.5999999999999996        1.8186521521009957E-007
   1.6000000000000005        3.7000000000000011        8.7642482194435433E-008
   1.6000000000000005        3.8000000000000007        4.1399377187851371E-008
   1.6000000000000005        3.9000000000000004        1.9168452657921002E-008
   1.6000000000000005        4.0000000000000000        8.6995024724136940E-009
   1.6000000000000005        4.0999999999999996        3.8700438469796559E-009
   1.6000000000000005        4.2000000000000011        1.6875298575085139E-009
   1.6000000000000005        4.3000000000000007        7.2127545920844746E-010
   1.6000000000000005        4.4000000000000004        3.0217947106968205E-010
   1.6000000000000005        4.5000000000000000        1.2409173815842627E-010
   1.6000000000000005        4.6000000000000014        4.9949930611204948E-011
   1.6000000000000005        4.7000000000000011        1.9707930455455006E-011
   1.6000000000000005        4.8000000000000007        7.6218651945128354E-012
   1.6000000000000005        4.9000000000000004        2.8893198139504822E-012
   1.6000000000000005        5.0000000000000000        1.0736038957721583E-012

   1.7000000000000002       -5.0000000000000000        7.7183932097558182E-013
   1.7000000000000002       -4.9000000000000004        2.0772005877241223E-012
   1.7000000000000002       -4.7999999999999998        5.4795397813540704E-012
   1.7000000000000002       -4.7000000000000002        1.4168498941252600E-011
   1.7000000000000002       -4.5999999999999996        3.5910190599673815E-011
   1.7000000000000002       -4.5000000000000000        8.9212495684912973E-011
   1.7000000000000002       -4.4000000000000004        2.1724399350790093E-010
   1.7000000000000002       -4.2999999999999998        5.1854204596696862E-010
   1.7000000000000002       -4.2000000000000002        1.2132052654378779E-009
   1.7000000000000002       -4.0999999999999996        2.7822663710158728E-009
   1.7000000000000002       -4.0000000000000000        6.2542787964679351E-009
   1.7000000000000002       -3.8999999999999999        1.3780655548945718E-008
   1.7000000000000002       -3.7999999999999998        2.9762994809646886E-008
   1.7000000000000002       -3.7000000000000002        6.3008260506465187E-008
   1.7000000000000002       -3.5999999999999996        1.3074721950024572E-007
   1.7000000000000002       -3.5000000000000000        2.6593870155586708E-007
   1.7000000000000002       -3.3999999999999999        5.3020612018242907E-007
   1.7000000000000002       -3.2999999999999998        1.0361485876900871E-006
   1.7000000000000002       -3.2000000000000002        1.9847849246454408E-006
   1.7000000000000002       -3.0999999999999996        3.7266531720786777E-006
   1.7000000000000002       -3.0000000000000000        6.8586495102627709E-006
   1.7000000000000002       -2.8999999999999999        1.2372924261788221E-005
   1.7000000000000002       -2.7999999999999998        2.1878634302005190E-005
   1.7000000000000002       -2.6999999999999997        3.7921208930767637E-005
   1.7000000000000002       -2.5999999999999996        6.4425567034355526E-005
   1.7000000000000002       -2.5000000000000000        1.0728732951170800E-004
   1.7000000000000002       -2.3999999999999999        1.7512684815765842E-004
   1.7000000000000002       -2.2999999999999998        2.8020194012871202E-004
   1.7000000000000002       -2.1999999999999997        4.3944411710184584E-004
   1.7000000000000002       -2.0999999999999996        6.7553877519384493E-004
   1.7000000000000002       -2.0000000000000000        1.0179138409954376E-003
   1.7000000000000002       -1.8999999999999999        1.5034391929775724E-003
   1.7000000000000002       -1.7999999999999998        2.1765809607151255E-003
   1.7000000000000002       -1.6999999999999997        3.0887154082367718E-003
   1.7000000000000002       -1.5999999999999996        4.2963046907523433E-003
   1.7000000000000002       -1.5000000000000000        5.8576897133356173E-003
   1.7000000000000002       -1.3999999999999999        7.8283775492257665E-003
   1.7000000000000002       -1.2999999999999998        1.0254896296404022E-002
   1.7000000000000002       -1.1999999999999997        1.3167547490079751E-002
   1.7000000000000002       -1.0999999999999996        1.6572675401761255E-002
   1.7000000000000002       -1.0000000000000000        2.0445346037937646E-002
   1.7000000000000002      -0.89999999999999947        2.4723526470339399E-002
   1.7000000000000002      -0.79999999999999982        2.9304915867040746E-002
   1.7000000000000002      -0.70000000000000018        3.4047454734599317E-002
   1.7000000000000002      -0.59999999999999964        3.8774207831722009E-002
   1.7000000000000002      -0.50000000000000000        4.3282797901965875E-002
   1.7000000000000002      -0.39999999999999947        4.7358924391140908E-002
   1.7000000000000002      -0.29999999999999982        5.0792833864898482E-002
   1.7000000000000002      -0.19999999999999929        5.3397038145197084E-002
   1.7000000000000002       -9.9999999999999645E-002   5.5023220056407210E-002
   1.7000000000000002        0.0000000000000000        5.5576212611483038E-002
   1.7000000000000002       0.10000000000000053        5.5023220056407182E-002
   1.7000000000000002       0.20000000000000018        5.3397038145197057E-002
   1.7000000000000002       0.30000000000000071        5.0792833864898454E-002
   1.7000000000000002       0.40000000000000036        4.7358924391140887E-002
   1.7000000000000002       0.50000000000000000        4.3282797901965875E-002
   1.7000000000000002       0.60000000000000053        3.8774207831721960E-002
   1.7000000000000002       0.70000000000000018        3.4047454734599317E-002
   1.7000000000000002       0.80000000000000071        2.9304915867040707E-002
   1.7000000000000002       0.90000000000000036        2.4723526470339364E-002
   1.7000000000000002        1.0000000000000000        2.0445346037937646E-002
   1.7000000000000002        1.1000000000000005        1.6572675401761224E-002
   1.7000000000000002        1.2000000000000002        1.3167547490079739E-002
   1.7000000000000002        1.3000000000000007        1.0254896296403995E-002
   1.7000000000000002        1.4000000000000004        7.8283775492257596E-003
   1.7000000000000002        1.5000000000000000        5.8576897133356173E-003
   1.7000000000000002        1.6000000000000005        4.2963046907523285E-003
   1.7000000000000002        1.7000000000000002        3.0887154082367661E-003
   1.7000000000000002        1.8000000000000007        2.1765809607151199E-003
   1.7000000000000002        1.9000000000000004        1.5034391929775698E-003
   1.7000000000000002        2.0000000000000000        1.0179138409954376E-003
   1.7000000000000002        2.1000000000000005        6.7553877519384254E-004
   1.7000000000000002        2.2000000000000002        4.3944411710184508E-004
   1.7000000000000002        2.3000000000000007        2.8020194012871104E-004
   1.7000000000000002        2.4000000000000004        1.7512684815765812E-004
   1.7000000000000002        2.5000000000000000        1.0728732951170800E-004
   1.7000000000000002        2.6000000000000005        6.4425567034355296E-005
   1.7000000000000002        2.7000000000000002        3.7921208930767569E-005
   1.7000000000000002        2.8000000000000007        2.1878634302005112E-005
   1.7000000000000002        2.9000000000000004        1.2372924261788199E-005
   1.7000000000000002        3.0000000000000000        6.8586495102627709E-006
   1.7000000000000002        3.0999999999999996        3.7266531720786777E-006
   1.7000000000000002        3.2000000000000011        1.9847849246454302E-006
   1.7000000000000002        3.3000000000000007        1.0361485876900816E-006
   1.7000000000000002        3.4000000000000004        5.3020612018242717E-007
   1.7000000000000002        3.5000000000000000        2.6593870155586708E-007
   1.7000000000000002        3.5999999999999996        1.3074721950024572E-007
   1.7000000000000002        3.7000000000000011        6.3008260506464737E-008
   1.7000000000000002        3.8000000000000007        2.9762994809646674E-008
   1.7000000000000002        3.9000000000000004        1.3780655548945718E-008
   1.7000000000000002        4.0000000000000000        6.2542787964679351E-009
   1.7000000000000002        4.0999999999999996        2.7822663710158728E-009
   1.7000000000000002        4.2000000000000011        1.2132052654378694E-009
   1.7000000000000002        4.3000000000000007        5.1854204596696489E-010
   1.7000000000000002        4.4000000000000004        2.1724399350790093E-010
   1.7000000000000002        4.5000000000000000        8.9212495684912973E-011
   1.7000000000000002        4.6000000000000014        3.5910190599673175E-011
   1.7000000000000002        4.7000000000000011        1.4168498941252499E-011
   1.7000000000000002        4.8000000000000007        5.4795397813540317E-012
   1.7000000000000002        4.9000000000000004        2.0772005877241223E-012
   1.7000000000000002        5.0000000000000000        7.7183932097558182E-013

   1.8000000000000007       -5.0000000000000000        5.4390597666807095E-013
   1.8000000000000007       -4.9000000000000004        1.4637785141258986E-012
   1.8000000000000007       -4.7999999999999998        3.8613664210600908E-012
   1.8000000000000007       -4.7000000000000002        9.9843724530928941E-012
   1.8000000000000007       -4.5999999999999996        2.5305483615119005E-011
   1.8000000000000007       -4.5000000000000000        6.2866983163240199E-011
   1.8000000000000007       -4.4000000000000004        1.5308925478794706E-010
   1.8000000000000007       -4.2999999999999998        3.6541040381129584E-010
   1.8000000000000007       -4.2000000000000002        8.5493130093810167E-010
   1.8000000000000007       -4.0999999999999996        1.9606299740797898E-009
   1.8000000000000007       -4.0000000000000000        4.4073157776512375E-009
   1.8000000000000007       -3.8999999999999999        9.7110638338581326E-009
   1.8000000000000007       -3.7999999999999998        2.0973627956717943E-008
   1.8000000000000007       -3.7000000000000002        4.4401170732799943E-008
   1.8000000000000007       -3.5999999999999996        9.2136008345661349E-008
   1.8000000000000007       -3.5000000000000000        1.8740383558167874E-007
   1.8000000000000007       -3.3999999999999999        3.7362993798852602E-007
   1.8000000000000007       -3.2999999999999998        7.3016156892406926E-007
   1.8000000000000007       -3.2000000000000002        1.3986542970508942E-006
   1.8000000000000007       -3.0999999999999996        2.6261281048763035E-006
   1.8000000000000007       -3.0000000000000000        4.8332086214372549E-006
   1.8000000000000007       -2.8999999999999999        8.7190523622738515E-006
   1.8000000000000007       -2.7999999999999998        1.5417613011934334E-005
   1.8000000000000007       -2.6999999999999997        2.6722624281246820E-005
   1.8000000000000007       -2.5999999999999996        4.5399929762484854E-005
   1.8000000000000007       -2.5000000000000000        7.5604103284627558E-005
   1.8000000000000007       -2.3999999999999999        1.2340980408667932E-004
   1.8000000000000007       -2.2999999999999998        1.9745496992477912E-004
   1.8000000000000007       -2.1999999999999997        3.0967103541862563E-004
   1.8000000000000007       -2.0999999999999996        4.7604412902226933E-004
   1.8000000000000007       -2.0000000000000000        7.1731176010931218E-004
   1.8000000000000007       -1.8999999999999999        1.0594556929076073E-003
   1.8000000000000007       -1.7999999999999998        1.5338106793244604E-003
   1.8000000000000007       -1.6999999999999997        2.1765809607151216E-003
   1.8000000000000007       -1.5999999999999996        3.0275547453758127E-003
   1.8000000000000007       -1.5000000000000000        4.1278441742554281E-003
   1.8000000000000007       -1.3999999999999999        5.5165644207607620E-003
   1.8000000000000007       -1.2999999999999998        7.2265032813764495E-003
   1.8000000000000007       -1.1999999999999997        9.2790138870647264E-003
   1.8000000000000007       -1.0999999999999996        1.1678566970395422E-002
   1.8000000000000007       -1.0000000000000000        1.4407591843112326E-002
   1.8000000000000007      -0.89999999999999947        1.7422374639493483E-002
   1.8000000000000007      -0.79999999999999982        2.0650825181712521E-002
   1.8000000000000007      -0.70000000000000018        2.3992835836709112E-002
   1.8000000000000007      -0.59999999999999964        2.7323722447292510E-002
   1.8000000000000007      -0.50000000000000000        3.0500872171217414E-002
   1.8000000000000007      -0.39999999999999947        3.3373269960326010E-002
   1.8000000000000007      -0.29999999999999982        3.5793105067655220E-002
   1.8000000000000007      -0.19999999999999929        3.7628256807176137E-002
   1.8000000000000007       -9.9999999999999645E-002   3.8774207831721925E-002
   1.8000000000000007        0.0000000000000000        3.9163895098986976E-002
   1.8000000000000007       0.10000000000000053        3.8774207831721905E-002
   1.8000000000000007       0.20000000000000018        3.7628256807176116E-002
   1.8000000000000007       0.30000000000000071        3.5793105067655200E-002
   1.8000000000000007       0.40000000000000036        3.3373269960325996E-002
   1.8000000000000007       0.50000000000000000        3.0500872171217414E-002
   1.8000000000000007       0.60000000000000053        2.7323722447292472E-002
   1.8000000000000007       0.70000000000000018        2.3992835836709112E-002
   1.8000000000000007       0.80000000000000071        2.0650825181712493E-002
   1.8000000000000007       0.90000000000000036        1.7422374639493452E-002
   1.8000000000000007        1.0000000000000000        1.4407591843112326E-002
   1.8000000000000007        1.1000000000000005        1.1678566970395401E-002
   1.8000000000000007        1.2000000000000002        9.2790138870647108E-003
   1.8000000000000007        1.3000000000000007        7.2265032813764304E-003
   1.8000000000000007        1.4000000000000004        5.5165644207607516E-003
   1.8000000000000007        1.5000000000000000        4.1278441742554281E-003
   1.8000000000000007        1.6000000000000005        3.0275547453758019E-003
   1.8000000000000007        1.7000000000000002        2.1765809607151199E-003
   1.8000000000000007        1.8000000000000007        1.5338106793244563E-003
   1.8000000000000007        1.9000000000000004        1.0594556929076062E-003
   1.8000000000000007        2.0000000000000000        7.1731176010931218E-004
   1.8000000000000007        2.1000000000000005        4.7604412902226765E-004
   1.8000000000000007        2.2000000000000002        3.0967103541862509E-004
   1.8000000000000007        2.3000000000000007        1.9745496992477806E-004
   1.8000000000000007        2.4000000000000004        1.2340980408667910E-004
   1.8000000000000007        2.5000000000000000        7.5604103284627558E-005
   1.8000000000000007        2.6000000000000005        4.5399929762484610E-005
   1.8000000000000007        2.7000000000000002        2.6722624281246773E-005
   1.8000000000000007        2.8000000000000007        1.5417613011934249E-005
   1.8000000000000007        2.9000000000000004        8.7190523622738363E-006
   1.8000000000000007        3.0000000000000000        4.8332086214372549E-006
   1.8000000000000007        3.0999999999999996        2.6261281048763035E-006
   1.8000000000000007        3.2000000000000011        1.3986542970508867E-006
   1.8000000000000007        3.3000000000000007        7.3016156892406534E-007
   1.8000000000000007        3.4000000000000004        3.7362993798852469E-007
   1.8000000000000007        3.5000000000000000        1.8740383558167874E-007
   1.8000000000000007        3.5999999999999996        9.2136008345661349E-008
   1.8000000000000007        3.7000000000000011        4.4401170732799632E-008
   1.8000000000000007        3.8000000000000007        2.0973627956717871E-008
   1.8000000000000007        3.9000000000000004        9.7110638338580978E-009
   1.8000000000000007        4.0000000000000000        4.4073157776512375E-009
   1.8000000000000007        4.0999999999999996        1.9606299740797898E-009
   1.8000000000000007        4.2000000000000011        8.5493130093809557E-010
   1.8000000000000007        4.3000000000000007        3.6541040381129325E-010
   1.8000000000000007        4.4000000000000004        1.5308925478794706E-010
   1.8000000000000007        4.5000000000000000        6.2866983163240199E-011
   1.8000000000000007        4.6000000000000014        2.5305483615118556E-011
   1.8000000000000007        4.7000000000000011        9.9843724530928231E-012
   1.8000000000000007        4.8000000000000007        3.8613664210600641E-012
   1.8000000000000007        4.9000000000000004        1.4637785141258986E-012
   1.8000000000000007        5.0000000000000000        5.4390597666807095E-013

   1.9000000000000004       -5.0000000000000000        3.7569453072347756E-013
   1.9000000000000004       -4.9000000000000004        1.0110820721560967E-012
   1.9000000000000004       -4.7999999999999998        2.6671783501965065E-012
   1.9000000000000004       -4.7000000000000002        6.8965488232211803E-012
   1.9000000000000004       -4.5999999999999996        1.7479366286343817E-011
   1.9000000000000004       -4.5000000000000000        4.3424383534450674E-011
   1.9000000000000004       -4.4000000000000004        1.0574400393372395E-010
   1.9000000000000004       -4.2999999999999998        2.5240151068452068E-010
   1.9000000000000004       -4.2000000000000002        5.9053039989440393E-010
   1.9000000000000004       -4.0999999999999996        1.3542744327735364E-009
   1.9000000000000004       -4.0000000000000000        3.0442843135833875E-009
   1.9000000000000004       -3.8999999999999999        6.7077651770566369E-009
   1.9000000000000004       -3.7999999999999998        1.4487204867720514E-008
   1.9000000000000004       -3.7000000000000002        3.0669412945635444E-008
   1.9000000000000004       -3.5999999999999996        6.3641504052238053E-008
   1.9000000000000004       -3.5000000000000000        1.2944626292938382E-007
   1.9000000000000004       -3.3999999999999999        2.5807902512258108E-007
   1.9000000000000004       -3.2999999999999998        5.0434766256788803E-007
   1.9000000000000004       -3.2000000000000002        9.6609853966650995E-007
   1.9000000000000004       -3.0999999999999996        1.8139568386896797E-006
   1.9000000000000004       -3.0000000000000000        3.3384631219591562E-006
   1.9000000000000004       -2.8999999999999999        6.0225487972472796E-006
   1.9000000000000004       -2.7999999999999998        1.0649474603824258E-005
   1.9000000000000004       -2.6999999999999997        1.8458233995780592E-005
   1.9000000000000004       -2.5999999999999996        3.1359290095472915E-005
   1.9000000000000004       -2.5000000000000000        5.2222349675744681E-005
   1.9000000000000004       -2.3999999999999999        8.5243388419899594E-005
   1.9000000000000004       -2.2999999999999998        1.3638892648201140E-004
   1.9000000000000004       -2.1999999999999997        2.1390041536766149E-004
   1.9000000000000004       -2.0999999999999996        3.2882002281403995E-004
   1.9000000000000004       -2.0000000000000000        4.9547185847740888E-004
   1.9000000000000004       -1.8999999999999999        7.3180241888047212E-004
   1.9000000000000004       -1.7999999999999998        1.0594556929076091E-003
   1.9000000000000004       -1.6999999999999997        1.5034391929775724E-003
   1.9000000000000004       -1.5999999999999996        2.0912360005151103E-003
   1.9000000000000004       -1.5000000000000000        2.8512436826796297E-003
   1.9000000000000004       -1.3999999999999999        3.8104804325920340E-003
   1.9000000000000004       -1.2999999999999998        4.9915939069102126E-003
   1.9000000000000004       -1.1999999999999997        6.4093334462563770E-003
   1.9000000000000004       -1.0999999999999996        8.0667871390996144E-003
   1.9000000000000004       -1.0000000000000000        9.9518183078484111E-003
   1.9000000000000004      -0.89999999999999947        1.2034232284723775E-002
   1.9000000000000004      -0.79999999999999982        1.4264233908999243E-002
   1.9000000000000004      -0.70000000000000018        1.6572675401761224E-002
   1.9000000000000004      -0.59999999999999964        1.8873433135151479E-002
   1.9000000000000004      -0.50000000000000000        2.1067999523041406E-002
   1.9000000000000004      -0.39999999999999947        2.3052063287225550E-002
   1.9000000000000004      -0.29999999999999982        2.4723526470339364E-002
   1.9000000000000004      -0.19999999999999929        2.5991128778755323E-002
   1.9000000000000004       -9.9999999999999645E-002   2.6782676492638151E-002
   1.9000000000000004        0.0000000000000000        2.7051846866350378E-002
   1.9000000000000004       0.10000000000000053        2.6782676492638140E-002
   1.9000000000000004       0.20000000000000018        2.5991128778755312E-002
   1.9000000000000004       0.30000000000000071        2.4723526470339353E-002
   1.9000000000000004       0.40000000000000036        2.3052063287225540E-002
   1.9000000000000004       0.50000000000000000        2.1067999523041406E-002
   1.9000000000000004       0.60000000000000053        1.8873433135151451E-002
   1.9000000000000004       0.70000000000000018        1.6572675401761224E-002
   1.9000000000000004       0.80000000000000071        1.4264233908999217E-002
   1.9000000000000004       0.90000000000000036        1.2034232284723754E-002
   1.9000000000000004        1.0000000000000000        9.9518183078484111E-003
   1.9000000000000004        1.1000000000000005        8.0667871390996005E-003
   1.9000000000000004        1.2000000000000002        6.4093334462563718E-003
   1.9000000000000004        1.3000000000000007        4.9915939069101996E-003
   1.9000000000000004        1.4000000000000004        3.8104804325920305E-003
   1.9000000000000004        1.5000000000000000        2.8512436826796297E-003
   1.9000000000000004        1.6000000000000005        2.0912360005151029E-003
   1.9000000000000004        1.7000000000000002        1.5034391929775698E-003
   1.9000000000000004        1.8000000000000007        1.0594556929076062E-003
   1.9000000000000004        1.9000000000000004        7.3180241888047082E-004
   1.9000000000000004        2.0000000000000000        4.9547185847740888E-004
   1.9000000000000004        2.1000000000000005        3.2882002281403881E-004
   1.9000000000000004        2.2000000000000002        2.1390041536766073E-004
   1.9000000000000004        2.3000000000000007        1.3638892648201067E-004
   1.9000000000000004        2.4000000000000004        8.5243388419899445E-005
   1.9000000000000004        2.5000000000000000        5.2222349675744681E-005
   1.9000000000000004        2.6000000000000005        3.1359290095472745E-005
   1.9000000000000004        2.7000000000000002        1.8458233995780524E-005
   1.9000000000000004        2.8000000000000007        1.0649474603824181E-005
   1.9000000000000004        2.9000000000000004        6.0225487972472695E-006
   1.9000000000000004        3.0000000000000000        3.3384631219591562E-006
   1.9000000000000004        3.0999999999999996        1.8139568386896797E-006
   1.9000000000000004        3.2000000000000011        9.6609853966650486E-007
   1.9000000000000004        3.3000000000000007        5.0434766256788538E-007
   1.9000000000000004        3.4000000000000004        2.5807902512258012E-007
   1.9000000000000004        3.5000000000000000        1.2944626292938382E-007
   1.9000000000000004        3.5999999999999996        6.3641504052238053E-008
   1.9000000000000004        3.7000000000000011        3.0669412945635226E-008
   1.9000000000000004        3.8000000000000007        1.4487204867720463E-008
   1.9000000000000004        3.9000000000000004        6.7077651770566138E-009
   1.9000000000000004        4.0000000000000000        3.0442843135833875E-009
   1.9000000000000004        4.0999999999999996        1.3542744327735364E-009
   1.9000000000000004        4.2000000000000011        5.9053039989439980E-010
   1.9000000000000004        4.3000000000000007        2.5240151068451887E-010
   1.9000000000000004        4.4000000000000004        1.0574400393372395E-010
   1.9000000000000004        4.5000000000000000        4.3424383534450674E-011
   1.9000000000000004        4.6000000000000014        1.7479366286343445E-011
   1.9000000000000004        4.7000000000000011        6.8965488232211318E-012
   1.9000000000000004        4.8000000000000007        2.6671783501964875E-012
   1.9000000000000004        4.9000000000000004        1.0110820721560967E-012
   1.9000000000000004        5.0000000000000000        3.7569453072347756E-013

   2.0000000000000000       -5.0000000000000000        2.5436656473769228E-013
   2.0000000000000000       -4.9000000000000004        6.8456006763513431E-013
   2.0000000000000000       -4.7999999999999998        1.8058314375132171E-012
   2.0000000000000000       -4.7000000000000002        4.6693557910741257E-012
   2.0000000000000000       -4.5999999999999996        1.1834525106040531E-011
   2.0000000000000000       -4.5000000000000000        2.9400777392844726E-011
   2.0000000000000000       -4.4000000000000004        7.1594704800288993E-011
   2.0000000000000000       -4.2999999999999998        1.7089017794267719E-010
   2.0000000000000000       -4.2000000000000002        3.9982266684865623E-010
   2.0000000000000000       -4.0999999999999996        9.1692081466642813E-010
   2.0000000000000000       -4.0000000000000000        2.0611536224385579E-009
   2.0000000000000000       -3.8999999999999999        4.5415385256455929E-009
   2.0000000000000000       -3.7999999999999998        9.8086616479534783E-009
   2.0000000000000000       -3.7000000000000002        2.0764936871665546E-008
   2.0000000000000000       -3.5999999999999996        4.3088917821970704E-008
   2.0000000000000000       -3.5000000000000000        8.7642482194436360E-008
   2.0000000000000000       -3.3999999999999999        1.7473417812302827E-007
   2.0000000000000000       -3.2999999999999998        3.4147205207866975E-007
   2.0000000000000000       -3.2000000000000002        6.5410365772384920E-007
   2.0000000000000000       -3.0999999999999996        1.2281519476778074E-006
   2.0000000000000000       -3.0000000000000000        2.2603294069810542E-006
   2.0000000000000000       -2.8999999999999999        4.0776080651769296E-006
   2.0000000000000000       -2.7999999999999998        7.2102999903128283E-006
   2.0000000000000000       -2.6999999999999997        1.2497274217938969E-005
   2.0000000000000000       -2.5999999999999996        2.1232022938522171E-005
   2.0000000000000000       -2.5000000000000000        3.5357500850409981E-005
   2.0000000000000000       -2.3999999999999999        5.7714622135210329E-005
   2.0000000000000000       -2.2999999999999998        9.2343060280070710E-005
   2.0000000000000000       -2.1999999999999997        1.4482274668268800E-004
   2.0000000000000000       -2.0999999999999996        2.2262985691888938E-004
   2.0000000000000000       -2.0000000000000000        3.3546262790251185E-004
   2.0000000000000000       -1.8999999999999999        4.9547185847740975E-004
   2.0000000000000000       -1.7999999999999998        7.1731176010931413E-004
   2.0000000000000000       -1.6999999999999997        1.0179138409954396E-003
   2.0000000000000000       -1.5999999999999996        1.4158857103468046E-003
   2.0000000000000000       -1.5000000000000000        1.9304541362277093E-003
   2.0000000000000000       -1.3999999999999999        2.5799119720271799E-003
   2.0000000000000000       -1.2999999999999998        3.3795929693767155E-003
   2.0000000000000000       -1.1999999999999997        4.3394832707388991E-003
   2.0000000000000000       -1.0999999999999996        5.4616736876407831E-003
   2.0000000000000000       -1.0000000000000000        6.7379469990854670E-003
   2.0000000000000000      -0.89999999999999947        8.1478596976799957E-003
   2.0000000000000000      -0.79999999999999982        9.6576976275377768E-003
   2.0000000000000000      -0.70000000000000018        1.1220643809589084E-002
   2.0000000000000000      -0.59999999999999964        1.2778387649535773E-002
   2.0000000000000000      -0.50000000000000000        1.4264233908999256E-002
   2.0000000000000000      -0.39999999999999947        1.5607557919982844E-002
   2.0000000000000000      -0.29999999999999982        1.6739233558580632E-002
   2.0000000000000000      -0.19999999999999929        1.7597472415623393E-002
   2.0000000000000000       -9.9999999999999645E-002   1.8133395236801075E-002
   2.0000000000000000        0.0000000000000000        1.8315638888734179E-002
   2.0000000000000000       0.10000000000000053        1.8133395236801075E-002
   2.0000000000000000       0.20000000000000018        1.7597472415623393E-002
   2.0000000000000000       0.30000000000000071        1.6739233558580618E-002
   2.0000000000000000       0.40000000000000036        1.5607557919982831E-002
   2.0000000000000000       0.50000000000000000        1.4264233908999256E-002
   2.0000000000000000       0.60000000000000053        1.2778387649535761E-002
   2.0000000000000000       0.70000000000000018        1.1220643809589084E-002
   2.0000000000000000       0.80000000000000071        9.6576976275377594E-003
   2.0000000000000000       0.90000000000000036        8.1478596976799818E-003
   2.0000000000000000        1.0000000000000000        6.7379469990854670E-003
   2.0000000000000000        1.1000000000000005        5.4616736876407735E-003
   2.0000000000000000        1.2000000000000002        4.3394832707388947E-003
   2.0000000000000000        1.3000000000000007        3.3795929693767063E-003
   2.0000000000000000        1.4000000000000004        2.5799119720271778E-003
   2.0000000000000000        1.5000000000000000        1.9304541362277093E-003
   2.0000000000000000        1.6000000000000005        1.4158857103467996E-003
   2.0000000000000000        1.7000000000000002        1.0179138409954376E-003
   2.0000000000000000        1.8000000000000007        7.1731176010931218E-004
   2.0000000000000000        1.9000000000000004        4.9547185847740888E-004
   2.0000000000000000        2.0000000000000000        3.3546262790251185E-004
   2.0000000000000000        2.1000000000000005        2.2262985691888859E-004
   2.0000000000000000        2.2000000000000002        1.4482274668268800E-004
   2.0000000000000000        2.3000000000000007        9.2343060280070384E-005
   2.0000000000000000        2.4000000000000004        5.7714622135210228E-005
   2.0000000000000000        2.5000000000000000        3.5357500850409981E-005
   2.0000000000000000        2.6000000000000005        2.1232022938522093E-005
   2.0000000000000000        2.7000000000000002        1.2497274217938947E-005
   2.0000000000000000        2.8000000000000007        7.2102999903128029E-006
   2.0000000000000000        2.9000000000000004        4.0776080651769220E-006
   2.0000000000000000        3.0000000000000000        2.2603294069810542E-006
   2.0000000000000000        3.0999999999999996        1.2281519476778074E-006
   2.0000000000000000        3.2000000000000011        6.5410365772384571E-007
   2.0000000000000000        3.3000000000000007        3.4147205207866790E-007
   2.0000000000000000        3.4000000000000004        1.7473417812302764E-007
   2.0000000000000000        3.5000000000000000        8.7642482194436360E-008
   2.0000000000000000        3.5999999999999996        4.3088917821970704E-008
   2.0000000000000000        3.7000000000000011        2.0764936871665397E-008
   2.0000000000000000        3.8000000000000007        9.8086616479534088E-009
   2.0000000000000000        3.9000000000000004        4.5415385256455929E-009
   2.0000000000000000        4.0000000000000000        2.0611536224385579E-009
   2.0000000000000000        4.0999999999999996        9.1692081466642813E-010
   2.0000000000000000        4.2000000000000011        3.9982266684865339E-010
   2.0000000000000000        4.3000000000000007        1.7089017794267597E-010
   2.0000000000000000        4.4000000000000004        7.1594704800288993E-011
   2.0000000000000000        4.5000000000000000        2.9400777392844726E-011
   2.0000000000000000        4.6000000000000014        1.1834525106040319E-011
   2.0000000000000000        4.7000000000000011        4.6693557910740925E-012
   2.0000000000000000        4.8000000000000007        1.8058314375132044E-012
   2.0000000000000000        4.9000000000000004        6.8456006763513431E-013
   2.0000000000000000        5.0000000000000000        2.5436656473769228E-013

   2.1000000000000005       -5.0000000000000000        1.6881043431448514E-013
   2.1000000000000005       -4.9000000000000004        4.5430846011939089E-013
   2.1000000000000005       -4.7999999999999998        1.1984404852096714E-012
   2.1000000000000005       -4.7000000000000002        3.0988191387218033E-012
   2.1000000000000005       -4.5999999999999996        7.8539855468683209E-012
   2.1000000000000005       -4.5000000000000000        1.9511833270963573E-011
   2.1000000000000005       -4.4000000000000004        4.7513843749147723E-011
   2.1000000000000005       -4.2999999999999998        1.1341130933749783E-010
   2.1000000000000005       -4.2000000000000002        2.6534241286428003E-010
   2.1000000000000005       -4.0999999999999996        6.0851472800857268E-010
   2.1000000000000005       -4.0000000000000000        1.3678851171007246E-009
   2.1000000000000005       -3.8999999999999999        3.0139931785484283E-009
   2.1000000000000005       -3.7999999999999998        6.5095207561668245E-009
   2.1000000000000005       -3.7000000000000002        1.3780655548945718E-008
   2.1000000000000005       -3.5999999999999996        2.8595971090654165E-008
   2.1000000000000005       -3.5000000000000000        5.8163955230905396E-008
   2.1000000000000005       -3.3999999999999999        1.1596238101871167E-007
   2.1000000000000005       -3.2999999999999998        2.2661801277657099E-007
   2.1000000000000005       -3.2000000000000002        4.3409605606351311E-007
   2.1000000000000005       -3.0999999999999996        8.1506334728178315E-007
   2.1000000000000005       -3.0000000000000000        1.5000681763334523E-006
   2.1000000000000005       -2.8999999999999999        2.7061056124125371E-006
   2.1000000000000005       -2.7999999999999998        4.7851173921290088E-006
   2.1000000000000005       -2.6999999999999997        8.2938191607573704E-006
   2.1000000000000005       -2.5999999999999996        1.4090637334050282E-005
   2.1000000000000005       -2.5000000000000000        2.3465014283569664E-005
   2.1000000000000005       -2.3999999999999999        3.8302323416555418E-005
   2.1000000000000005       -2.2999999999999998        6.1283495053222024E-005
   2.1000000000000005       -2.1999999999999997        9.6111652061394695E-005
   2.1000000000000005       -2.0999999999999996        1.4774836023203364E-004
   2.1000000000000005       -2.0000000000000000        2.2262985691888859E-004
   2.1000000000000005       -1.8999999999999999        3.2882002281403935E-004
   2.1000000000000005       -1.7999999999999998        4.7604412902226890E-004
   2.1000000000000005       -1.6999999999999997        6.7553877519384374E-004
   2.1000000000000005       -1.5999999999999996        9.3965290583609528E-004
   2.1000000000000005       -1.5000000000000000        1.2811463703842091E-003
   2.1000000000000005       -1.3999999999999999        1.7121592255655198E-003
   2.1000000000000005       -1.2999999999999998        2.2428677194857994E-003
   2.1000000000000005       -1.1999999999999997        2.8798991580882378E-003
   2.1000000000000005       -1.0999999999999996        3.6246411089657527E-003
   2.1000000000000005       -1.0000000000000000        4.4716402113483241E-003
   2.1000000000000005      -0.89999999999999947        5.4073291264409547E-003
   2.1000000000000005      -0.79999999999999982        6.4093334462563718E-003
   2.1000000000000005      -0.70000000000000018        7.4465830709243242E-003
   2.1000000000000005      -0.59999999999999964        8.4803801599532529E-003
   2.1000000000000005      -0.50000000000000000        9.4664624017103058E-003
   2.1000000000000005      -0.39999999999999947        1.0357959717613687E-002
   2.1000000000000005      -0.29999999999999982        1.1108996538242287E-002
   2.1000000000000005      -0.19999999999999929        1.1678566970395422E-002
   2.1000000000000005       -9.9999999999999645E-002   1.2034232284723754E-002
   2.1000000000000005        0.0000000000000000        1.2155178329914914E-002
   2.1000000000000005       0.10000000000000053        1.2034232284723754E-002
   2.1000000000000005       0.20000000000000018        1.1678566970395422E-002
   2.1000000000000005       0.30000000000000071        1.1108996538242277E-002
   2.1000000000000005       0.40000000000000036        1.0357959717613678E-002
   2.1000000000000005       0.50000000000000000        9.4664624017103058E-003
   2.1000000000000005       0.60000000000000053        8.4803801599532460E-003
   2.1000000000000005       0.70000000000000018        7.4465830709243242E-003
   2.1000000000000005       0.80000000000000071        6.4093334462563606E-003
   2.1000000000000005       0.90000000000000036        5.4073291264409452E-003
   2.1000000000000005        1.0000000000000000        4.4716402113483241E-003
   2.1000000000000005        1.1000000000000005        3.6246411089657462E-003
   2.1000000000000005        1.2000000000000002        2.8798991580882352E-003
   2.1000000000000005        1.3000000000000007        2.2428677194857934E-003
   2.1000000000000005        1.4000000000000004        1.7121592255655183E-003
   2.1000000000000005        1.5000000000000000        1.2811463703842091E-003
   2.1000000000000005        1.6000000000000005        9.3965290583609192E-004
   2.1000000000000005        1.7000000000000002        6.7553877519384254E-004
   2.1000000000000005        1.8000000000000007        4.7604412902226765E-004
   2.1000000000000005        1.9000000000000004        3.2882002281403881E-004
   2.1000000000000005        2.0000000000000000        2.2262985691888859E-004
   2.1000000000000005        2.1000000000000005        1.4774836023203312E-004
   2.1000000000000005        2.2000000000000002        9.6111652061394356E-005
   2.1000000000000005        2.3000000000000007        6.1283495053221699E-005
   2.1000000000000005        2.4000000000000004        3.8302323416555351E-005
   2.1000000000000005        2.5000000000000000        2.3465014283569664E-005
   2.1000000000000005        2.6000000000000005        1.4090637334050206E-005
   2.1000000000000005        2.7000000000000002        8.2938191607573416E-006
   2.1000000000000005        2.8000000000000007        4.7851173921289749E-006
   2.1000000000000005        2.9000000000000004        2.7061056124125324E-006
   2.1000000000000005        3.0000000000000000        1.5000681763334523E-006
   2.1000000000000005        3.0999999999999996        8.1506334728178315E-007
   2.1000000000000005        3.2000000000000011        4.3409605606351078E-007
   2.1000000000000005        3.3000000000000007        2.2661801277656980E-007
   2.1000000000000005        3.4000000000000004        1.1596238101871126E-007
   2.1000000000000005        3.5000000000000000        5.8163955230905396E-008
   2.1000000000000005        3.5999999999999996        2.8595971090654165E-008
   2.1000000000000005        3.7000000000000011        1.3780655548945621E-008
   2.1000000000000005        3.8000000000000007        6.5095207561667782E-009
   2.1000000000000005        3.9000000000000004        3.0139931785484175E-009
   2.1000000000000005        4.0000000000000000        1.3678851171007246E-009
   2.1000000000000005        4.0999999999999996        6.0851472800857268E-010
   2.1000000000000005        4.2000000000000011        2.6534241286427812E-010
   2.1000000000000005        4.3000000000000007        1.1341130933749703E-010
   2.1000000000000005        4.4000000000000004        4.7513843749147723E-011
   2.1000000000000005        4.5000000000000000        1.9511833270963573E-011
   2.1000000000000005        4.6000000000000014        7.8539855468682094E-012
   2.1000000000000005        4.7000000000000011        3.0988191387217815E-012
   2.1000000000000005        4.8000000000000007        1.1984404852096629E-012
   2.1000000000000005        4.9000000000000004        4.5430846011939089E-013
   2.1000000000000005        5.0000000000000000        1.6881043431448514E-013

   2.2000000000000002       -5.0000000000000000        1.0981272280576603E-013
   2.2000000000000002       -4.9000000000000004        2.9553178511741007E-013
   2.2000000000000002       -4.7999999999999998        7.7959643511351849E-013
   2.2000000000000002       -4.7000000000000002        2.0158100326412155E-012
   2.2000000000000002       -4.5999999999999996        5.1090890280633429E-012
   2.2000000000000002       -4.5000000000000000        1.2692624997486851E-011
   2.2000000000000002       -4.4000000000000004        3.0908187484083207E-011
   2.2000000000000002       -4.2999999999999998        7.3775088168521749E-011
   2.2000000000000002       -4.2000000000000002        1.7260765278404397E-010
   2.2000000000000002       -4.0999999999999996        3.9584436484266193E-010
   2.2000000000000002       -4.0000000000000000        8.8982170921069361E-010
   2.2000000000000002       -3.8999999999999999        1.9606299740797898E-009
   2.2000000000000002       -3.7999999999999998        4.2345024541767209E-009
   2.2000000000000002       -3.7000000000000002        8.9644417658385295E-009
   2.2000000000000002       -3.5999999999999996        1.8601939266915577E-008
   2.2000000000000002       -3.5000000000000000        3.7836181862783926E-008
   2.2000000000000002       -3.3999999999999999        7.5434583498442582E-008
   2.2000000000000002       -3.2999999999999998        1.4741707833928423E-007
   2.2000000000000002       -3.2000000000000002        2.8238343245283856E-007
   2.2000000000000002       -3.0999999999999996        5.3020612018242907E-007
   2.2000000000000002       -3.0000000000000000        9.7580799140993231E-007
   2.2000000000000002       -2.8999999999999999        1.7603463121561693E-006
   2.2000000000000002       -2.7999999999999998        3.1127623828986399E-006
   2.2000000000000002       -2.6999999999999997        5.3952047940631758E-006
   2.2000000000000002       -2.5999999999999996        9.1660877362476341E-006
   2.2000000000000002       -2.5000000000000000        1.5264205199274627E-005
   2.2000000000000002       -2.3999999999999999        2.4916009731503160E-005
   2.2000000000000002       -2.2999999999999998        3.9865470888552393E-005
   2.2000000000000002       -2.1999999999999997        6.2521503774820260E-005
   2.2000000000000002       -2.0999999999999996        9.6111652061394695E-005
   2.2000000000000002       -2.0000000000000000        1.4482274668268800E-004
   2.2000000000000002       -1.8999999999999999        2.1390041536766111E-004
   2.2000000000000002       -1.7999999999999998        3.0967103541862623E-004
   2.2000000000000002       -1.6999999999999997        4.3944411710184546E-004
   2.2000000000000002       -1.5999999999999996        6.1125276112957284E-004
   2.2000000000000002       -1.5000000000000000        8.3339736560669568E-004
   2.2000000000000002       -1.3999999999999999        1.1137751478448024E-003
   2.2000000000000002       -1.2999999999999998        1.4590058497868585E-003
   2.2000000000000002       -1.1999999999999997        1.8734005942224233E-003
   2.2000000000000002       -1.0999999999999996        2.3578620064902329E-003
   2.2000000000000002       -1.0000000000000000        2.9088426258125815E-003
   2.2000000000000002      -0.89999999999999947        3.5175167749121315E-003
   2.2000000000000002      -0.79999999999999982        4.1693296979041115E-003
   2.2000000000000002      -0.70000000000000018        4.8440700122489629E-003
   2.2000000000000002      -0.59999999999999964        5.5165644207607716E-003
   2.2000000000000002      -0.50000000000000000        6.1580198871688911E-003
   2.2000000000000002      -0.39999999999999947        6.7379469990854670E-003
   2.2000000000000002      -0.29999999999999982        7.2265032813764556E-003
   2.2000000000000002      -0.19999999999999929        7.5970140275775609E-003
   2.2000000000000002       -9.9999999999999645E-002   7.8283775492257665E-003
   2.2000000000000002        0.0000000000000000        7.9070540515934346E-003
   2.2000000000000002       0.10000000000000053        7.8283775492257665E-003
   2.2000000000000002       0.20000000000000018        7.5970140275775609E-003
   2.2000000000000002       0.30000000000000071        7.2265032813764495E-003
   2.2000000000000002       0.40000000000000036        6.7379469990854609E-003
   2.2000000000000002       0.50000000000000000        6.1580198871688911E-003
   2.2000000000000002       0.60000000000000053        5.5165644207607663E-003
   2.2000000000000002       0.70000000000000018        4.8440700122489629E-003
   2.2000000000000002       0.80000000000000071        4.1693296979041046E-003
   2.2000000000000002       0.90000000000000036        3.5175167749121254E-003
   2.2000000000000002        1.0000000000000000        2.9088426258125815E-003
   2.2000000000000002        1.1000000000000005        2.3578620064902286E-003
   2.2000000000000002        1.2000000000000002        1.8734005942224216E-003
   2.2000000000000002        1.3000000000000007        1.4590058497868546E-003
   2.2000000000000002        1.4000000000000004        1.1137751478448013E-003
   2.2000000000000002        1.5000000000000000        8.3339736560669568E-004
   2.2000000000000002        1.6000000000000005        6.1125276112957122E-004
   2.2000000000000002        1.7000000000000002        4.3944411710184508E-004
   2.2000000000000002        1.8000000000000007        3.0967103541862509E-004
   2.2000000000000002        1.9000000000000004        2.1390041536766073E-004
   2.2000000000000002        2.0000000000000000        1.4482274668268800E-004
   2.2000000000000002        2.1000000000000005        9.6111652061394356E-005
   2.2000000000000002        2.2000000000000002        6.2521503774820152E-005
   2.2000000000000002        2.3000000000000007        3.9865470888552182E-005
   2.2000000000000002        2.4000000000000004        2.4916009731503160E-005
   2.2000000000000002        2.5000000000000000        1.5264205199274627E-005
   2.2000000000000002        2.6000000000000005        9.1660877362475850E-006
   2.2000000000000002        2.7000000000000002        5.3952047940631563E-006
   2.2000000000000002        2.8000000000000007        3.1127623828986234E-006
   2.2000000000000002        2.9000000000000004        1.7603463121561630E-006
   2.2000000000000002        3.0000000000000000        9.7580799140993231E-007
   2.2000000000000002        3.0999999999999996        5.3020612018242907E-007
   2.2000000000000002        3.2000000000000011        2.8238343245283655E-007
   2.2000000000000002        3.3000000000000007        1.4741707833928370E-007
   2.2000000000000002        3.4000000000000004        7.5434583498442318E-008
   2.2000000000000002        3.5000000000000000        3.7836181862783926E-008
   2.2000000000000002        3.5999999999999996        1.8601939266915577E-008
   2.2000000000000002        3.7000000000000011        8.9644417658384667E-009
   2.2000000000000002        3.8000000000000007        4.2345024541767060E-009
   2.2000000000000002        3.9000000000000004        1.9606299740797832E-009
   2.2000000000000002        4.0000000000000000        8.8982170921069361E-010
   2.2000000000000002        4.0999999999999996        3.9584436484266193E-010
   2.2000000000000002        4.2000000000000011        1.7260765278404273E-010
   2.2000000000000002        4.3000000000000007        7.3775088168521232E-011
   2.2000000000000002        4.4000000000000004        3.0908187484083207E-011
   2.2000000000000002        4.5000000000000000        1.2692624997486851E-011
   2.2000000000000002        4.6000000000000014        5.1090890280632524E-012
   2.2000000000000002        4.7000000000000011        2.0158100326412014E-012
   2.2000000000000002        4.8000000000000007        7.7959643511351294E-013
   2.2000000000000002        4.9000000000000004        2.9553178511741007E-013
   2.2000000000000002        5.0000000000000000        1.0981272280576603E-013

   2.3000000000000007       -5.0000000000000000        7.0019683467194555E-014
   2.3000000000000007       -4.9000000000000004        1.8843938588989673E-013
   2.3000000000000007       -4.7999999999999998        4.9709263393235514E-013
   2.3000000000000007       -4.7000000000000002        1.2853372251336410E-012
   2.3000000000000007       -4.5999999999999996        3.2576989934351024E-012
   2.3000000000000007       -4.5000000000000000        8.0931750163758323E-012
   2.3000000000000007       -4.4000000000000004        1.9707930455455148E-011
   2.3000000000000007       -4.2999999999999998        4.7041073104627748E-011
   2.3000000000000007       -4.2000000000000002        1.1005949860046248E-010
   2.3000000000000007       -4.0999999999999996        2.5240151068452068E-010
   2.3000000000000007       -4.0000000000000000        5.6737537171694004E-010
   2.3000000000000007       -3.8999999999999999        1.2501528663867382E-009
   2.3000000000000007       -3.7999999999999998        2.7000379728945576E-009
   2.3000000000000007       -3.7000000000000002        5.7159804334726312E-009
   2.3000000000000007       -3.5999999999999996        1.1861120151343830E-008
   2.3000000000000007       -3.5000000000000000        2.4125414705592109E-008
   2.3000000000000007       -3.3999999999999999        4.8099214044470131E-008
   2.3000000000000007       -3.2999999999999998        9.3997279178959689E-008
   2.3000000000000007       -3.2000000000000002        1.8005562608351483E-007
   2.3000000000000007       -3.0999999999999996        3.3807434839047309E-007
   2.3000000000000007       -3.0000000000000000        6.2220264590046867E-007
   2.3000000000000007       -2.8999999999999999        1.1224463652343401E-006
   2.3000000000000007       -2.7999999999999998        1.9847849246454408E-006
   2.3000000000000007       -2.6999999999999997        3.4401344604594230E-006
   2.3000000000000007       -2.5999999999999996        5.8445555808665665E-006
   2.3000000000000007       -2.5000000000000000        9.7328869471889144E-006
   2.3000000000000007       -2.3999999999999999        1.5887149230888432E-005
   2.3000000000000007       -2.2999999999999998        2.5419346516199203E-005
   2.3000000000000007       -2.1999999999999997        3.9865470888552250E-005
   2.3000000000000007       -2.0999999999999996        6.1283495053221916E-005
   2.3000000000000007       -2.0000000000000000        9.2343060280070384E-005
   2.3000000000000007       -1.8999999999999999        1.3638892648201091E-004
   2.3000000000000007       -1.7999999999999998        1.9745496992477877E-004
   2.3000000000000007       -1.6999999999999997        2.8020194012871104E-004
   2.3000000000000007       -1.5999999999999996        3.8975196825275377E-004
   2.3000000000000007       -1.5000000000000000        5.3139762179825109E-004
   2.3000000000000007       -1.3999999999999999        7.1017438884254653E-004
   2.3000000000000007       -1.2999999999999998        9.3030320320494652E-004
   2.3000000000000007       -1.1999999999999997        1.1945329581411722E-003
   2.3000000000000007       -1.0999999999999996        1.5034391929775685E-003
   2.3000000000000007       -1.0000000000000000        1.8547599468554967E-003
   2.3000000000000007      -0.89999999999999947        2.2428677194857973E-003
   2.3000000000000007      -0.79999999999999982        2.6584819887763575E-003
   2.3000000000000007      -0.70000000000000018        3.0887154082367579E-003
   2.3000000000000007      -0.59999999999999964        3.5175167749121193E-003
   2.3000000000000007      -0.50000000000000000        3.9265268383056103E-003
   2.3000000000000007      -0.39999999999999947        4.2963046907523285E-003
   2.3000000000000007      -0.29999999999999982        4.6078219299927363E-003
   2.3000000000000007      -0.19999999999999929        4.8440700122489499E-003
   2.3000000000000007       -9.9999999999999645E-002   4.9915939069101996E-003
   2.3000000000000007        0.0000000000000000        5.0417602596909607E-003
   2.3000000000000007       0.10000000000000053        4.9915939069101996E-003
   2.3000000000000007       0.20000000000000018        4.8440700122489499E-003
   2.3000000000000007       0.30000000000000071        4.6078219299927319E-003
   2.3000000000000007       0.40000000000000036        4.2963046907523242E-003
   2.3000000000000007       0.50000000000000000        3.9265268383056103E-003
   2.3000000000000007       0.60000000000000053        3.5175167749121159E-003
   2.3000000000000007       0.70000000000000018        3.0887154082367579E-003
   2.3000000000000007       0.80000000000000071        2.6584819887763528E-003
   2.3000000000000007       0.90000000000000036        2.2428677194857934E-003
   2.3000000000000007        1.0000000000000000        1.8547599468554967E-003
   2.3000000000000007        1.1000000000000005        1.5034391929775659E-003
   2.3000000000000007        1.2000000000000002        1.1945329581411711E-003
   2.3000000000000007        1.3000000000000007        9.3030320320494403E-004
   2.3000000000000007        1.4000000000000004        7.1017438884254588E-004
   2.3000000000000007        1.5000000000000000        5.3139762179825109E-004
   2.3000000000000007        1.6000000000000005        3.8975196825275274E-004
   2.3000000000000007        1.7000000000000002        2.8020194012871104E-004
   2.3000000000000007        1.8000000000000007        1.9745496992477806E-004
   2.3000000000000007        1.9000000000000004        1.3638892648201067E-004
   2.3000000000000007        2.0000000000000000        9.2343060280070384E-005
   2.3000000000000007        2.1000000000000005        6.1283495053221699E-005
   2.3000000000000007        2.2000000000000002        3.9865470888552182E-005
   2.3000000000000007        2.3000000000000007        2.5419346516199068E-005
   2.3000000000000007        2.4000000000000004        1.5887149230888432E-005
   2.3000000000000007        2.5000000000000000        9.7328869471889144E-006
   2.3000000000000007        2.6000000000000005        5.8445555808665352E-006
   2.3000000000000007        2.7000000000000002        3.4401344604594107E-006
   2.3000000000000007        2.8000000000000007        1.9847849246454302E-006
   2.3000000000000007        2.9000000000000004        1.1224463652343361E-006
   2.3000000000000007        3.0000000000000000        6.2220264590046867E-007
   2.3000000000000007        3.0999999999999996        3.3807434839047309E-007
   2.3000000000000007        3.2000000000000011        1.8005562608351353E-007
   2.3000000000000007        3.3000000000000007        9.3997279178959358E-008
   2.3000000000000007        3.4000000000000004        4.8099214044469959E-008
   2.3000000000000007        3.5000000000000000        2.4125414705592109E-008
   2.3000000000000007        3.5999999999999996        1.1861120151343830E-008
   2.3000000000000007        3.7000000000000011        5.7159804334725906E-009
   2.3000000000000007        3.8000000000000007        2.7000379728945481E-009
   2.3000000000000007        3.9000000000000004        1.2501528663867337E-009
   2.3000000000000007        4.0000000000000000        5.6737537171694004E-010
   2.3000000000000007        4.0999999999999996        2.5240151068452068E-010
   2.3000000000000007        4.2000000000000011        1.1005949860046169E-010
   2.3000000000000007        4.3000000000000007        4.7041073104627412E-011
   2.3000000000000007        4.4000000000000004        1.9707930455455148E-011
   2.3000000000000007        4.5000000000000000        8.0931750163758323E-012
   2.3000000000000007        4.6000000000000014        3.2576989934350443E-012
   2.3000000000000007        4.7000000000000011        1.2853372251336319E-012
   2.3000000000000007        4.8000000000000007        4.9709263393235160E-013
   2.3000000000000007        4.9000000000000004        1.8843938588989673E-013
   2.3000000000000007        5.0000000000000000        7.0019683467194555E-014

   2.4000000000000004       -5.0000000000000000        4.3762460991433368E-014
   2.4000000000000004       -4.9000000000000004        1.1777504361498475E-013
   2.4000000000000004       -4.7999999999999998        3.1068402375434455E-013
   2.4000000000000004       -4.7000000000000002        8.0333868121671904E-013
   2.4000000000000004       -4.5999999999999996        2.0360692602792125E-012
   2.4000000000000004       -4.5000000000000000        5.0582527428437852E-012
   2.4000000000000004       -4.4000000000000004        1.2317501237817201E-011
   2.4000000000000004       -4.2999999999999998        2.9400777392844726E-011
   2.4000000000000004       -4.2000000000000002        6.8787436271345855E-011
   2.4000000000000004       -4.0999999999999996        1.5775151669580595E-010
   2.4000000000000004       -4.0000000000000000        3.5461089429082842E-010
   2.4000000000000004       -3.8999999999999999        7.8134837719183516E-010
   2.4000000000000004       -3.7999999999999998        1.6875298575085259E-009
   2.4000000000000004       -3.7000000000000002        3.5725007363799340E-009
   2.4000000000000004       -3.5999999999999996        7.4132269989635538E-009
   2.4000000000000004       -3.5000000000000000        1.5078438914255912E-008
   2.4000000000000004       -3.3999999999999999        3.0062117880409006E-008
   2.4000000000000004       -3.2999999999999998        5.8748512699252362E-008
   2.4000000000000004       -3.2000000000000002        1.1253517471925872E-007
   2.4000000000000004       -3.0999999999999996        2.1129723459224233E-007
   2.4000000000000004       -3.0000000000000000        3.8887806501929143E-007
   2.4000000000000004       -2.8999999999999999        7.0153152429713628E-007
   2.4000000000000004       -2.7999999999999998        1.2404950799567113E-006
   2.4000000000000004       -2.6999999999999997        2.1500918409846271E-006
   2.4000000000000004       -2.5999999999999996        3.6528604951459262E-006
   2.4000000000000004       -2.5000000000000000        6.0830764189321691E-006
   2.4000000000000004       -2.3999999999999999        9.9295043058510642E-006
   2.4000000000000004       -2.2999999999999998        1.5887149230888489E-005
   2.4000000000000004       -2.1999999999999997        2.4916009731503160E-005
   2.4000000000000004       -2.0999999999999996        3.8302323416555486E-005
   2.4000000000000004       -2.0000000000000000        5.7714622135210228E-005
   2.4000000000000004       -1.8999999999999999        8.5243388419899594E-005
   2.4000000000000004       -1.7999999999999998        1.2340980408667956E-004
   2.4000000000000004       -1.6999999999999997        1.7512684815765842E-004
   2.4000000000000004       -1.5999999999999996        2.4359586422561879E-004
   2.4000000000000004       -1.5000000000000000        3.3212471898394036E-004
   2.4000000000000004       -1.3999999999999999        4.4386060390287326E-004
   2.4000000000000004       -1.2999999999999998        5.8144161219375514E-004
   2.4000000000000004       -1.1999999999999997        7.4658580837667855E-004
   2.4000000000000004       -1.0999999999999996        9.3965290583609528E-004
   2.4000000000000004       -1.0000000000000000        1.1592291739045894E-003
   2.4000000000000004      -0.89999999999999947        1.4017974121366744E-003
   2.4000000000000004      -0.79999999999999982        1.6615572731739324E-003
   2.4000000000000004      -0.70000000000000018        1.9304541362277058E-003
   2.4000000000000004      -0.59999999999999964        2.1984559630425292E-003
   2.4000000000000004      -0.50000000000000000        2.4540881804139126E-003
   2.4000000000000004      -0.39999999999999947        2.6852001769538179E-003
   2.4000000000000004      -0.29999999999999982        2.8798991580882378E-003
   2.4000000000000004      -0.19999999999999929        3.0275547453758097E-003
   2.4000000000000004       -9.9999999999999645E-002   3.1197575141649896E-003
   2.4000000000000004        0.0000000000000000        3.1511115984444358E-003
   2.4000000000000004       0.10000000000000053        3.1197575141649896E-003
   2.4000000000000004       0.20000000000000018        3.0275547453758097E-003
   2.4000000000000004       0.30000000000000071        2.8798991580882352E-003
   2.4000000000000004       0.40000000000000036        2.6852001769538157E-003
   2.4000000000000004       0.50000000000000000        2.4540881804139126E-003
   2.4000000000000004       0.60000000000000053        2.1984559630425274E-003
   2.4000000000000004       0.70000000000000018        1.9304541362277058E-003
   2.4000000000000004       0.80000000000000071        1.6615572731739296E-003
   2.4000000000000004       0.90000000000000036        1.4017974121366720E-003
   2.4000000000000004        1.0000000000000000        1.1592291739045894E-003
   2.4000000000000004        1.1000000000000005        9.3965290583609366E-004
   2.4000000000000004        1.2000000000000002        7.4658580837667790E-004
   2.4000000000000004        1.3000000000000007        5.8144161219375351E-004
   2.4000000000000004        1.4000000000000004        4.4386060390287283E-004
   2.4000000000000004        1.5000000000000000        3.3212471898394036E-004
   2.4000000000000004        1.6000000000000005        2.4359586422561792E-004
   2.4000000000000004        1.7000000000000002        1.7512684815765812E-004
   2.4000000000000004        1.8000000000000007        1.2340980408667910E-004
   2.4000000000000004        1.9000000000000004        8.5243388419899445E-005
   2.4000000000000004        2.0000000000000000        5.7714622135210228E-005
   2.4000000000000004        2.1000000000000005        3.8302323416555351E-005
   2.4000000000000004        2.2000000000000002        2.4916009731503160E-005
   2.4000000000000004        2.3000000000000007        1.5887149230888432E-005
   2.4000000000000004        2.4000000000000004        9.9295043058510456E-006
   2.4000000000000004        2.5000000000000000        6.0830764189321691E-006
   2.4000000000000004        2.6000000000000005        3.6528604951459130E-006
   2.4000000000000004        2.7000000000000002        2.1500918409846233E-006
   2.4000000000000004        2.8000000000000007        1.2404950799567068E-006
   2.4000000000000004        2.9000000000000004        7.0153152429713501E-007
   2.4000000000000004        3.0000000000000000        3.8887806501929143E-007
   2.4000000000000004        3.0999999999999996        2.1129723459224233E-007
   2.4000000000000004        3.2000000000000011        1.1253517471925831E-007
   2.4000000000000004        3.3000000000000007        5.8748512699251945E-008
   2.4000000000000004        3.4000000000000004        3.0062117880408900E-008
   2.4000000000000004        3.5000000000000000        1.5078438914255912E-008
   2.4000000000000004        3.5999999999999996        7.4132269989635538E-009
   2.4000000000000004        3.7000000000000011        3.5725007363799084E-009
   2.4000000000000004        3.8000000000000007        1.6875298575085199E-009
   2.4000000000000004        3.9000000000000004        7.8134837719182968E-010
   2.4000000000000004        4.0000000000000000        3.5461089429082842E-010
   2.4000000000000004        4.0999999999999996        1.5775151669580595E-010
   2.4000000000000004        4.2000000000000011        6.8787436271345364E-011
   2.4000000000000004        4.3000000000000007        2.9400777392844519E-011
   2.4000000000000004        4.4000000000000004        1.2317501237817201E-011
   2.4000000000000004        4.5000000000000000        5.0582527428437852E-012
   2.4000000000000004        4.6000000000000014        2.0360692602791762E-012
   2.4000000000000004        4.7000000000000011        8.0333868121671339E-013
   2.4000000000000004        4.8000000000000007        3.1068402375434233E-013
   2.4000000000000004        4.9000000000000004        1.1777504361498475E-013
   2.4000000000000004        5.0000000000000000        4.3762460991433368E-014

   2.5000000000000000       -5.0000000000000000        2.6810038677818034E-014
   2.5000000000000000       -4.9000000000000004        7.2152100294760554E-014
   2.5000000000000000       -4.7999999999999998        1.9033323320332987E-013
   2.5000000000000000       -4.7000000000000002        4.9214647958266346E-013
   2.5000000000000000       -4.5999999999999996        1.2473497692345873E-012
   2.5000000000000000       -4.5000000000000000        3.0988191387218256E-012
   2.5000000000000000       -4.4000000000000004        7.5460263686860450E-012
   2.5000000000000000       -4.2999999999999998        1.8011692240397190E-011
   2.5000000000000000       -4.2000000000000002        4.2140999048104990E-011
   2.5000000000000000       -4.0999999999999996        9.6642742850474453E-011
   2.5000000000000000       -4.0000000000000000        2.1724399350790171E-010
   2.5000000000000000       -3.8999999999999999        4.7867463892087812E-010
   2.5000000000000000       -3.7999999999999998        1.0338253316839950E-009
   2.5000000000000000       -3.7000000000000002        2.1886082443496134E-009
   2.5000000000000000       -3.5999999999999996        4.5415385256456086E-009
   2.5000000000000000       -3.5000000000000000        9.2374496619705944E-009
   2.5000000000000000       -3.3999999999999999        1.8416846878621859E-008
   2.5000000000000000       -3.2999999999999998        3.5990889498640278E-008
   2.5000000000000000       -3.2000000000000002        6.8942018307172828E-008
   2.5000000000000000       -3.0999999999999996        1.2944626292938430E-007
   2.5000000000000000       -3.0000000000000000        2.3823696675018180E-007
   2.5000000000000000       -2.8999999999999999        4.2977672813685232E-007
   2.5000000000000000       -2.7999999999999998        7.5996002783739009E-007
   2.5000000000000000       -2.6999999999999997        1.3172030117077469E-006
   2.5000000000000000       -2.5999999999999996        2.2378387535999529E-006
   2.5000000000000000       -2.5000000000000000        3.7266531720786709E-006
   2.5000000000000000       -2.3999999999999999        6.0830764189321801E-006
   2.5000000000000000       -2.2999999999999998        9.7328869471889483E-006
   2.5000000000000000       -2.1999999999999997        1.5264205199274627E-005
   2.5000000000000000       -2.0999999999999996        2.3465014283569749E-005
   2.5000000000000000       -2.0000000000000000        3.5357500850409981E-005
   2.5000000000000000       -1.8999999999999999        5.2222349675744776E-005
   2.5000000000000000       -1.7999999999999998        7.5604103284627829E-005
   2.5000000000000000       -1.6999999999999997        1.0728732951170819E-004
   2.5000000000000000       -1.5999999999999996        1.4923325593877766E-004
   2.5000000000000000       -1.5000000000000000        2.0346836901064417E-004
   2.5000000000000000       -1.3999999999999999        2.7192072128953525E-004
   2.5000000000000000       -1.2999999999999998        3.5620647830703436E-004
   2.5000000000000000       -1.1999999999999997        4.5737817173506273E-004
   2.5000000000000000       -1.0999999999999996        5.7565617148727666E-004
   2.5000000000000000       -1.0000000000000000        7.1017438884254903E-004
   2.5000000000000000      -0.89999999999999947        8.5877809397433801E-004
   2.5000000000000000      -0.79999999999999982        1.0179138409954387E-003
   2.5000000000000000      -0.70000000000000018        1.1826471566155727E-003
   2.5000000000000000      -0.59999999999999964        1.3468321494119746E-003
   2.5000000000000000      -0.50000000000000000        1.5034391929775724E-003
   2.5000000000000000      -0.39999999999999947        1.6450245020705760E-003
   2.5000000000000000      -0.29999999999999982        1.7643022368343355E-003
   2.5000000000000000      -0.19999999999999929        1.8547599468555032E-003
   2.5000000000000000       -9.9999999999999645E-002   1.9112457966326377E-003
   2.5000000000000000        0.0000000000000000        1.9304541362277093E-003
   2.5000000000000000       0.10000000000000053        1.9112457966326377E-003
   2.5000000000000000       0.20000000000000018        1.8547599468555032E-003
   2.5000000000000000       0.30000000000000071        1.7643022368343340E-003
   2.5000000000000000       0.40000000000000036        1.6450245020705747E-003
   2.5000000000000000       0.50000000000000000        1.5034391929775724E-003
   2.5000000000000000       0.60000000000000053        1.3468321494119735E-003
   2.5000000000000000       0.70000000000000018        1.1826471566155727E-003
   2.5000000000000000       0.80000000000000071        1.0179138409954368E-003
   2.5000000000000000       0.90000000000000036        8.5877809397433649E-004
   2.5000000000000000        1.0000000000000000        7.1017438884254903E-004
   2.5000000000000000        1.1000000000000005        5.7565617148727557E-004
   2.5000000000000000        1.2000000000000002        4.5737817173506230E-004
   2.5000000000000000        1.3000000000000007        3.5620647830703338E-004
   2.5000000000000000        1.4000000000000004        2.7192072128953476E-004
   2.5000000000000000        1.5000000000000000        2.0346836901064417E-004
   2.5000000000000000        1.6000000000000005        1.4923325593877714E-004
   2.5000000000000000        1.7000000000000002        1.0728732951170800E-004
   2.5000000000000000        1.8000000000000007        7.5604103284627558E-005
   2.5000000000000000        1.9000000000000004        5.2222349675744681E-005
   2.5000000000000000        2.0000000000000000        3.5357500850409981E-005
   2.5000000000000000        2.1000000000000005        2.3465014283569664E-005
   2.5000000000000000        2.2000000000000002        1.5264205199274627E-005
   2.5000000000000000        2.3000000000000007        9.7328869471889144E-006
   2.5000000000000000        2.4000000000000004        6.0830764189321691E-006
   2.5000000000000000        2.5000000000000000        3.7266531720786709E-006
   2.5000000000000000        2.6000000000000005        2.2378387535999448E-006
   2.5000000000000000        2.7000000000000002        1.3172030117077446E-006
   2.5000000000000000        2.8000000000000007        7.5996002783738734E-007
   2.5000000000000000        2.9000000000000004        4.2977672813685158E-007
   2.5000000000000000        3.0000000000000000        2.3823696675018180E-007
   2.5000000000000000        3.0999999999999996        1.2944626292938430E-007
   2.5000000000000000        3.2000000000000011        6.8942018307172338E-008
   2.5000000000000000        3.3000000000000007        3.5990889498640152E-008
   2.5000000000000000        3.4000000000000004        1.8416846878621793E-008
   2.5000000000000000        3.5000000000000000        9.2374496619705944E-009
   2.5000000000000000        3.5999999999999996        4.5415385256456086E-009
   2.5000000000000000        3.7000000000000011        2.1886082443495981E-009
   2.5000000000000000        3.8000000000000007        1.0338253316839875E-009
   2.5000000000000000        3.9000000000000004        4.7867463892087812E-010
   2.5000000000000000        4.0000000000000000        2.1724399350790171E-010
   2.5000000000000000        4.0999999999999996        9.6642742850474453E-011
   2.5000000000000000        4.2000000000000011        4.2140999048104693E-011
   2.5000000000000000        4.3000000000000007        1.8011692240397060E-011
   2.5000000000000000        4.4000000000000004        7.5460263686860450E-012
   2.5000000000000000        4.5000000000000000        3.0988191387218256E-012
   2.5000000000000000        4.6000000000000014        1.2473497692345651E-012
   2.5000000000000000        4.7000000000000011        4.9214647958265992E-013
   2.5000000000000000        4.8000000000000007        1.9033323320332851E-013
   2.5000000000000000        4.9000000000000004        7.2152100294760554E-014
   2.5000000000000000        5.0000000000000000        2.6810038677818034E-014

   2.6000000000000005       -5.0000000000000000        1.6099309693815552E-014
   2.6000000000000005       -4.9000000000000004        4.3327017229022834E-014
   2.6000000000000005       -4.7999999999999998        1.1429426503964337E-013
   2.6000000000000005       -4.7000000000000002        2.9553178511741007E-013
   2.6000000000000005       -4.5999999999999996        7.4902802165786858E-013
   2.6000000000000005       -4.5000000000000000        1.8608271923412872E-012
   2.6000000000000005       -4.4000000000000004        4.5313554719967415E-012
   2.6000000000000005       -4.2999999999999998        1.0815941557285693E-011
   2.6000000000000005       -4.2000000000000002        2.5305483615118915E-011
   2.6000000000000005       -4.0999999999999996        5.8033539806000543E-011
   2.6000000000000005       -4.0000000000000000        1.3045405762501538E-010
   2.6000000000000005       -3.8999999999999999        2.8744200436154466E-010
   2.6000000000000005       -3.7999999999999998        6.2080754094036017E-010
   2.6000000000000005       -3.7000000000000002        1.3142495744840163E-009
   2.6000000000000005       -3.5999999999999996        2.7271738056557604E-009
   2.6000000000000005       -3.5000000000000000        5.5470476815141944E-009
   2.6000000000000005       -3.3999999999999999        1.1059235126274890E-008
   2.6000000000000005       -3.2999999999999998        2.1612370021454267E-008
   2.6000000000000005       -3.2000000000000002        4.1399377187851523E-008
   2.6000000000000005       -3.0999999999999996        7.7731908582865124E-008
   2.6000000000000005       -3.0000000000000000        1.4306024524312874E-007
   2.6000000000000005       -2.8999999999999999        2.5807902512258060E-007
   2.6000000000000005       -2.7999999999999998        4.5635263679039859E-007
   2.6000000000000005       -2.6999999999999997        7.9097458492870222E-007
   2.6000000000000005       -2.5999999999999996        1.3438122776315214E-006
   2.6000000000000005       -2.5000000000000000        2.2378387535999448E-006
   2.6000000000000005       -2.3999999999999999        3.6528604951459130E-006
   2.6000000000000005       -2.2999999999999998        5.8445555808665665E-006
   2.6000000000000005       -2.1999999999999997        9.1660877362476019E-006
   2.6000000000000005       -2.0999999999999996        1.4090637334050257E-005
   2.6000000000000005       -2.0000000000000000        2.1232022938522093E-005
   2.6000000000000005       -1.8999999999999999        3.1359290095472806E-005
   2.6000000000000005       -1.7999999999999998        4.5399929762484773E-005
   2.6000000000000005       -1.6999999999999997        6.4425567034355296E-005
   2.6000000000000005       -1.5999999999999996        8.9613910402995176E-005
   2.6000000000000005       -1.5000000000000000        1.2218185601903429E-004
   2.6000000000000005       -1.3999999999999999        1.6328719092180777E-004
   2.6000000000000005       -1.2999999999999998        2.1390041536766073E-004
   2.6000000000000005       -1.1999999999999997        2.7465356997214205E-004
   2.6000000000000005       -1.0999999999999996        3.4567898589410434E-004
   2.6000000000000005       -1.0000000000000000        4.2645658068565269E-004
   2.6000000000000005      -0.89999999999999947        5.1569244861241338E-004
   2.6000000000000005      -0.79999999999999982        6.1125276112957122E-004
   2.6000000000000005      -0.70000000000000018        7.1017438884254718E-004
   2.6000000000000005      -0.59999999999999964        8.0876675112411000E-004
   2.6000000000000005      -0.50000000000000000        9.0280858839611119E-004
   2.6000000000000005      -0.39999999999999947        9.8782994053122773E-004
   2.6000000000000005      -0.29999999999999982        1.0594556929076073E-003
   2.6000000000000005      -0.19999999999999929        1.1137751478448002E-003
   2.6000000000000005       -9.9999999999999645E-002   1.1476946509014234E-003
   2.6000000000000005        0.0000000000000000        1.1592291739045883E-003
   2.6000000000000005       0.10000000000000053        1.1476946509014234E-003
   2.6000000000000005       0.20000000000000018        1.1137751478448002E-003
   2.6000000000000005       0.30000000000000071        1.0594556929076062E-003
   2.6000000000000005       0.40000000000000036        9.8782994053122687E-004
   2.6000000000000005       0.50000000000000000        9.0280858839611119E-004
   2.6000000000000005       0.60000000000000053        8.0876675112410924E-004
   2.6000000000000005       0.70000000000000018        7.1017438884254718E-004
   2.6000000000000005       0.80000000000000071        6.1125276112957013E-004
   2.6000000000000005       0.90000000000000036        5.1569244861241240E-004
   2.6000000000000005        1.0000000000000000        4.2645658068565269E-004
   2.6000000000000005        1.1000000000000005        3.4567898589410375E-004
   2.6000000000000005        1.2000000000000002        2.7465356997214156E-004
   2.6000000000000005        1.3000000000000007        2.1390041536766035E-004
   2.6000000000000005        1.4000000000000004        1.6328719092180749E-004
   2.6000000000000005        1.5000000000000000        1.2218185601903429E-004
   2.6000000000000005        1.6000000000000005        8.9613910402994864E-005
   2.6000000000000005        1.7000000000000002        6.4425567034355296E-005
   2.6000000000000005        1.8000000000000007        4.5399929762484610E-005
   2.6000000000000005        1.9000000000000004        3.1359290095472745E-005
   2.6000000000000005        2.0000000000000000        2.1232022938522093E-005
   2.6000000000000005        2.1000000000000005        1.4090637334050206E-005
   2.6000000000000005        2.2000000000000002        9.1660877362475850E-006
   2.6000000000000005        2.3000000000000007        5.8445555808665352E-006
   2.6000000000000005        2.4000000000000004        3.6528604951459130E-006
   2.6000000000000005        2.5000000000000000        2.2378387535999448E-006
   2.6000000000000005        2.6000000000000005        1.3438122776315142E-006
   2.6000000000000005        2.7000000000000002        7.9097458492869936E-007
   2.6000000000000005        2.8000000000000007        4.5635263679039616E-007
   2.6000000000000005        2.9000000000000004        2.5807902512257970E-007
   2.6000000000000005        3.0000000000000000        1.4306024524312874E-007
   2.6000000000000005        3.0999999999999996        7.7731908582865124E-008
   2.6000000000000005        3.2000000000000011        4.1399377187851225E-008
   2.6000000000000005        3.3000000000000007        2.1612370021454187E-008
   2.6000000000000005        3.4000000000000004        1.1059235126274850E-008
   2.6000000000000005        3.5000000000000000        5.5470476815141944E-009
   2.6000000000000005        3.5999999999999996        2.7271738056557604E-009
   2.6000000000000005        3.7000000000000011        1.3142495744840070E-009
   2.6000000000000005        3.8000000000000007        6.2080754094035800E-010
   2.6000000000000005        3.9000000000000004        2.8744200436154362E-010
   2.6000000000000005        4.0000000000000000        1.3045405762501538E-010
   2.6000000000000005        4.0999999999999996        5.8033539806000543E-011
   2.6000000000000005        4.2000000000000011        2.5305483615118737E-011
   2.6000000000000005        4.3000000000000007        1.0815941557285616E-011
   2.6000000000000005        4.4000000000000004        4.5313554719967415E-012
   2.6000000000000005        4.5000000000000000        1.8608271923412872E-012
   2.6000000000000005        4.6000000000000014        7.4902802165785535E-013
   2.6000000000000005        4.7000000000000011        2.9553178511740795E-013
   2.6000000000000005        4.8000000000000007        1.1429426503964256E-013
   2.6000000000000005        4.9000000000000004        4.3327017229022834E-014
   2.6000000000000005        5.0000000000000000        1.6099309693815552E-014

   2.7000000000000002       -5.0000000000000000        9.4761336941707752E-015
   2.7000000000000002       -4.9000000000000004        2.5502497662342620E-014
   2.7000000000000002       -4.7999999999999998        6.7274172408069346E-014
   2.7000000000000002       -4.7000000000000002        1.7395147741802374E-013
   2.7000000000000002       -4.5999999999999996        4.4088161597616918E-013
   2.7000000000000002       -4.5000000000000000        1.0952921331247048E-012
   2.7000000000000002       -4.4000000000000004        2.6671783501964875E-012
   2.7000000000000002       -4.2999999999999998        6.3663169523689998E-012
   2.7000000000000002       -4.2000000000000002        1.4894933415973220E-011
   2.7000000000000002       -4.0999999999999996        3.4158829937838525E-011
   2.7000000000000002       -4.0000000000000000        7.6785906632790754E-011
   2.7000000000000002       -3.8999999999999999        1.6918979226151304E-010
   2.7000000000000002       -3.7999999999999998        3.6541040381129584E-010
   2.7000000000000002       -3.7000000000000002        7.7357383093895479E-010
   2.7000000000000002       -3.5999999999999996        1.6052280551856116E-009
   2.7000000000000002       -3.5000000000000000        3.2650198323820608E-009
   2.7000000000000002       -3.3999999999999999        6.5095207561668245E-009
   2.7000000000000002       -3.2999999999999998        1.2721148401155511E-008
   2.7000000000000002       -3.2000000000000002        2.4367879154358194E-008
   2.7000000000000002       -3.0999999999999996        4.5753387694458114E-008
   2.7000000000000002       -3.0000000000000000        8.4205971313510062E-008
   2.7000000000000002       -2.8999999999999999        1.5190659675689612E-007
   2.7000000000000002       -2.7999999999999998        2.6861142994065065E-007
   2.7000000000000002       -2.6999999999999997        4.6557157157830946E-007
   2.7000000000000002       -2.5999999999999996        7.9097458492870360E-007
   2.7000000000000002       -2.5000000000000000        1.3172030117077446E-006
   2.7000000000000002       -2.3999999999999999        2.1500918409846271E-006
   2.7000000000000002       -2.2999999999999998        3.4401344604594294E-006
   2.7000000000000002       -2.1999999999999997        5.3952047940631758E-006
   2.7000000000000002       -2.0999999999999996        8.2938191607573704E-006
   2.7000000000000002       -2.0000000000000000        1.2497274217938947E-005
   2.7000000000000002       -1.8999999999999999        1.8458233995780558E-005
   2.7000000000000002       -1.7999999999999998        2.6722624281246820E-005
   2.7000000000000002       -1.6999999999999997        3.7921208930767637E-005
   2.7000000000000002       -1.5999999999999996        5.2747193015513852E-005
   2.7000000000000002       -1.5000000000000000        7.1916847657328884E-005
   2.7000000000000002       -1.3999999999999999        9.6111652061394695E-005
   2.7000000000000002       -1.2999999999999998        1.2590284750166984E-004
   2.7000000000000002       -1.1999999999999997        1.6166245622550477E-004
   2.7000000000000002       -1.0999999999999996        2.0346836901064417E-004
   2.7000000000000002       -1.0000000000000000        2.5101446274361402E-004
   2.7000000000000002      -0.89999999999999947        3.0353913807886678E-004
   2.7000000000000002      -0.79999999999999982        3.5978641293048274E-004
   2.7000000000000002      -0.70000000000000018        4.1801217461101255E-004
   2.7000000000000002      -0.59999999999999964        4.7604412902226933E-004
   2.7000000000000002      -0.50000000000000000        5.3139762179825250E-004
   2.7000000000000002      -0.39999999999999947        5.8144161219375557E-004
   2.7000000000000002      -0.29999999999999982        6.2360088599944393E-004
   2.7000000000000002      -0.19999999999999929        6.5557358712569529E-004
   2.7000000000000002       -9.9999999999999645E-002   6.7553877519384374E-004
   2.7000000000000002        0.0000000000000000        6.8232805275637604E-004
   2.7000000000000002       0.10000000000000053        6.7553877519384374E-004
   2.7000000000000002       0.20000000000000018        6.5557358712569529E-004
   2.7000000000000002       0.30000000000000071        6.2360088599944339E-004
   2.7000000000000002       0.40000000000000036        5.8144161219375514E-004
   2.7000000000000002       0.50000000000000000        5.3139762179825250E-004
   2.7000000000000002       0.60000000000000053        4.7604412902226890E-004
   2.7000000000000002       0.70000000000000018        4.1801217461101255E-004
   2.7000000000000002       0.80000000000000071        3.5978641293048209E-004
   2.7000000000000002       0.90000000000000036        3.0353913807886623E-004
   2.7000000000000002        1.0000000000000000        2.5101446274361402E-004
   2.7000000000000002        1.1000000000000005        2.0346836901064382E-004
   2.7000000000000002        1.2000000000000002        1.6166245622550477E-004
   2.7000000000000002        1.3000000000000007        1.2590284750166959E-004
   2.7000000000000002        1.4000000000000004        9.6111652061394519E-005
   2.7000000000000002        1.5000000000000000        7.1916847657328884E-005
   2.7000000000000002        1.6000000000000005        5.2747193015513662E-005
   2.7000000000000002        1.7000000000000002        3.7921208930767569E-005
   2.7000000000000002        1.8000000000000007        2.6722624281246773E-005
   2.7000000000000002        1.9000000000000004        1.8458233995780524E-005
   2.7000000000000002        2.0000000000000000        1.2497274217938947E-005
   2.7000000000000002        2.1000000000000005        8.2938191607573416E-006
   2.7000000000000002        2.2000000000000002        5.3952047940631563E-006
   2.7000000000000002        2.3000000000000007        3.4401344604594107E-006
   2.7000000000000002        2.4000000000000004        2.1500918409846233E-006
   2.7000000000000002        2.5000000000000000        1.3172030117077446E-006
   2.7000000000000002        2.6000000000000005        7.9097458492869936E-007
   2.7000000000000002        2.7000000000000002        4.6557157157830781E-007
   2.7000000000000002        2.8000000000000007        2.6861142994064874E-007
   2.7000000000000002        2.9000000000000004        1.5190659675689586E-007
   2.7000000000000002        3.0000000000000000        8.4205971313510062E-008
   2.7000000000000002        3.0999999999999996        4.5753387694458114E-008
   2.7000000000000002        3.2000000000000011        2.4367879154358018E-008
   2.7000000000000002        3.3000000000000007        1.2721148401155420E-008
   2.7000000000000002        3.4000000000000004        6.5095207561668245E-009
   2.7000000000000002        3.5000000000000000        3.2650198323820608E-009
   2.7000000000000002        3.5999999999999996        1.6052280551856116E-009
   2.7000000000000002        3.7000000000000011        7.7357383093894920E-010
   2.7000000000000002        3.8000000000000007        3.6541040381129455E-010
   2.7000000000000002        3.9000000000000004        1.6918979226151242E-010
   2.7000000000000002        4.0000000000000000        7.6785906632790754E-011
   2.7000000000000002        4.0999999999999996        3.4158829937838525E-011
   2.7000000000000002        4.2000000000000011        1.4894933415973114E-011
   2.7000000000000002        4.3000000000000007        6.3663169523689545E-012
   2.7000000000000002        4.4000000000000004        2.6671783501964875E-012
   2.7000000000000002        4.5000000000000000        1.0952921331247048E-012
   2.7000000000000002        4.6000000000000014        4.4088161597615979E-013
   2.7000000000000002        4.7000000000000011        1.7395147741802250E-013
   2.7000000000000002        4.8000000000000007        6.7274172408068867E-014
   2.7000000000000002        4.9000000000000004        2.5502497662342620E-014
   2.7000000000000002        5.0000000000000000        9.4761336941707752E-015

   2.8000000000000007       -5.0000000000000000        5.4672535379919467E-015
   2.8000000000000007       -4.9000000000000004        1.4713661190517319E-014
   2.8000000000000007       -4.7999999999999998        3.8813821014339611E-014
   2.8000000000000007       -4.7000000000000002        1.0036127191173389E-013
   2.8000000000000007       -4.5999999999999996        2.5436656473769228E-013
   2.8000000000000007       -4.5000000000000000        6.3192858851753455E-013
   2.8000000000000007       -4.4000000000000004        1.5388280433968019E-012
   2.8000000000000007       -4.2999999999999998        3.6730453584913698E-012
   2.8000000000000007       -4.2000000000000002        8.5936290099756874E-012
   2.8000000000000007       -4.0999999999999996        1.9707930455455216E-011
   2.8000000000000007       -4.0000000000000000        4.4301614271682192E-011
   2.8000000000000007       -3.8999999999999999        9.7614018563593467E-011
   2.8000000000000007       -3.7999999999999998        2.1082346318998332E-010
   2.8000000000000007       -3.7000000000000002        4.4631327507553632E-010
   2.8000000000000007       -3.5999999999999996        9.2613602205677541E-010
   2.8000000000000007       -3.5000000000000000        1.8837525731813502E-009
   2.8000000000000007       -3.3999999999999999        3.7556667659382893E-009
   2.8000000000000007       -3.2999999999999998        7.3394641578686725E-009
   2.8000000000000007       -3.2000000000000002        1.4059043257481513E-008
   2.8000000000000007       -3.0999999999999996        2.6397408354582390E-008
   2.8000000000000007       -3.0000000000000000        4.8582619182234123E-008
   2.8000000000000007       -2.8999999999999999        8.7642482194436055E-008
   2.8000000000000007       -2.7999999999999998        1.5497531357028912E-007
   2.8000000000000007       -2.6999999999999997        2.6861142994064969E-007
   2.8000000000000007       -2.5999999999999996        4.5635263679039859E-007
   2.8000000000000007       -2.5000000000000000        7.5996002783738734E-007
   2.8000000000000007       -2.3999999999999999        1.2404950799567068E-006
   2.8000000000000007       -2.2999999999999998        1.9847849246454408E-006
   2.8000000000000007       -2.1999999999999997        3.1127623828986289E-006
   2.8000000000000007       -2.0999999999999996        4.7851173921289918E-006
   2.8000000000000007       -2.0000000000000000        7.2102999903128029E-006
   2.8000000000000007       -1.8999999999999999        1.0649474603824200E-005
   2.8000000000000007       -1.7999999999999998        1.5417613011934306E-005
   2.8000000000000007       -1.6999999999999997        2.1878634302005112E-005
   2.8000000000000007       -1.5999999999999996        3.0432483008403570E-005
   2.8000000000000007       -1.5000000000000000        4.1492411619058149E-005
   2.8000000000000007       -1.3999999999999999        5.5451599432176749E-005
   2.8000000000000007       -1.2999999999999998        7.2639623992451426E-005
   2.8000000000000007       -1.1999999999999997        9.3271123464948479E-005
   2.8000000000000007       -1.0999999999999996        1.1739103691911754E-004
   2.8000000000000007       -1.0000000000000000        1.4482274668268749E-004
   2.8000000000000007      -0.89999999999999947        1.7512684815765780E-004
   2.8000000000000007      -0.79999999999999982        2.0757870271771679E-004
   2.8000000000000007      -0.70000000000000018        2.4117204487855755E-004
   2.8000000000000007      -0.59999999999999964        2.7465356997214107E-004
   2.8000000000000007      -0.50000000000000000        3.0658975713314260E-004
   2.8000000000000007      -0.39999999999999947        3.3546262790251066E-004
   2.8000000000000007      -0.29999999999999982        3.5978641293048143E-004
   2.8000000000000007      -0.19999999999999929        3.7823305678262408E-004
   2.8000000000000007       -9.9999999999999645E-002   3.8975196825275307E-004
   2.8000000000000007        0.0000000000000000        3.9366904065507650E-004
   2.8000000000000007       0.10000000000000053        3.8975196825275307E-004
   2.8000000000000007       0.20000000000000018        3.7823305678262408E-004
   2.8000000000000007       0.30000000000000071        3.5978641293048111E-004
   2.8000000000000007       0.40000000000000036        3.3546262790251006E-004
   2.8000000000000007       0.50000000000000000        3.0658975713314260E-004
   2.8000000000000007       0.60000000000000053        2.7465356997214107E-004
   2.8000000000000007       0.70000000000000018        2.4117204487855755E-004
   2.8000000000000007       0.80000000000000071        2.0757870271771644E-004
   2.8000000000000007       0.90000000000000036        1.7512684815765750E-004
   2.8000000000000007        1.0000000000000000        1.4482274668268749E-004
   2.8000000000000007        1.1000000000000005        1.1739103691911734E-004
   2.8000000000000007        1.2000000000000002        9.3271123464948316E-005
   2.8000000000000007        1.3000000000000007        7.2639623992451304E-005
   2.8000000000000007        1.4000000000000004        5.5451599432176647E-005
   2.8000000000000007        1.5000000000000000        4.1492411619058149E-005
   2.8000000000000007        1.6000000000000005        3.0432483008403462E-005
   2.8000000000000007        1.7000000000000002        2.1878634302005112E-005
   2.8000000000000007        1.8000000000000007        1.5417613011934249E-005
   2.8000000000000007        1.9000000000000004        1.0649474603824181E-005
   2.8000000000000007        2.0000000000000000        7.2102999903128029E-006
   2.8000000000000007        2.1000000000000005        4.7851173921289749E-006
   2.8000000000000007        2.2000000000000002        3.1127623828986234E-006
   2.8000000000000007        2.3000000000000007        1.9847849246454302E-006
   2.8000000000000007        2.4000000000000004        1.2404950799567068E-006
   2.8000000000000007        2.5000000000000000        7.5996002783738734E-007
   2.8000000000000007        2.6000000000000005        4.5635263679039616E-007
   2.8000000000000007        2.7000000000000002        2.6861142994064874E-007
   2.8000000000000007        2.8000000000000007        1.5497531357028830E-007
   2.8000000000000007        2.9000000000000004        8.7642482194435738E-008
   2.8000000000000007        3.0000000000000000        4.8582619182234123E-008
   2.8000000000000007        3.0999999999999996        2.6397408354582390E-008
   2.8000000000000007        3.2000000000000011        1.4059043257481414E-008
   2.8000000000000007        3.3000000000000007        7.3394641578686469E-009
   2.8000000000000007        3.4000000000000004        3.7556667659382760E-009
   2.8000000000000007        3.5000000000000000        1.8837525731813502E-009
   2.8000000000000007        3.5999999999999996        9.2613602205677541E-010
   2.8000000000000007        3.7000000000000011        4.4631327507553311E-010
   2.8000000000000007        3.8000000000000007        2.1082346318998257E-010
   2.8000000000000007        3.9000000000000004        9.7614018563593118E-011
   2.8000000000000007        4.0000000000000000        4.4301614271682192E-011
   2.8000000000000007        4.0999999999999996        1.9707930455455216E-011
   2.8000000000000007        4.2000000000000011        8.5936290099756260E-012
   2.8000000000000007        4.3000000000000007        3.6730453584913431E-012
   2.8000000000000007        4.4000000000000004        1.5388280433968019E-012
   2.8000000000000007        4.5000000000000000        6.3192858851753455E-013
   2.8000000000000007        4.6000000000000014        2.5436656473768778E-013
   2.8000000000000007        4.7000000000000011        1.0036127191173318E-013
   2.8000000000000007        4.8000000000000007        3.8813821014339340E-014
   2.8000000000000007        4.9000000000000004        1.4713661190517319E-014
   2.8000000000000007        5.0000000000000000        5.4672535379919467E-015

   2.9000000000000004       -5.0000000000000000        3.0918709555544908E-015
   2.9000000000000004       -4.9000000000000004        8.3209496996436578E-015
   2.9000000000000004       -4.7999999999999998        2.1950203156739715E-014
   2.9000000000000004       -4.7000000000000002        5.6756852326326823E-014
   2.9000000000000004       -4.5999999999999996        1.4385076311377761E-013
   2.9000000000000004       -4.5000000000000000        3.5737169224815786E-013
   2.9000000000000004       -4.4000000000000004        8.7024640432512951E-013
   2.9000000000000004       -4.2999999999999998        2.0772005877241373E-012
   2.9000000000000004       -4.2000000000000002        4.8599158158875681E-012
   2.9000000000000004       -4.0999999999999996        1.1145336016681316E-011
   2.9000000000000004       -4.0000000000000000        2.5053689846090740E-011
   2.9000000000000004       -3.8999999999999999        5.5203210671401131E-011
   2.9000000000000004       -3.7999999999999998        1.1922603150867141E-010
   2.9000000000000004       -3.7000000000000002        2.5240151068452068E-010
   2.9000000000000004       -3.5999999999999996        5.2375348016910381E-010
   2.9000000000000004       -3.5000000000000000        1.0653100003497648E-009
   2.9000000000000004       -3.3999999999999999        2.1239250954165296E-009
   2.9000000000000004       -3.2999999999999998        4.1506536876982236E-009
   2.9000000000000004       -3.2000000000000002        7.9507466058829993E-009
   2.9000000000000004       -3.0999999999999996        1.4928405940256080E-008
   2.9000000000000004       -3.0000000000000000        2.7474707026205491E-008
   2.9000000000000004       -2.8999999999999999        4.9564053191724981E-008
   2.9000000000000004       -2.7999999999999998        8.7642482194436360E-008
   2.9000000000000004       -2.6999999999999997        1.5190659675689639E-007
   2.9000000000000004       -2.5999999999999996        2.5807902512258108E-007
   2.9000000000000004       -2.5000000000000000        4.2977672813685158E-007
   2.9000000000000004       -2.3999999999999999        7.0153152429713628E-007
   2.9000000000000004       -2.2999999999999998        1.1224463652343422E-006
   2.9000000000000004       -2.1999999999999997        1.7603463121561693E-006
   2.9000000000000004       -2.0999999999999996        2.7061056124125422E-006
   2.9000000000000004       -2.0000000000000000        4.0776080651769220E-006
   2.9000000000000004       -1.8999999999999999        6.0225487972472796E-006
   2.9000000000000004       -1.7999999999999998        8.7190523622738515E-006
   2.9000000000000004       -1.6999999999999997        1.2372924261788221E-005
   2.9000000000000004       -1.5999999999999996        1.7210343304043663E-005
   2.9000000000000004       -1.5000000000000000        2.3465014283569664E-005
   2.9000000000000004       -1.3999999999999999        3.1359290095472860E-005
   2.9000000000000004       -1.2999999999999998        4.1079555225300649E-005
   2.9000000000000004       -1.1999999999999997        5.2747193015513757E-005
   2.9000000000000004       -1.0999999999999996        6.6387617653077731E-005
   2.9000000000000004       -1.0000000000000000        8.1900947351398892E-005
   2.9000000000000004      -0.89999999999999947        9.9038687632426974E-005
   2.9000000000000004      -0.79999999999999982        1.1739103691911796E-004
   2.9000000000000004      -0.70000000000000018        1.3638892648201116E-004
   2.9000000000000004      -0.59999999999999964        1.5532358064888958E-004
   2.9000000000000004      -0.50000000000000000        1.7338430690350525E-004
   2.9000000000000004      -0.39999999999999947        1.8971264981186719E-004
   2.9000000000000004      -0.29999999999999982        2.0346836901064382E-004
   2.9000000000000004      -0.19999999999999929        2.1390041536766111E-004
   2.9000000000000004       -9.9999999999999645E-002   2.2041465283014676E-004
   2.9000000000000004        0.0000000000000000        2.2262985691888859E-004
   2.9000000000000004       0.10000000000000053        2.2041465283014676E-004
   2.9000000000000004       0.20000000000000018        2.1390041536766073E-004
   2.9000000000000004       0.30000000000000071        2.0346836901064382E-004
   2.9000000000000004       0.40000000000000036        1.8971264981186719E-004
   2.9000000000000004       0.50000000000000000        1.7338430690350525E-004
   2.9000000000000004       0.60000000000000053        1.5532358064888931E-004
   2.9000000000000004       0.70000000000000018        1.3638892648201116E-004
   2.9000000000000004       0.80000000000000071        1.1739103691911776E-004
   2.9000000000000004       0.90000000000000036        9.9038687632426798E-005
   2.9000000000000004        1.0000000000000000        8.1900947351398892E-005
   2.9000000000000004        1.1000000000000005        6.6387617653077609E-005
   2.9000000000000004        1.2000000000000002        5.2747193015513757E-005
   2.9000000000000004        1.3000000000000007        4.1079555225300575E-005
   2.9000000000000004        1.4000000000000004        3.1359290095472806E-005
   2.9000000000000004        1.5000000000000000        2.3465014283569664E-005
   2.9000000000000004        1.6000000000000005        1.7210343304043602E-005
   2.9000000000000004        1.7000000000000002        1.2372924261788199E-005
   2.9000000000000004        1.8000000000000007        8.7190523622738363E-006
   2.9000000000000004        1.9000000000000004        6.0225487972472695E-006
   2.9000000000000004        2.0000000000000000        4.0776080651769220E-006
   2.9000000000000004        2.1000000000000005        2.7061056124125324E-006
   2.9000000000000004        2.2000000000000002        1.7603463121561630E-006
   2.9000000000000004        2.3000000000000007        1.1224463652343361E-006
   2.9000000000000004        2.4000000000000004        7.0153152429713501E-007
   2.9000000000000004        2.5000000000000000        4.2977672813685158E-007
   2.9000000000000004        2.6000000000000005        2.5807902512257970E-007
   2.9000000000000004        2.7000000000000002        1.5190659675689586E-007
   2.9000000000000004        2.8000000000000007        8.7642482194435738E-008
   2.9000000000000004        2.9000000000000004        4.9564053191724803E-008
   2.9000000000000004        3.0000000000000000        2.7474707026205491E-008
   2.9000000000000004        3.0999999999999996        1.4928405940256080E-008
   2.9000000000000004        3.2000000000000011        7.9507466058829712E-009
   2.9000000000000004        3.3000000000000007        4.1506536876982087E-009
   2.9000000000000004        3.4000000000000004        2.1239250954165143E-009
   2.9000000000000004        3.5000000000000000        1.0653100003497648E-009
   2.9000000000000004        3.5999999999999996        5.2375348016910381E-010
   2.9000000000000004        3.7000000000000011        2.5240151068451887E-010
   2.9000000000000004        3.8000000000000007        1.1922603150867056E-010
   2.9000000000000004        3.9000000000000004        5.5203210671400937E-011
   2.9000000000000004        4.0000000000000000        2.5053689846090740E-011
   2.9000000000000004        4.0999999999999996        1.1145336016681316E-011
   2.9000000000000004        4.2000000000000011        4.8599158158875334E-012
   2.9000000000000004        4.3000000000000007        2.0772005877241223E-012
   2.9000000000000004        4.4000000000000004        8.7024640432512951E-013
   2.9000000000000004        4.5000000000000000        3.5737169224815786E-013
   2.9000000000000004        4.6000000000000014        1.4385076311377556E-013
   2.9000000000000004        4.7000000000000011        5.6756852326326420E-014
   2.9000000000000004        4.8000000000000007        2.1950203156739561E-014
   2.9000000000000004        4.9000000000000004        8.3209496996436578E-015
   2.9000000000000004        5.0000000000000000        3.0918709555544908E-015

   3.0000000000000000       -5.0000000000000000        1.7139084315420130E-015
   3.0000000000000000       -4.9000000000000004        4.6125294534158972E-015
   3.0000000000000000       -4.7999999999999998        1.2167596515246377E-014
   3.0000000000000000       -4.7000000000000002        3.1461871840130253E-014
   3.0000000000000000       -4.5999999999999996        7.9740402923847413E-014
   3.0000000000000000       -4.5000000000000000        1.9810087980489796E-013
   3.0000000000000000       -4.4000000000000004        4.8240132635951708E-013
   3.0000000000000000       -4.2999999999999998        1.1514489616420434E-012
   3.0000000000000000       -4.2000000000000002        2.6939839382592521E-012
   3.0000000000000000       -4.0999999999999996        6.1781638515806612E-012
   3.0000000000000000       -4.0000000000000000        1.3887943864964021E-011
   3.0000000000000000       -3.8999999999999999        3.0600645880104759E-011
   3.0000000000000000       -3.7999999999999998        6.6090242315872849E-011
   3.0000000000000000       -3.7000000000000002        1.3991304408063802E-010
   3.0000000000000000       -3.5999999999999996        2.9033084453238783E-010
   3.0000000000000000       -3.5000000000000000        5.9053039989440393E-010
   3.0000000000000000       -3.3999999999999999        1.1773496311217238E-009
   3.0000000000000000       -3.2999999999999998        2.3008205885750249E-009
   3.0000000000000000       -3.2000000000000002        4.4073157776512375E-009
   3.0000000000000000       -3.0999999999999996        8.2752227302766396E-009
   3.0000000000000000       -3.0000000000000000        1.5229979744712629E-008
   3.0000000000000000       -2.8999999999999999        2.7474707026205587E-008
   3.0000000000000000       -2.7999999999999998        4.8582619182234295E-008
   3.0000000000000000       -2.6999999999999997        8.4205971313510062E-008
   3.0000000000000000       -2.5999999999999996        1.4306024524312927E-007
   3.0000000000000000       -2.5000000000000000        2.3823696675018180E-007
   3.0000000000000000       -2.3999999999999999        3.8887806501929212E-007
   3.0000000000000000       -2.2999999999999998        6.2220264590047089E-007
   3.0000000000000000       -2.1999999999999997        9.7580799140993231E-007
   3.0000000000000000       -2.0999999999999996        1.5000681763334576E-006
   3.0000000000000000       -2.0000000000000000        2.2603294069810542E-006
   3.0000000000000000       -1.8999999999999999        3.3384631219591622E-006
   3.0000000000000000       -1.7999999999999998        4.8332086214372719E-006
   3.0000000000000000       -1.6999999999999997        6.8586495102627828E-006
   3.0000000000000000       -1.5999999999999996        9.5401628730792476E-006
   3.0000000000000000       -1.5000000000000000        1.3007297654067620E-005
   3.0000000000000000       -1.3999999999999999        1.7383310129825222E-005
   3.0000000000000000       -1.2999999999999998        2.2771518306142183E-005
   3.0000000000000000       -1.1999999999999997        2.9239208281656749E-005
   3.0000000000000000       -1.0999999999999996        3.6800467833623275E-005
   3.0000000000000000       -1.0000000000000000        4.5399929762484854E-005
   3.0000000000000000      -0.89999999999999947        5.4899846798952354E-005
   3.0000000000000000      -0.79999999999999982        6.5073054747542944E-005
   3.0000000000000000      -0.70000000000000018        7.5604103284627693E-005
   3.0000000000000000      -0.59999999999999964        8.6100098716340351E-005
   3.0000000000000000      -0.50000000000000000        9.6111652061394695E-005
   3.0000000000000000      -0.39999999999999947        1.0516289805000093E-004
   3.0000000000000000      -0.29999999999999982        1.1278806852302912E-004
   3.0000000000000000      -0.19999999999999929        1.1857083645433903E-004
   3.0000000000000000       -9.9999999999999645E-002   1.2218185601903451E-004
   3.0000000000000000        0.0000000000000000        1.2340980408667956E-004
   3.0000000000000000       0.10000000000000053        1.2218185601903451E-004
   3.0000000000000000       0.20000000000000018        1.1857083645433882E-004
   3.0000000000000000       0.30000000000000071        1.1278806852302912E-004
   3.0000000000000000       0.40000000000000036        1.0516289805000093E-004
   3.0000000000000000       0.50000000000000000        9.6111652061394695E-005
   3.0000000000000000       0.60000000000000053        8.6100098716340202E-005
   3.0000000000000000       0.70000000000000018        7.5604103284627693E-005
   3.0000000000000000       0.80000000000000071        6.5073054747542944E-005
   3.0000000000000000       0.90000000000000036        5.4899846798952252E-005
   3.0000000000000000        1.0000000000000000        4.5399929762484854E-005
   3.0000000000000000        1.1000000000000005        3.6800467833623207E-005
   3.0000000000000000        1.2000000000000002        2.9239208281656698E-005
   3.0000000000000000        1.3000000000000007        2.2771518306142142E-005
   3.0000000000000000        1.4000000000000004        1.7383310129825191E-005
   3.0000000000000000        1.5000000000000000        1.3007297654067620E-005
   3.0000000000000000        1.6000000000000005        9.5401628730792137E-006
   3.0000000000000000        1.7000000000000002        6.8586495102627709E-006
   3.0000000000000000        1.8000000000000007        4.8332086214372549E-006
   3.0000000000000000        1.9000000000000004        3.3384631219591562E-006
   3.0000000000000000        2.0000000000000000        2.2603294069810542E-006
   3.0000000000000000        2.1000000000000005        1.5000681763334523E-006
   3.0000000000000000        2.2000000000000002        9.7580799140993231E-007
   3.0000000000000000        2.3000000000000007        6.2220264590046867E-007
   3.0000000000000000        2.4000000000000004        3.8887806501929143E-007
   3.0000000000000000        2.5000000000000000        2.3823696675018180E-007
   3.0000000000000000        2.6000000000000005        1.4306024524312874E-007
   3.0000000000000000        2.7000000000000002        8.4205971313510062E-008
   3.0000000000000000        2.8000000000000007        4.8582619182234123E-008
   3.0000000000000000        2.9000000000000004        2.7474707026205491E-008
   3.0000000000000000        3.0000000000000000        1.5229979744712629E-008
   3.0000000000000000        3.0999999999999996        8.2752227302766396E-009
   3.0000000000000000        3.2000000000000011        4.4073157776512060E-009
   3.0000000000000000        3.3000000000000007        2.3008205885750166E-009
   3.0000000000000000        3.4000000000000004        1.1773496311217197E-009
   3.0000000000000000        3.5000000000000000        5.9053039989440393E-010
   3.0000000000000000        3.5999999999999996        2.9033084453238783E-010
   3.0000000000000000        3.7000000000000011        1.3991304408063704E-010
   3.0000000000000000        3.8000000000000007        6.6090242315872383E-011
   3.0000000000000000        3.9000000000000004        3.0600645880104759E-011
   3.0000000000000000        4.0000000000000000        1.3887943864964021E-011
   3.0000000000000000        4.0999999999999996        6.1781638515806612E-012
   3.0000000000000000        4.2000000000000011        2.6939839382592327E-012
   3.0000000000000000        4.3000000000000007        1.1514489616420351E-012
   3.0000000000000000        4.4000000000000004        4.8240132635951708E-013
   3.0000000000000000        4.5000000000000000        1.9810087980489796E-013
   3.0000000000000000        4.6000000000000014        7.9740402923845999E-014
   3.0000000000000000        4.7000000000000011        3.1461871840130026E-014
   3.0000000000000000        4.8000000000000007        1.2167596515246290E-014
   3.0000000000000000        4.9000000000000004        4.6125294534158972E-015
   3.0000000000000000        5.0000000000000000        1.7139084315420130E-015

   3.0999999999999996       -5.0000000000000000        9.3125363579246603E-016
   3.0999999999999996       -4.9000000000000004        2.5062218871452567E-015
   3.0999999999999996       -4.7999999999999998        6.6112741411069776E-015
   3.0999999999999996       -4.7000000000000002        1.7094835407045314E-014
   3.0999999999999996       -4.5999999999999996        4.3327017229023301E-014
   3.0999999999999996       -4.5000000000000000        1.0763828520641439E-013
   3.0999999999999996       -4.4000000000000004        2.6211317992013606E-013
   3.0999999999999996       -4.2999999999999998        6.2564079400313716E-013
   3.0999999999999996       -4.2000000000000002        1.4637785141259089E-012
   3.0999999999999996       -4.0999999999999996        3.3569106980410252E-012
   3.0999999999999996       -4.0000000000000000        7.5460263686860725E-012
   3.0999999999999996       -3.8999999999999999        1.6626887533196000E-011
   3.0999999999999996       -3.7999999999999998        3.5910190599673815E-011
   3.0999999999999996       -3.7000000000000002        7.6021874096073780E-011
   3.0999999999999996       -3.5999999999999996        1.5775151669580706E-010
   3.0999999999999996       -3.5000000000000000        3.2086520599753649E-010
   3.0999999999999996       -3.3999999999999999        6.3971394527453303E-010
   3.0999999999999996       -3.2999999999999998        1.2501528663867471E-009
   3.0999999999999996       -3.2000000000000002        2.3947188580725559E-009
   3.0999999999999996       -3.0999999999999996        4.4963494622808858E-009
   3.0999999999999996       -3.0000000000000000        8.2752227302766396E-009
   3.0999999999999996       -2.8999999999999999        1.4928405940256133E-008
   3.0999999999999996       -2.7999999999999998        2.6397408354582579E-008
   3.0999999999999996       -2.6999999999999997        4.5753387694458279E-008
   3.0999999999999996       -2.5999999999999996        7.7731908582865402E-008
   3.0999999999999996       -2.5000000000000000        1.2944626292938430E-007
   3.0999999999999996       -2.3999999999999999        2.1129723459224270E-007
   3.0999999999999996       -2.2999999999999998        3.3807434839047489E-007
   3.0999999999999996       -2.1999999999999997        5.3020612018243098E-007
   3.0999999999999996       -2.0999999999999996        8.1506334728178612E-007
   3.0999999999999996       -2.0000000000000000        1.2281519476778074E-006
   3.0999999999999996       -1.8999999999999999        1.8139568386896829E-006
   3.0999999999999996       -1.7999999999999998        2.6261281048763081E-006
   3.0999999999999996       -1.6999999999999997        3.7266531720786841E-006
   3.0999999999999996       -1.5999999999999996        5.1836557881998982E-006
   3.0999999999999996       -1.5000000000000000        7.0675264846483610E-006
   3.0999999999999996       -1.3999999999999999        9.4452366664321135E-006
   3.0999999999999996       -1.2999999999999998        1.2372924261788265E-005
   3.0999999999999996       -1.1999999999999997        1.5887149230888543E-005
   3.0999999999999996       -1.0999999999999996        1.9995566179747428E-005
   3.0999999999999996       -1.0000000000000000        2.4668091292367449E-005
   3.0999999999999996      -0.89999999999999947        2.9829879470267725E-005
   3.0999999999999996      -0.79999999999999982        3.5357500850410110E-005
   3.0999999999999996      -0.70000000000000018        4.1079555225300799E-005
   3.0999999999999996      -0.59999999999999964        4.6782563464923863E-005
   3.0999999999999996      -0.50000000000000000        5.2222349675744871E-005
   3.0999999999999996      -0.39999999999999947        5.7140352049861158E-005
   3.0999999999999996      -0.29999999999999982        6.1283495053222241E-005
   3.0999999999999996      -0.19999999999999929        6.4425567034355648E-005
   3.0999999999999996       -9.9999999999999645E-002   6.6387617653077962E-005
   3.0999999999999996        0.0000000000000000        6.7054824302811242E-005
   3.0999999999999996       0.10000000000000053        6.6387617653077962E-005
   3.0999999999999996       0.20000000000000018        6.4425567034355526E-005
   3.0999999999999996       0.30000000000000071        6.1283495053222241E-005
   3.0999999999999996       0.40000000000000036        5.7140352049861158E-005
   3.0999999999999996       0.50000000000000000        5.2222349675744871E-005
   3.0999999999999996       0.60000000000000053        4.6782563464923781E-005
   3.0999999999999996       0.70000000000000018        4.1079555225300799E-005
   3.0999999999999996       0.80000000000000071        3.5357500850410042E-005
   3.0999999999999996       0.90000000000000036        2.9829879470267674E-005
   3.0999999999999996        1.0000000000000000        2.4668091292367449E-005
   3.0999999999999996        1.1000000000000005        1.9995566179747390E-005
   3.0999999999999996        1.2000000000000002        1.5887149230888543E-005
   3.0999999999999996        1.3000000000000007        1.2372924261788243E-005
   3.0999999999999996        1.4000000000000004        9.4452366664320965E-006
   3.0999999999999996        1.5000000000000000        7.0675264846483610E-006
   3.0999999999999996        1.6000000000000005        5.1836557881998796E-006
   3.0999999999999996        1.7000000000000002        3.7266531720786777E-006
   3.0999999999999996        1.8000000000000007        2.6261281048763035E-006
   3.0999999999999996        1.9000000000000004        1.8139568386896797E-006
   3.0999999999999996        2.0000000000000000        1.2281519476778074E-006
   3.0999999999999996        2.1000000000000005        8.1506334728178315E-007
   3.0999999999999996        2.2000000000000002        5.3020612018242907E-007
   3.0999999999999996        2.3000000000000007        3.3807434839047309E-007
   3.0999999999999996        2.4000000000000004        2.1129723459224233E-007
   3.0999999999999996        2.5000000000000000        1.2944626292938430E-007
   3.0999999999999996        2.6000000000000005        7.7731908582865124E-008
   3.0999999999999996        2.7000000000000002        4.5753387694458114E-008
   3.0999999999999996        2.8000000000000007        2.6397408354582390E-008
   3.0999999999999996        2.9000000000000004        1.4928405940256080E-008
   3.0999999999999996        3.0000000000000000        8.2752227302766396E-009
   3.0999999999999996        3.0999999999999996        4.4963494622808858E-009
   3.0999999999999996        3.2000000000000011        2.3947188580725476E-009
   3.0999999999999996        3.3000000000000007        1.2501528663867426E-009
   3.0999999999999996        3.4000000000000004        6.3971394527452848E-010
   3.0999999999999996        3.5000000000000000        3.2086520599753649E-010
   3.0999999999999996        3.5999999999999996        1.5775151669580706E-010
   3.0999999999999996        3.7000000000000011        7.6021874096073237E-011
   3.0999999999999996        3.8000000000000007        3.5910190599673563E-011
   3.0999999999999996        3.9000000000000004        1.6626887533195942E-011
   3.0999999999999996        4.0000000000000000        7.5460263686860725E-012
   3.0999999999999996        4.0999999999999996        3.3569106980410252E-012
   3.0999999999999996        4.2000000000000011        1.4637785141258986E-012
   3.0999999999999996        4.3000000000000007        6.2564079400313272E-013
   3.0999999999999996        4.4000000000000004        2.6211317992013606E-013
   3.0999999999999996        4.5000000000000000        1.0763828520641439E-013
   3.0999999999999996        4.6000000000000014        4.3327017229022682E-014
   3.0999999999999996        4.7000000000000011        1.7094835407045194E-014
   3.0999999999999996        4.8000000000000007        6.6112741411069311E-015
   3.0999999999999996        4.9000000000000004        2.5062218871452567E-015
   3.0999999999999996        5.0000000000000000        9.3125363579246603E-016

   3.2000000000000011       -5.0000000000000000        4.9597805108092579E-016
   3.2000000000000011       -4.9000000000000004        1.3347932285975839E-015
   3.2000000000000011       -4.7999999999999998        3.5211104017624585E-015
   3.2000000000000011       -4.7000000000000002        9.1045691773546509E-015
   3.2000000000000011       -4.5999999999999996        2.3075614138262160E-014
   3.2000000000000011       -4.5000000000000000        5.7327268175377745E-014
   3.2000000000000011       -4.4000000000000004        1.3959933056130880E-013
   3.2000000000000011       -4.2999999999999998        3.3321115726151276E-013
   3.2000000000000011       -4.2000000000000002        7.7959643511351022E-013
   3.2000000000000011       -4.0999999999999996        1.7878631144889727E-012
   3.2000000000000011       -4.0000000000000000        4.0189517741440128E-012
   3.2000000000000011       -3.8999999999999999        8.8553439764438975E-012
   3.2000000000000011       -3.7999999999999998        1.9125473085981043E-011
   3.2000000000000011       -3.7000000000000002        4.0488626840747126E-011
   3.2000000000000011       -3.5999999999999996        8.4017164388588684E-011
   3.2000000000000011       -3.5000000000000000        1.7089017794267538E-010
   3.2000000000000011       -3.3999999999999999        3.4070640224298791E-010
   3.2000000000000011       -3.2999999999999998        6.6582116664284605E-010
   3.2000000000000011       -3.2000000000000002        1.2754076295260305E-009
   3.2000000000000011       -3.0999999999999996        2.3947188580725476E-009
   3.2000000000000011       -3.0000000000000000        4.4073157776512060E-009
   3.2000000000000011       -2.8999999999999999        7.9507466058829993E-009
   3.2000000000000011       -2.7999999999999998        1.4059043257481513E-008
   3.2000000000000011       -2.6999999999999997        2.4367879154358104E-008
   3.2000000000000011       -2.5999999999999996        4.1399377187851371E-008
   3.2000000000000011       -2.5000000000000000        6.8942018307172338E-008
   3.2000000000000011       -2.3999999999999999        1.1253517471925831E-007
   3.2000000000000011       -2.2999999999999998        1.8005562608351448E-007
   3.2000000000000011       -2.1999999999999997        2.8238343245283755E-007
   3.2000000000000011       -2.0999999999999996        4.3409605606351237E-007
   3.2000000000000011       -2.0000000000000000        6.5410365772384571E-007
   3.2000000000000011       -1.8999999999999999        9.6609853966650656E-007
   3.2000000000000011       -1.7999999999999998        1.3986542970508893E-006
   3.2000000000000011       -1.6999999999999997        1.9847849246454336E-006
   3.2000000000000011       -1.5999999999999996        2.7607725720371842E-006
   3.2000000000000011       -1.5000000000000000        3.7641066591227789E-006
   3.2000000000000011       -1.3999999999999999        5.0304556071114119E-006
   3.2000000000000011       -1.2999999999999998        6.5897180163076829E-006
   3.2000000000000011       -1.1999999999999997        8.4613654217441903E-006
   3.2000000000000011       -1.0999999999999996        1.0649474603824181E-005
   3.2000000000000011       -1.0000000000000000        1.3138023168804412E-005
   3.2000000000000011      -0.89999999999999947        1.5887149230888405E-005
   3.2000000000000011      -0.79999999999999982        1.8831115057022635E-005
   3.2000000000000011      -0.70000000000000018        2.1878634302005034E-005
   3.2000000000000011      -0.59999999999999964        2.4916009731503028E-005
   3.2000000000000011      -0.50000000000000000        2.7813195266616644E-005
   3.2000000000000011      -0.39999999999999947        3.0432483008403411E-005
   3.2000000000000011      -0.29999999999999982        3.2639087002392599E-005
   3.2000000000000011      -0.19999999999999929        3.4312528777717724E-005
   3.2000000000000011       -9.9999999999999645E-002   3.5357500850409730E-005
   3.2000000000000011        0.0000000000000000        3.5712849641634954E-005
   3.2000000000000011       0.10000000000000053        3.5357500850409730E-005
   3.2000000000000011       0.20000000000000018        3.4312528777717663E-005
   3.2000000000000011       0.30000000000000071        3.2639087002392599E-005
   3.2000000000000011       0.40000000000000036        3.0432483008403411E-005
   3.2000000000000011       0.50000000000000000        2.7813195266616644E-005
   3.2000000000000011       0.60000000000000053        2.4916009731502984E-005
   3.2000000000000011       0.70000000000000018        2.1878634302005034E-005
   3.2000000000000011       0.80000000000000071        1.8831115057022605E-005
   3.2000000000000011       0.90000000000000036        1.5887149230888374E-005
   3.2000000000000011        1.0000000000000000        1.3138023168804412E-005
   3.2000000000000011        1.1000000000000005        1.0649474603824163E-005
   3.2000000000000011        1.2000000000000002        8.4613654217441903E-006
   3.2000000000000011        1.3000000000000007        6.5897180163076711E-006
   3.2000000000000011        1.4000000000000004        5.0304556071114034E-006
   3.2000000000000011        1.5000000000000000        3.7641066591227789E-006
   3.2000000000000011        1.6000000000000005        2.7607725720371745E-006
   3.2000000000000011        1.7000000000000002        1.9847849246454302E-006
   3.2000000000000011        1.8000000000000007        1.3986542970508867E-006
   3.2000000000000011        1.9000000000000004        9.6609853966650486E-007
   3.2000000000000011        2.0000000000000000        6.5410365772384571E-007
   3.2000000000000011        2.1000000000000005        4.3409605606351078E-007
   3.2000000000000011        2.2000000000000002        2.8238343245283655E-007
   3.2000000000000011        2.3000000000000007        1.8005562608351353E-007
   3.2000000000000011        2.4000000000000004        1.1253517471925831E-007
   3.2000000000000011        2.5000000000000000        6.8942018307172338E-008
   3.2000000000000011        2.6000000000000005        4.1399377187851225E-008
   3.2000000000000011        2.7000000000000002        2.4367879154358018E-008
   3.2000000000000011        2.8000000000000007        1.4059043257481414E-008
   3.2000000000000011        2.9000000000000004        7.9507466058829712E-009
   3.2000000000000011        3.0000000000000000        4.4073157776512060E-009
   3.2000000000000011        3.0999999999999996        2.3947188580725476E-009
   3.2000000000000011        3.2000000000000011        1.2754076295260260E-009
   3.2000000000000011        3.3000000000000007        6.6582116664284377E-010
   3.2000000000000011        3.4000000000000004        3.4070640224298548E-010
   3.2000000000000011        3.5000000000000000        1.7089017794267538E-010
   3.2000000000000011        3.5999999999999996        8.4017164388588684E-011
   3.2000000000000011        3.7000000000000011        4.0488626840746842E-011
   3.2000000000000011        3.8000000000000007        1.9125473085980908E-011
   3.2000000000000011        3.9000000000000004        8.8553439764438668E-012
   3.2000000000000011        4.0000000000000000        4.0189517741440128E-012
   3.2000000000000011        4.0999999999999996        1.7878631144889727E-012
   3.2000000000000011        4.2000000000000011        7.7959643511350466E-013
   3.2000000000000011        4.3000000000000007        3.3321115726151038E-013
   3.2000000000000011        4.4000000000000004        1.3959933056130880E-013
   3.2000000000000011        4.5000000000000000        5.7327268175377745E-014
   3.2000000000000011        4.6000000000000014        2.3075614138261832E-014
   3.2000000000000011        4.7000000000000011        9.1045691773545862E-015
   3.2000000000000011        4.8000000000000007        3.5211104017624337E-015
   3.2000000000000011        4.9000000000000004        1.3347932285975839E-015
   3.2000000000000011        5.0000000000000000        4.9597805108092579E-016

   3.3000000000000007       -5.0000000000000000        2.5892324693295902E-016
   3.3000000000000007       -4.9000000000000004        6.9682316783857612E-016
   3.3000000000000007       -4.7999999999999998        1.8381808147493786E-015
   3.3000000000000007       -4.7000000000000002        4.7530018882665541E-015
   3.3000000000000007       -4.5999999999999996        1.2046526907046657E-014
   3.3000000000000007       -4.5000000000000000        2.9927458244202302E-014
   3.3000000000000007       -4.4000000000000004        7.2877240958196404E-014
   3.3000000000000007       -4.2999999999999998        1.7395147741802374E-013
   3.3000000000000007       -4.2000000000000002        4.0698502652895352E-013
   3.3000000000000007       -4.0999999999999996        9.3334638834576652E-013
   3.3000000000000007       -4.0000000000000000        2.0980768006980852E-012
   3.3000000000000007       -3.8999999999999999        4.6228949246686624E-012
   3.3000000000000007       -3.7999999999999998        9.9843724530928941E-012
   3.3000000000000007       -3.7000000000000002        2.1136916649064788E-011
   3.3000000000000007       -3.5999999999999996        4.3860805844498812E-011
   3.3000000000000007       -3.5000000000000000        8.9212495684912663E-011
   3.3000000000000007       -3.3999999999999999        1.7786433840639205E-010
   3.3000000000000007       -3.2999999999999998        3.4758912812399220E-010
   3.3000000000000007       -3.2000000000000002        6.6582116664284605E-010
   3.3000000000000007       -3.0999999999999996        1.2501528663867426E-009
   3.3000000000000007       -3.0000000000000000        2.3008205885750166E-009
   3.3000000000000007       -2.8999999999999999        4.1506536876982087E-009
   3.3000000000000007       -2.7999999999999998        7.3394641578686725E-009
   3.3000000000000007       -2.6999999999999997        1.2721148401155467E-008
   3.3000000000000007       -2.5999999999999996        2.1612370021454267E-008
   3.3000000000000007       -2.5000000000000000        3.5990889498640152E-008
   3.3000000000000007       -2.3999999999999999        5.8748512699251945E-008
   3.3000000000000007       -2.2999999999999998        9.3997279178959689E-008
   3.3000000000000007       -2.1999999999999997        1.4741707833928370E-007
   3.3000000000000007       -2.0999999999999996        2.2661801277657059E-007
   3.3000000000000007       -2.0000000000000000        3.4147205207866790E-007
   3.3000000000000007       -1.8999999999999999        5.0434766256788633E-007
   3.3000000000000007       -1.7999999999999998        7.3016156892406799E-007
   3.3000000000000007       -1.6999999999999997        1.0361485876900833E-006
   3.3000000000000007       -1.5999999999999996        1.4412496618296644E-006
   3.3000000000000007       -1.5000000000000000        1.9650359846730705E-006
   3.3000000000000007       -1.3999999999999999        2.6261281048762942E-006
   3.3000000000000007       -1.2999999999999998        3.4401344604594171E-006
   3.3000000000000007       -1.1999999999999997        4.4172200840532617E-006
   3.3000000000000007       -1.0999999999999996        5.5595132416501265E-006
   3.3000000000000007       -1.0000000000000000        6.8586495102627463E-006
   3.3000000000000007      -0.89999999999999947        8.2938191607573416E-006
   3.3000000000000007      -0.79999999999999982        9.8307040872194619E-006
   3.3000000000000007      -0.70000000000000018        1.1421648638660464E-005
   3.3000000000000007      -0.59999999999999964        1.3007297654067575E-005
   3.3000000000000007      -0.50000000000000000        1.4519761127166746E-005
   3.3000000000000007      -0.39999999999999947        1.5887149230888432E-005
   3.3000000000000007      -0.29999999999999982        1.7039097526934480E-005
   3.3000000000000007      -0.19999999999999929        1.7912710738398423E-005
   3.3000000000000007       -9.9999999999999645E-002   1.8458233995780494E-005
   3.3000000000000007        0.0000000000000000        1.8643742331516753E-005
   3.3000000000000007       0.10000000000000053        1.8458233995780494E-005
   3.3000000000000007       0.20000000000000018        1.7912710738398393E-005
   3.3000000000000007       0.30000000000000071        1.7039097526934480E-005
   3.3000000000000007       0.40000000000000036        1.5887149230888432E-005
   3.3000000000000007       0.50000000000000000        1.4519761127166746E-005
   3.3000000000000007       0.60000000000000053        1.3007297654067551E-005
   3.3000000000000007       0.70000000000000018        1.1421648638660464E-005
   3.3000000000000007       0.80000000000000071        9.8307040872194619E-006
   3.3000000000000007       0.90000000000000036        8.2938191607573264E-006
   3.3000000000000007        1.0000000000000000        6.8586495102627463E-006
   3.3000000000000007        1.1000000000000005        5.5595132416501164E-006
   3.3000000000000007        1.2000000000000002        4.4172200840532541E-006
   3.3000000000000007        1.3000000000000007        3.4401344604594107E-006
   3.3000000000000007        1.4000000000000004        2.6261281048762895E-006
   3.3000000000000007        1.5000000000000000        1.9650359846730705E-006
   3.3000000000000007        1.6000000000000005        1.4412496618296594E-006
   3.3000000000000007        1.7000000000000002        1.0361485876900816E-006
   3.3000000000000007        1.8000000000000007        7.3016156892406534E-007
   3.3000000000000007        1.9000000000000004        5.0434766256788538E-007
   3.3000000000000007        2.0000000000000000        3.4147205207866790E-007
   3.3000000000000007        2.1000000000000005        2.2661801277656980E-007
   3.3000000000000007        2.2000000000000002        1.4741707833928370E-007
   3.3000000000000007        2.3000000000000007        9.3997279178959358E-008
   3.3000000000000007        2.4000000000000004        5.8748512699251945E-008
   3.3000000000000007        2.5000000000000000        3.5990889498640152E-008
   3.3000000000000007        2.6000000000000005        2.1612370021454187E-008
   3.3000000000000007        2.7000000000000002        1.2721148401155420E-008
   3.3000000000000007        2.8000000000000007        7.3394641578686469E-009
   3.3000000000000007        2.9000000000000004        4.1506536876982087E-009
   3.3000000000000007        3.0000000000000000        2.3008205885750166E-009
   3.3000000000000007        3.0999999999999996        1.2501528663867426E-009
   3.3000000000000007        3.2000000000000011        6.6582116664284377E-010
   3.3000000000000007        3.3000000000000007        3.4758912812398977E-010
   3.3000000000000007        3.4000000000000004        1.7786433840639141E-010
   3.3000000000000007        3.5000000000000000        8.9212495684912663E-011
   3.3000000000000007        3.5999999999999996        4.3860805844498812E-011
   3.3000000000000007        3.7000000000000011        2.1136916649064639E-011
   3.3000000000000007        3.8000000000000007        9.9843724530928586E-012
   3.3000000000000007        3.9000000000000004        4.6228949246686293E-012
   3.3000000000000007        4.0000000000000000        2.0980768006980852E-012
   3.3000000000000007        4.0999999999999996        9.3334638834576652E-013
   3.3000000000000007        4.2000000000000011        4.0698502652895059E-013
   3.3000000000000007        4.3000000000000007        1.7395147741802250E-013
   3.3000000000000007        4.4000000000000004        7.2877240958196404E-014
   3.3000000000000007        4.5000000000000000        2.9927458244202302E-014
   3.3000000000000007        4.6000000000000014        1.2046526907046399E-014
   3.3000000000000007        4.7000000000000011        4.7530018882664862E-015
   3.3000000000000007        4.8000000000000007        1.8381808147493786E-015
   3.3000000000000007        4.9000000000000004        6.9682316783857612E-016
   3.3000000000000007        5.0000000000000000        2.5892324693295902E-016

   3.4000000000000004       -5.0000000000000000        1.3249324644393799E-016
   3.4000000000000004       -4.9000000000000004        3.5657039218339040E-016
   3.4000000000000004       -4.7999999999999998        9.4061289042991754E-016
   3.4000000000000004       -4.7000000000000002        2.4321518364616251E-015
   3.4000000000000004       -4.5999999999999996        6.1643111508721504E-015
   3.4000000000000004       -4.5000000000000000        1.5314137094906921E-014
   3.4000000000000004       -4.4000000000000004        3.7291909323725911E-014
   3.4000000000000004       -4.2999999999999998        8.9012463113444959E-014
   3.4000000000000004       -4.2000000000000002        2.0825772910554945E-013
   3.4000000000000004       -4.0999999999999996        4.7760135296261903E-013
   3.4000000000000004       -4.0000000000000000        1.0736038957721583E-012
   3.4000000000000004       -3.8999999999999999        2.3655749871588228E-012
   3.4000000000000004       -3.7999999999999998        5.1090890280633251E-012
   3.4000000000000004       -3.7000000000000002        1.0815941557285654E-011
   3.4000000000000004       -3.5999999999999996        2.2443950579260199E-011
   3.4000000000000004       -3.5000000000000000        4.5650799287714802E-011
   3.4000000000000004       -3.3999999999999999        9.1014707644879351E-011
   3.4000000000000004       -3.2999999999999998        1.7786433840639205E-010
   3.4000000000000004       -3.2000000000000002        3.4070640224298791E-010
   3.4000000000000004       -3.0999999999999996        6.3971394527452848E-010
   3.4000000000000004       -3.0000000000000000        1.1773496311217197E-009
   3.4000000000000004       -2.8999999999999999        2.1239250954165221E-009
   3.4000000000000004       -2.7999999999999998        3.7556667659382893E-009
   3.4000000000000004       -2.6999999999999997        6.5095207561668245E-009
   3.4000000000000004       -2.5999999999999996        1.1059235126274890E-008
   3.4000000000000004       -2.5000000000000000        1.8416846878621793E-008
   3.4000000000000004       -2.3999999999999999        3.0062117880409006E-008
   3.4000000000000004       -2.2999999999999998        4.8099214044470131E-008
   3.4000000000000004       -2.1999999999999997        7.5434583498442318E-008
   3.4000000000000004       -2.0999999999999996        1.1596238101871167E-007
   3.4000000000000004       -2.0000000000000000        1.7473417812302764E-007
   3.4000000000000004       -1.8999999999999999        2.5807902512258060E-007
   3.4000000000000004       -1.7999999999999998        3.7362993798852602E-007
   3.4000000000000004       -1.6999999999999997        5.3020612018242812E-007
   3.4000000000000004       -1.5999999999999996        7.3749981469019431E-007
   3.4000000000000004       -1.5000000000000000        1.0055257690164368E-006
   3.4000000000000004       -1.3999999999999999        1.3438122776315191E-006
   3.4000000000000004       -1.2999999999999998        1.7603463121561662E-006
   3.4000000000000004       -1.1999999999999997        2.2603294069810504E-006
   3.4000000000000004       -1.0999999999999996        2.8448506140702418E-006
   3.4000000000000004       -1.0000000000000000        3.5096297864329224E-006
   3.4000000000000004      -0.89999999999999947        4.2440184071699223E-006
   3.4000000000000004      -0.79999999999999982        5.0304556071114297E-006
   3.4000000000000004      -0.70000000000000018        5.8445555808665563E-006
   3.4000000000000004      -0.59999999999999964        6.6559457834091616E-006
   3.4000000000000004      -0.50000000000000000        7.4298863161828352E-006
   3.4000000000000004      -0.39999999999999947        8.1295905380204968E-006
   3.4000000000000004      -0.29999999999999982        8.7190523622738515E-006
   3.4000000000000004      -0.19999999999999929        9.1660877362476019E-006
   3.4000000000000004       -9.9999999999999645E-002   9.4452366664320626E-006
   3.4000000000000004        0.0000000000000000        9.5401628730792137E-006
   3.4000000000000004       0.10000000000000053        9.4452366664320626E-006
   3.4000000000000004       0.20000000000000018        9.1660877362475850E-006
   3.4000000000000004       0.30000000000000071        8.7190523622738515E-006
   3.4000000000000004       0.40000000000000036        8.1295905380204968E-006
   3.4000000000000004       0.50000000000000000        7.4298863161828352E-006
   3.4000000000000004       0.60000000000000053        6.6559457834091498E-006
   3.4000000000000004       0.70000000000000018        5.8445555808665563E-006
   3.4000000000000004       0.80000000000000071        5.0304556071114297E-006
   3.4000000000000004       0.90000000000000036        4.2440184071699147E-006
   3.4000000000000004        1.0000000000000000        3.5096297864329224E-006
   3.4000000000000004        1.1000000000000005        2.8448506140702371E-006
   3.4000000000000004        1.2000000000000002        2.2603294069810462E-006
   3.4000000000000004        1.3000000000000007        1.7603463121561630E-006
   3.4000000000000004        1.4000000000000004        1.3438122776315165E-006
   3.4000000000000004        1.5000000000000000        1.0055257690164368E-006
   3.4000000000000004        1.6000000000000005        7.3749981469019166E-007
   3.4000000000000004        1.7000000000000002        5.3020612018242717E-007
   3.4000000000000004        1.8000000000000007        3.7362993798852469E-007
   3.4000000000000004        1.9000000000000004        2.5807902512258012E-007
   3.4000000000000004        2.0000000000000000        1.7473417812302764E-007
   3.4000000000000004        2.1000000000000005        1.1596238101871126E-007
   3.4000000000000004        2.2000000000000002        7.5434583498442318E-008
   3.4000000000000004        2.3000000000000007        4.8099214044469959E-008
   3.4000000000000004        2.4000000000000004        3.0062117880408900E-008
   3.4000000000000004        2.5000000000000000        1.8416846878621793E-008
   3.4000000000000004        2.6000000000000005        1.1059235126274850E-008
   3.4000000000000004        2.7000000000000002        6.5095207561668245E-009
   3.4000000000000004        2.8000000000000007        3.7556667659382760E-009
   3.4000000000000004        2.9000000000000004        2.1239250954165143E-009
   3.4000000000000004        3.0000000000000000        1.1773496311217197E-009
   3.4000000000000004        3.0999999999999996        6.3971394527452848E-010
   3.4000000000000004        3.2000000000000011        3.4070640224298548E-010
   3.4000000000000004        3.3000000000000007        1.7786433840639141E-010
   3.4000000000000004        3.4000000000000004        9.1014707644879028E-011
   3.4000000000000004        3.5000000000000000        4.5650799287714802E-011
   3.4000000000000004        3.5999999999999996        2.2443950579260199E-011
   3.4000000000000004        3.7000000000000011        1.0815941557285577E-011
   3.4000000000000004        3.8000000000000007        5.1090890280632887E-012
   3.4000000000000004        3.9000000000000004        2.3655749871588228E-012
   3.4000000000000004        4.0000000000000000        1.0736038957721583E-012
   3.4000000000000004        4.0999999999999996        4.7760135296261903E-013
   3.4000000000000004        4.2000000000000011        2.0825772910554796E-013
   3.4000000000000004        4.3000000000000007        8.9012463113444328E-014
   3.4000000000000004        4.4000000000000004        3.7291909323725911E-014
   3.4000000000000004        4.5000000000000000        1.5314137094906921E-014
   3.4000000000000004        4.6000000000000014        6.1643111508720628E-015
   3.4000000000000004        4.7000000000000011        2.4321518364616078E-015
   3.4000000000000004        4.8000000000000007        9.4061289042991084E-016
   3.4000000000000004        4.9000000000000004        3.5657039218339040E-016
   3.4000000000000004        5.0000000000000000        1.3249324644393799E-016

   3.5000000000000000       -5.0000000000000000        6.6455441729150706E-017
   3.5000000000000000       -4.9000000000000004        1.7884717565668714E-016
   3.5000000000000000       -4.7999999999999998        4.7178891609469954E-016
   3.5000000000000000       -4.7000000000000002        1.2199091575042126E-015
   3.5000000000000000       -4.5999999999999996        3.0918709555545129E-015
   3.5000000000000000       -4.5000000000000000        7.6812046852020953E-015
   3.5000000000000000       -4.4000000000000004        1.8704729286562271E-014
   3.5000000000000000       -4.2999999999999998        4.4646521346329090E-014
   3.5000000000000000       -4.2000000000000002        1.0445709311738519E-013
   3.5000000000000000       -4.0999999999999996        2.3955340919962067E-013
   3.5000000000000000       -4.0000000000000000        5.3849402177540356E-013
   3.5000000000000000       -3.8999999999999999        1.1865158031401098E-012
   3.5000000000000000       -3.7999999999999998        2.5625967912045225E-012
   3.5000000000000000       -3.7000000000000002        5.4250174495515417E-012
   3.5000000000000000       -3.5999999999999996        1.1257348505858177E-011
   3.5000000000000000       -3.5000000000000000        2.2897348456455530E-011
   3.5000000000000000       -3.3999999999999999        4.5650799287714964E-011
   3.5000000000000000       -3.2999999999999998        8.9212495684912973E-011
   3.5000000000000000       -3.2000000000000002        1.7089017794267659E-010
   3.5000000000000000       -3.0999999999999996        3.2086520599753649E-010
   3.5000000000000000       -3.0000000000000000        5.9053039989440393E-010
   3.5000000000000000       -2.8999999999999999        1.0653100003497685E-009
   3.5000000000000000       -2.7999999999999998        1.8837525731813568E-009
   3.5000000000000000       -2.6999999999999997        3.2650198323820608E-009
   3.5000000000000000       -2.5999999999999996        5.5470476815142135E-009
   3.5000000000000000       -2.5000000000000000        9.2374496619705944E-009
   3.5000000000000000       -2.3999999999999999        1.5078438914255965E-008
   3.5000000000000000       -2.2999999999999998        2.4125414705592195E-008
   3.5000000000000000       -2.1999999999999997        3.7836181862783926E-008
   3.5000000000000000       -2.0999999999999996        5.8163955230905806E-008
   3.5000000000000000       -2.0000000000000000        8.7642482194436360E-008
   3.5000000000000000       -1.8999999999999999        1.2944626292938406E-007
   3.5000000000000000       -1.7999999999999998        1.8740383558167940E-007
   3.5000000000000000       -1.6999999999999997        2.6593870155586755E-007
   3.5000000000000000       -1.5999999999999996        3.6991225798925289E-007
   3.5000000000000000       -1.5000000000000000        5.0434766256788803E-007
   3.5000000000000000       -1.3999999999999999        6.7402407977712173E-007
   3.5000000000000000       -1.2999999999999998        8.8294758344621936E-007
   3.5000000000000000       -1.1999999999999997        1.1337271387479661E-006
   3.5000000000000000       -1.0999999999999996        1.4269089880855095E-006
   3.5000000000000000       -1.0000000000000000        1.7603463121561693E-006
   3.5000000000000000      -0.89999999999999947        2.1286980697122769E-006
   3.5000000000000000      -0.79999999999999982        2.5231561490262545E-006
   3.5000000000000000      -0.70000000000000018        2.9314892136891307E-006
   3.5000000000000000      -0.59999999999999964        3.3384631219591622E-006
   3.5000000000000000      -0.50000000000000000        3.7266531720786709E-006
   3.5000000000000000      -0.39999999999999947        4.0776080651769296E-006
   3.5000000000000000      -0.29999999999999982        4.3732680098504342E-006
   3.5000000000000000      -0.19999999999999929        4.5974902554616621E-006
   3.5000000000000000       -9.9999999999999645E-002   4.7375046785475790E-006
   3.5000000000000000        0.0000000000000000        4.7851173921290088E-006
   3.5000000000000000       0.10000000000000053        4.7375046785475790E-006
   3.5000000000000000       0.20000000000000018        4.5974902554616536E-006
   3.5000000000000000       0.30000000000000071        4.3732680098504342E-006
   3.5000000000000000       0.40000000000000036        4.0776080651769296E-006
   3.5000000000000000       0.50000000000000000        3.7266531720786709E-006
   3.5000000000000000       0.60000000000000053        3.3384631219591562E-006
   3.5000000000000000       0.70000000000000018        2.9314892136891307E-006
   3.5000000000000000       0.80000000000000071        2.5231561490262545E-006
   3.5000000000000000       0.90000000000000036        2.1286980697122731E-006
   3.5000000000000000        1.0000000000000000        1.7603463121561693E-006
   3.5000000000000000        1.1000000000000005        1.4269089880855070E-006
   3.5000000000000000        1.2000000000000002        1.1337271387479642E-006
   3.5000000000000000        1.3000000000000007        8.8294758344621777E-007
   3.5000000000000000        1.4000000000000004        6.7402407977712056E-007
   3.5000000000000000        1.5000000000000000        5.0434766256788803E-007
   3.5000000000000000        1.6000000000000005        3.6991225798925157E-007
   3.5000000000000000        1.7000000000000002        2.6593870155586708E-007
   3.5000000000000000        1.8000000000000007        1.8740383558167874E-007
   3.5000000000000000        1.9000000000000004        1.2944626292938382E-007
   3.5000000000000000        2.0000000000000000        8.7642482194436360E-008
   3.5000000000000000        2.1000000000000005        5.8163955230905396E-008
   3.5000000000000000        2.2000000000000002        3.7836181862783926E-008
   3.5000000000000000        2.3000000000000007        2.4125414705592109E-008
   3.5000000000000000        2.4000000000000004        1.5078438914255912E-008
   3.5000000000000000        2.5000000000000000        9.2374496619705944E-009
   3.5000000000000000        2.6000000000000005        5.5470476815141944E-009
   3.5000000000000000        2.7000000000000002        3.2650198323820608E-009
   3.5000000000000000        2.8000000000000007        1.8837525731813502E-009
   3.5000000000000000        2.9000000000000004        1.0653100003497648E-009
   3.5000000000000000        3.0000000000000000        5.9053039989440393E-010
   3.5000000000000000        3.0999999999999996        3.2086520599753649E-010
   3.5000000000000000        3.2000000000000011        1.7089017794267538E-010
   3.5000000000000000        3.3000000000000007        8.9212495684912663E-011
   3.5000000000000000        3.4000000000000004        4.5650799287714802E-011
   3.5000000000000000        3.5000000000000000        2.2897348456455530E-011
   3.5000000000000000        3.5999999999999996        1.1257348505858177E-011
   3.5000000000000000        3.7000000000000011        5.4250174495515029E-012
   3.5000000000000000        3.8000000000000007        2.5625967912045043E-012
   3.5000000000000000        3.9000000000000004        1.1865158031401098E-012
   3.5000000000000000        4.0000000000000000        5.3849402177540356E-013
   3.5000000000000000        4.0999999999999996        2.3955340919962067E-013
   3.5000000000000000        4.2000000000000011        1.0445709311738445E-013
   3.5000000000000000        4.3000000000000007        4.4646521346328775E-014
   3.5000000000000000        4.4000000000000004        1.8704729286562271E-014
   3.5000000000000000        4.5000000000000000        7.6812046852020953E-015
   3.5000000000000000        4.6000000000000014        3.0918709555544691E-015
   3.5000000000000000        4.7000000000000011        1.2199091575042039E-015
   3.5000000000000000        4.8000000000000007        4.7178891609469618E-016
   3.5000000000000000        4.9000000000000004        1.7884717565668714E-016
   3.5000000000000000        5.0000000000000000        6.6455441729150706E-017

   3.5999999999999996       -5.0000000000000000        3.2672432315842433E-017
   3.5999999999999996       -4.9000000000000004        8.7929176143892754E-017
   3.5999999999999996       -4.7999999999999998        2.3195228302435696E-016
   3.5999999999999996       -4.7000000000000002        5.9976125871644440E-016
   3.5999999999999996       -4.5999999999999996        1.5201004145964753E-015
   3.5999999999999996       -4.5000000000000000        3.7764197129896124E-015
   3.5999999999999996       -4.4000000000000004        9.1960716188165430E-015
   3.5999999999999996       -4.2999999999999998        2.1950203156739873E-014
   3.5999999999999996       -4.2000000000000002        5.1355723714802279E-014
   3.5999999999999996       -4.0999999999999996        1.1777504361498601E-013
   3.5999999999999996       -4.0000000000000000        2.6474746117329646E-013
   3.5999999999999996       -3.8999999999999999        5.8334360980957535E-013
   3.5999999999999996       -3.7999999999999998        1.2598858428277908E-012
   3.5999999999999996       -3.7000000000000002        2.6671783501965065E-012
   3.5999999999999996       -3.5999999999999996        5.5346100717010531E-012
   3.5999999999999996       -3.5000000000000000        1.1257348505858177E-011
   3.5999999999999996       -3.3999999999999999        2.2443950579260280E-011
   3.5999999999999996       -3.2999999999999998        4.3860805844499129E-011
   3.5999999999999996       -3.2000000000000002        8.4017164388588981E-011
   3.5999999999999996       -3.0999999999999996        1.5775151669580706E-010
   3.5999999999999996       -3.0000000000000000        2.9033084453238783E-010
   3.5999999999999996       -2.8999999999999999        5.2375348016910381E-010
   3.5999999999999996       -2.7999999999999998        9.2613602205677872E-010
   3.5999999999999996       -2.6999999999999997        1.6052280551856172E-009
   3.5999999999999996       -2.5999999999999996        2.7271738056557703E-009
   3.5999999999999996       -2.5000000000000000        4.5415385256456086E-009
   3.5999999999999996       -2.3999999999999999        7.4132269989635538E-009
   3.5999999999999996       -2.2999999999999998        1.1861120151343871E-008
   3.5999999999999996       -2.1999999999999997        1.8601939266915577E-008
   3.5999999999999996       -2.0999999999999996        2.8595971090654165E-008
   3.5999999999999996       -2.0000000000000000        4.3088917821970704E-008
   3.5999999999999996       -1.8999999999999999        6.3641504052238278E-008
   3.5999999999999996       -1.7999999999999998        9.2136008345661680E-008
   3.5999999999999996       -1.6999999999999997        1.3074721950024596E-007
   3.5999999999999996       -1.5999999999999996        1.8186521521010020E-007
   3.5999999999999996       -1.5000000000000000        2.4795960180450362E-007
   3.5999999999999996       -1.3999999999999999        3.3138002777138940E-007
   3.5999999999999996       -1.2999999999999998        4.3409605606351618E-007
   3.5999999999999996       -1.1999999999999997        5.5739036926946157E-007
   3.5999999999999996       -1.0999999999999996        7.0153152429713998E-007
   3.5999999999999996       -1.0000000000000000        8.6546404989339174E-007
   3.5999999999999996      -0.89999999999999947        1.0465620541204007E-006
   3.5999999999999996      -0.79999999999999982        1.2404950799567155E-006
   3.5999999999999996      -0.70000000000000018        1.4412496618296723E-006
   3.5999999999999996      -0.59999999999999964        1.6413360223486448E-006
   3.5999999999999996      -0.50000000000000000        1.8321874080019830E-006
   3.5999999999999996      -0.39999999999999947        2.0047323447642754E-006
   3.5999999999999996      -0.29999999999999982        2.1500918409846347E-006
   3.5999999999999996      -0.19999999999999929        2.2603294069810623E-006
   3.5999999999999996       -9.9999999999999645E-002   2.3291666856520983E-006
   3.5999999999999996        0.0000000000000000        2.3525752000097794E-006
   3.5999999999999996       0.10000000000000053        2.3291666856520983E-006
   3.5999999999999996       0.20000000000000018        2.2603294069810585E-006
   3.5999999999999996       0.30000000000000071        2.1500918409846347E-006
   3.5999999999999996       0.40000000000000036        2.0047323447642754E-006
   3.5999999999999996       0.50000000000000000        1.8321874080019830E-006
   3.5999999999999996       0.60000000000000053        1.6413360223486418E-006
   3.5999999999999996       0.70000000000000018        1.4412496618296723E-006
   3.5999999999999996       0.80000000000000071        1.2404950799567155E-006
   3.5999999999999996       0.90000000000000036        1.0465620541203988E-006
   3.5999999999999996        1.0000000000000000        8.6546404989339174E-007
   3.5999999999999996        1.1000000000000005        7.0153152429713871E-007
   3.5999999999999996        1.2000000000000002        5.5739036926946061E-007
   3.5999999999999996        1.3000000000000007        4.3409605606351544E-007
   3.5999999999999996        1.4000000000000004        3.3138002777138881E-007
   3.5999999999999996        1.5000000000000000        2.4795960180450362E-007
   3.5999999999999996        1.6000000000000005        1.8186521521009957E-007
   3.5999999999999996        1.7000000000000002        1.3074721950024572E-007
   3.5999999999999996        1.8000000000000007        9.2136008345661349E-008
   3.5999999999999996        1.9000000000000004        6.3641504052238053E-008
   3.5999999999999996        2.0000000000000000        4.3088917821970704E-008
   3.5999999999999996        2.1000000000000005        2.8595971090654165E-008
   3.5999999999999996        2.2000000000000002        1.8601939266915577E-008
   3.5999999999999996        2.3000000000000007        1.1861120151343830E-008
   3.5999999999999996        2.4000000000000004        7.4132269989635538E-009
   3.5999999999999996        2.5000000000000000        4.5415385256456086E-009
   3.5999999999999996        2.6000000000000005        2.7271738056557604E-009
   3.5999999999999996        2.7000000000000002        1.6052280551856116E-009
   3.5999999999999996        2.8000000000000007        9.2613602205677541E-010
   3.5999999999999996        2.9000000000000004        5.2375348016910381E-010
   3.5999999999999996        3.0000000000000000        2.9033084453238783E-010
   3.5999999999999996        3.0999999999999996        1.5775151669580706E-010
   3.5999999999999996        3.2000000000000011        8.4017164388588684E-011
   3.5999999999999996        3.3000000000000007        4.3860805844498812E-011
   3.5999999999999996        3.4000000000000004        2.2443950579260199E-011
   3.5999999999999996        3.5000000000000000        1.1257348505858177E-011
   3.5999999999999996        3.5999999999999996        5.5346100717010531E-012
   3.5999999999999996        3.7000000000000011        2.6671783501964875E-012
   3.5999999999999996        3.8000000000000007        1.2598858428277863E-012
   3.5999999999999996        3.9000000000000004        5.8334360980957121E-013
   3.5999999999999996        4.0000000000000000        2.6474746117329646E-013
   3.5999999999999996        4.0999999999999996        1.1777504361498601E-013
   3.5999999999999996        4.2000000000000011        5.1355723714801913E-014
   3.5999999999999996        4.3000000000000007        2.1950203156739715E-014
   3.5999999999999996        4.4000000000000004        9.1960716188165430E-015
   3.5999999999999996        4.5000000000000000        3.7764197129896124E-015
   3.5999999999999996        4.6000000000000014        1.5201004145964429E-015
   3.5999999999999996        4.7000000000000011        5.9976125871643592E-016
   3.5999999999999996        4.8000000000000007        2.3195228302435696E-016
   3.5999999999999996        4.9000000000000004        8.7929176143892754E-017
   3.5999999999999996        5.0000000000000000        3.2672432315842433E-017

   3.7000000000000011       -5.0000000000000000        1.5745138861117835E-017
   3.7000000000000011       -4.9000000000000004        4.2373860474966101E-017
   3.7000000000000011       -4.7999999999999998        1.1177989046138422E-016
   3.7000000000000011       -4.7000000000000002        2.8903034248326508E-016
   3.7000000000000011       -4.5999999999999996        7.3255005563387205E-016
   3.7000000000000011       -4.5000000000000000        1.8198906100435234E-015
   3.7000000000000011       -4.4000000000000004        4.4316695866210040E-015
   3.7000000000000011       -4.2999999999999998        1.0578000235539168E-014
   3.7000000000000011       -4.2000000000000002        2.4748784950751552E-014
   3.7000000000000011       -4.0999999999999996        5.6756852326326823E-014
   3.7000000000000011       -4.0000000000000000        1.2758418164296697E-013
   3.7000000000000011       -3.8999999999999999        2.8111852987890247E-013
   3.7000000000000011       -3.7999999999999998        6.0715031414607737E-013
   3.7000000000000011       -3.7000000000000002        1.2853372251336366E-012
   3.7000000000000011       -3.5999999999999996        2.6671783501964875E-012
   3.7000000000000011       -3.5000000000000000        5.4250174495515029E-012
   3.7000000000000011       -3.3999999999999999        1.0815941557285616E-011
   3.7000000000000011       -3.2999999999999998        2.1136916649064788E-011
   3.7000000000000011       -3.2000000000000002        4.0488626840746984E-011
   3.7000000000000011       -3.0999999999999996        7.6021874096073237E-011
   3.7000000000000011       -3.0000000000000000        1.3991304408063704E-010
   3.7000000000000011       -2.8999999999999999        2.5240151068451887E-010
   3.7000000000000011       -2.7999999999999998        4.4631327507553471E-010
   3.7000000000000011       -2.6999999999999997        7.7357383093895200E-010
   3.7000000000000011       -2.5999999999999996        1.3142495744840115E-009
   3.7000000000000011       -2.5000000000000000        2.1886082443495981E-009
   3.7000000000000011       -2.3999999999999999        3.5725007363799084E-009
   3.7000000000000011       -2.2999999999999998        5.7159804334726113E-009
   3.7000000000000011       -2.1999999999999997        8.9644417658384667E-009
   3.7000000000000011       -2.0999999999999996        1.3780655548945621E-008
   3.7000000000000011       -2.0000000000000000        2.0764936871665397E-008
   3.7000000000000011       -1.8999999999999999        3.0669412945635332E-008
   3.7000000000000011       -1.7999999999999998        4.4401170732799784E-008
   3.7000000000000011       -1.6999999999999997        6.3008260506464737E-008
   3.7000000000000011       -1.5999999999999996        8.7642482194435738E-008
   3.7000000000000011       -1.5000000000000000        1.1949396128877576E-007
   3.7000000000000011       -1.3999999999999999        1.5969501451937172E-007
   3.7000000000000011       -1.2999999999999998        2.0919479197970668E-007
   3.7000000000000011       -1.1999999999999997        2.6861142994064826E-007
   3.7000000000000011       -1.0999999999999996        3.3807434839047129E-007
   3.7000000000000011       -1.0000000000000000        4.1707490624349637E-007
   3.7000000000000011      -0.89999999999999947        5.0434766256788453E-007
   3.7000000000000011      -0.79999999999999982        5.9780573119379908E-007
   3.7000000000000011      -0.70000000000000018        6.9455116900017543E-007
   3.7000000000000011      -0.59999999999999964        7.9097458492869661E-007
   3.7000000000000011      -0.50000000000000000        8.8294758344621153E-007
   3.7000000000000011      -0.39999999999999947        9.6609853966650486E-007
   3.7000000000000011      -0.29999999999999982        1.0361485876900778E-006
   3.7000000000000011      -0.19999999999999929        1.0892730617894179E-006
   3.7000000000000011       -9.9999999999999645E-002   1.1224463652343342E-006
   3.7000000000000011        0.0000000000000000        1.1337271387479562E-006
   3.7000000000000011       0.10000000000000053        1.1224463652343342E-006
   3.7000000000000011       0.20000000000000018        1.0892730617894160E-006
   3.7000000000000011       0.30000000000000071        1.0361485876900778E-006
   3.7000000000000011       0.40000000000000036        9.6609853966650486E-007
   3.7000000000000011       0.50000000000000000        8.8294758344621153E-007
   3.7000000000000011       0.60000000000000053        7.9097458492869513E-007
   3.7000000000000011       0.70000000000000018        6.9455116900017543E-007
   3.7000000000000011       0.80000000000000071        5.9780573119379908E-007
   3.7000000000000011       0.90000000000000036        5.0434766256788358E-007
   3.7000000000000011        1.0000000000000000        4.1707490624349637E-007
   3.7000000000000011        1.1000000000000005        3.3807434839047071E-007
   3.7000000000000011        1.2000000000000002        2.6861142994064779E-007
   3.7000000000000011        1.3000000000000007        2.0919479197970631E-007
   3.7000000000000011        1.4000000000000004        1.5969501451937146E-007
   3.7000000000000011        1.5000000000000000        1.1949396128877576E-007
   3.7000000000000011        1.6000000000000005        8.7642482194435433E-008
   3.7000000000000011        1.7000000000000002        6.3008260506464737E-008
   3.7000000000000011        1.8000000000000007        4.4401170732799632E-008
   3.7000000000000011        1.9000000000000004        3.0669412945635226E-008
   3.7000000000000011        2.0000000000000000        2.0764936871665397E-008
   3.7000000000000011        2.1000000000000005        1.3780655548945621E-008
   3.7000000000000011        2.2000000000000002        8.9644417658384667E-009
   3.7000000000000011        2.3000000000000007        5.7159804334725906E-009
   3.7000000000000011        2.4000000000000004        3.5725007363799084E-009
   3.7000000000000011        2.5000000000000000        2.1886082443495981E-009
   3.7000000000000011        2.6000000000000005        1.3142495744840070E-009
   3.7000000000000011        2.7000000000000002        7.7357383093894920E-010
   3.7000000000000011        2.8000000000000007        4.4631327507553311E-010
   3.7000000000000011        2.9000000000000004        2.5240151068451887E-010
   3.7000000000000011        3.0000000000000000        1.3991304408063704E-010
   3.7000000000000011        3.0999999999999996        7.6021874096073237E-011
   3.7000000000000011        3.2000000000000011        4.0488626840746842E-011
   3.7000000000000011        3.3000000000000007        2.1136916649064639E-011
   3.7000000000000011        3.4000000000000004        1.0815941557285577E-011
   3.7000000000000011        3.5000000000000000        5.4250174495515029E-012
   3.7000000000000011        3.5999999999999996        2.6671783501964875E-012
   3.7000000000000011        3.7000000000000011        1.2853372251336275E-012
   3.7000000000000011        3.8000000000000007        6.0715031414607525E-013
   3.7000000000000011        3.9000000000000004        2.8111852987890045E-013
   3.7000000000000011        4.0000000000000000        1.2758418164296697E-013
   3.7000000000000011        4.0999999999999996        5.6756852326326823E-014
   3.7000000000000011        4.2000000000000011        2.4748784950751376E-014
   3.7000000000000011        4.3000000000000007        1.0578000235539092E-014
   3.7000000000000011        4.4000000000000004        4.4316695866210040E-015
   3.7000000000000011        4.5000000000000000        1.8198906100435234E-015
   3.7000000000000011        4.6000000000000014        7.3255005563386170E-016
   3.7000000000000011        4.7000000000000011        2.8903034248326508E-016
   3.7000000000000011        4.8000000000000007        1.1177989046138262E-016
   3.7000000000000011        4.9000000000000004        4.2373860474966101E-017
   3.7000000000000011        5.0000000000000000        1.5745138861117835E-017

   3.8000000000000007       -5.0000000000000000        7.4374769662548704E-018
   3.8000000000000007       -4.9000000000000004        2.0015994398888616E-017
   3.8000000000000007       -4.7999999999999998        5.2801081523012291E-017
   3.8000000000000007       -4.7000000000000002        1.3652826651637576E-016
   3.8000000000000007       -4.5999999999999996        3.4603214449001314E-016
   3.8000000000000007       -4.5000000000000000        8.5965545383200750E-016
   3.8000000000000007       -4.4000000000000004        2.0933724855193614E-015
   3.8000000000000007       -4.2999999999999998        4.9966935061552786E-015
   3.8000000000000007       -4.2000000000000002        1.1690498231715255E-014
   3.8000000000000007       -4.0999999999999996        2.6810038677817936E-014
   3.8000000000000007       -4.0000000000000000        6.0266500066971972E-014
   3.8000000000000007       -3.8999999999999999        1.3279099087051908E-013
   3.8000000000000007       -3.7999999999999998        2.8679750088880877E-013
   3.8000000000000007       -3.7000000000000002        6.0715031414607960E-013
   3.8000000000000007       -3.5999999999999996        1.2598858428277863E-012
   3.8000000000000007       -3.5000000000000000        2.5625967912045043E-012
   3.8000000000000007       -3.3999999999999999        5.1090890280633065E-012
   3.8000000000000007       -3.2999999999999998        9.9843724530928941E-012
   3.8000000000000007       -3.2000000000000002        1.9125473085981043E-011
   3.8000000000000007       -3.0999999999999996        3.5910190599673563E-011
   3.8000000000000007       -3.0000000000000000        6.6090242315872383E-011
   3.8000000000000007       -2.8999999999999999        1.1922603150867100E-010
   3.8000000000000007       -2.7999999999999998        2.1082346318998332E-010
   3.8000000000000007       -2.6999999999999997        3.6541040381129455E-010
   3.8000000000000007       -2.5999999999999996        6.2080754094036017E-010
   3.8000000000000007       -2.5000000000000000        1.0338253316839875E-009
   3.8000000000000007       -2.3999999999999999        1.6875298575085259E-009
   3.8000000000000007       -2.2999999999999998        2.7000379728945576E-009
   3.8000000000000007       -2.1999999999999997        4.2345024541767060E-009
   3.8000000000000007       -2.0999999999999996        6.5095207561668245E-009
   3.8000000000000007       -2.0000000000000000        9.8086616479534088E-009
   3.8000000000000007       -1.8999999999999999        1.4487204867720463E-008
   3.8000000000000007       -1.7999999999999998        2.0973627956717943E-008
   3.8000000000000007       -1.6999999999999997        2.9762994809646674E-008
   3.8000000000000007       -1.5999999999999996        4.1399377187851523E-008
   3.8000000000000007       -1.5000000000000000        5.6444950567347463E-008
   3.8000000000000007       -1.3999999999999999        7.5434583498442053E-008
   3.8000000000000007       -1.2999999999999998        9.8816622738828243E-008
   3.8000000000000007       -1.1999999999999997        1.2688305518789907E-007
   3.8000000000000007       -1.0999999999999996        1.5969501451937231E-007
   3.8000000000000007       -1.0000000000000000        1.9701223569702299E-007
   3.8000000000000007      -0.89999999999999947        2.3823696675018095E-007
   3.8000000000000007      -0.79999999999999982        2.8238343245283755E-007
   3.8000000000000007      -0.70000000000000018        3.2808274140285596E-007
   3.8000000000000007      -0.59999999999999964        3.7362993798852469E-007
   3.8000000000000007      -0.50000000000000000        4.1707490624349786E-007
   3.8000000000000007      -0.39999999999999947        4.5635263679039695E-007
   3.8000000000000007      -0.29999999999999982        4.8944193649463484E-007
   3.8000000000000007      -0.19999999999999929        5.1453616119111943E-007
   3.8000000000000007       -9.9999999999999645E-002   5.3020612018242632E-007
   3.8000000000000007        0.0000000000000000        5.3553478027930801E-007
   3.8000000000000007       0.10000000000000053        5.3020612018242632E-007
   3.8000000000000007       0.20000000000000018        5.1453616119111848E-007
   3.8000000000000007       0.30000000000000071        4.8944193649463484E-007
   3.8000000000000007       0.40000000000000036        4.5635263679039695E-007
   3.8000000000000007       0.50000000000000000        4.1707490624349786E-007
   3.8000000000000007       0.60000000000000053        3.7362993798852401E-007
   3.8000000000000007       0.70000000000000018        3.2808274140285596E-007
   3.8000000000000007       0.80000000000000071        2.8238343245283755E-007
   3.8000000000000007       0.90000000000000036        2.3823696675018053E-007
   3.8000000000000007        1.0000000000000000        1.9701223569702299E-007
   3.8000000000000007        1.1000000000000005        1.5969501451937202E-007
   3.8000000000000007        1.2000000000000002        1.2688305518789883E-007
   3.8000000000000007        1.3000000000000007        9.8816622738827886E-008
   3.8000000000000007        1.4000000000000004        7.5434583498442053E-008
   3.8000000000000007        1.5000000000000000        5.6444950567347463E-008
   3.8000000000000007        1.6000000000000005        4.1399377187851371E-008
   3.8000000000000007        1.7000000000000002        2.9762994809646674E-008
   3.8000000000000007        1.8000000000000007        2.0973627956717871E-008
   3.8000000000000007        1.9000000000000004        1.4487204867720463E-008
   3.8000000000000007        2.0000000000000000        9.8086616479534088E-009
   3.8000000000000007        2.1000000000000005        6.5095207561667782E-009
   3.8000000000000007        2.2000000000000002        4.2345024541767060E-009
   3.8000000000000007        2.3000000000000007        2.7000379728945481E-009
   3.8000000000000007        2.4000000000000004        1.6875298575085199E-009
   3.8000000000000007        2.5000000000000000        1.0338253316839875E-009
   3.8000000000000007        2.6000000000000005        6.2080754094035800E-010
   3.8000000000000007        2.7000000000000002        3.6541040381129455E-010
   3.8000000000000007        2.8000000000000007        2.1082346318998257E-010
   3.8000000000000007        2.9000000000000004        1.1922603150867056E-010
   3.8000000000000007        3.0000000000000000        6.6090242315872383E-011
   3.8000000000000007        3.0999999999999996        3.5910190599673563E-011
   3.8000000000000007        3.2000000000000011        1.9125473085980908E-011
   3.8000000000000007        3.3000000000000007        9.9843724530928586E-012
   3.8000000000000007        3.4000000000000004        5.1090890280632887E-012
   3.8000000000000007        3.5000000000000000        2.5625967912045043E-012
   3.8000000000000007        3.5999999999999996        1.2598858428277863E-012
   3.8000000000000007        3.7000000000000011        6.0715031414607525E-013
   3.8000000000000007        3.8000000000000007        2.8679750088880675E-013
   3.8000000000000007        3.9000000000000004        1.3279099087051908E-013
   3.8000000000000007        4.0000000000000000        6.0266500066971972E-014
   3.8000000000000007        4.0999999999999996        2.6810038677817936E-014
   3.8000000000000007        4.2000000000000011        1.1690498231715172E-014
   3.8000000000000007        4.3000000000000007        4.9966935061552786E-015
   3.8000000000000007        4.4000000000000004        2.0933724855193614E-015
   3.8000000000000007        4.5000000000000000        8.5965545383200750E-016
   3.8000000000000007        4.6000000000000014        3.4603214449000580E-016
   3.8000000000000007        4.7000000000000011        1.3652826651637477E-016
   3.8000000000000007        4.8000000000000007        5.2801081523011915E-017
   3.8000000000000007        4.9000000000000004        2.0015994398888616E-017
   3.8000000000000007        5.0000000000000000        7.4374769662548704E-018

   3.9000000000000004       -5.0000000000000000        3.4436490306397653E-018
   3.9000000000000004       -4.9000000000000004        9.2676669819298108E-018
   3.9000000000000004       -4.7999999999999998        2.4447590766121310E-017
   3.9000000000000004       -4.7000000000000002        6.3214371590960497E-017
   3.9000000000000004       -4.5999999999999996        1.6021740495463583E-016
   3.9000000000000004       -4.5000000000000000        3.9803170936924064E-016
   3.9000000000000004       -4.4000000000000004        9.6925881763862526E-016
   3.9000000000000004       -4.2999999999999998        2.3135343916957527E-015
   3.9000000000000004       -4.2000000000000002        5.4128534563534879E-015
   3.9000000000000004       -4.0999999999999996        1.2413398269759189E-014
   3.9000000000000004       -4.0000000000000000        2.7904177112387636E-014
   3.9000000000000004       -3.8999999999999999        6.1483964127047563E-014
   3.9000000000000004       -3.7999999999999998        1.3279099087051956E-013
   3.9000000000000004       -3.7000000000000002        2.8111852987890247E-013
   3.9000000000000004       -3.5999999999999996        5.8334360980957121E-013
   3.9000000000000004       -3.5000000000000000        1.1865158031401098E-012
   3.9000000000000004       -3.3999999999999999        2.3655749871588228E-012
   3.9000000000000004       -3.2999999999999998        4.6228949246686624E-012
   3.9000000000000004       -3.2000000000000002        8.8553439764439298E-012
   3.9000000000000004       -3.0999999999999996        1.6626887533195942E-011
   3.9000000000000004       -3.0000000000000000        3.0600645880104759E-011
   3.9000000000000004       -2.8999999999999999        5.5203210671400937E-011
   3.9000000000000004       -2.7999999999999998        9.7614018563593816E-011
   3.9000000000000004       -2.6999999999999997        1.6918979226151304E-010
   3.9000000000000004       -2.5999999999999996        2.8744200436154569E-010
   3.9000000000000004       -2.5000000000000000        4.7867463892087812E-010
   3.9000000000000004       -2.3999999999999999        7.8134837719183247E-010
   3.9000000000000004       -2.2999999999999998        1.2501528663867426E-009
   3.9000000000000004       -2.1999999999999997        1.9606299740797898E-009
   3.9000000000000004       -2.0999999999999996        3.0139931785484283E-009
   3.9000000000000004       -2.0000000000000000        4.5415385256455929E-009
   3.9000000000000004       -1.8999999999999999        6.7077651770566138E-009
   3.9000000000000004       -1.7999999999999998        9.7110638338581326E-009
   3.9000000000000004       -1.6999999999999997        1.3780655548945718E-008
   3.9000000000000004       -1.5999999999999996        1.9168452657921002E-008
   3.9000000000000004       -1.5000000000000000        2.6134749752863247E-008
   3.9000000000000004       -1.3999999999999999        3.4927197962393328E-008
   3.9000000000000004       -1.2999999999999998        4.5753387694457955E-008
   3.9000000000000004       -1.1999999999999997        5.8748512699252157E-008
   3.9000000000000004       -1.0999999999999996        7.3940878666620853E-008
   3.9000000000000004       -1.0000000000000000        9.1219239744933830E-008
   3.9000000000000004      -0.89999999999999947        1.1030682896016135E-007
   3.9000000000000004      -0.79999999999999982        1.3074721950024527E-007
   3.9000000000000004      -0.70000000000000018        1.5190659675689586E-007
   3.9000000000000004      -0.59999999999999964        1.7299554400100107E-007
   3.9000000000000004      -0.50000000000000000        1.9311113205542014E-007
   3.9000000000000004      -0.39999999999999947        2.1129723459224159E-007
   3.9000000000000004      -0.29999999999999982        2.2661801277657059E-007
   3.9000000000000004      -0.19999999999999929        2.3823696675018137E-007
   3.9000000000000004       -9.9999999999999645E-002   2.4549236254305749E-007
   3.9000000000000004        0.0000000000000000        2.4795960180450230E-007
   3.9000000000000004       0.10000000000000053        2.4549236254305749E-007
   3.9000000000000004       0.20000000000000018        2.3823696675018095E-007
   3.9000000000000004       0.30000000000000071        2.2661801277657059E-007
   3.9000000000000004       0.40000000000000036        2.1129723459224159E-007
   3.9000000000000004       0.50000000000000000        1.9311113205542014E-007
   3.9000000000000004       0.60000000000000053        1.7299554400100078E-007
   3.9000000000000004       0.70000000000000018        1.5190659675689586E-007
   3.9000000000000004       0.80000000000000071        1.3074721950024503E-007
   3.9000000000000004       0.90000000000000036        1.1030682896016135E-007
   3.9000000000000004        1.0000000000000000        9.1219239744933830E-008
   3.9000000000000004        1.1000000000000005        7.3940878666620588E-008
   3.9000000000000004        1.2000000000000002        5.8748512699252157E-008
   3.9000000000000004        1.3000000000000007        4.5753387694457790E-008
   3.9000000000000004        1.4000000000000004        3.4927197962393202E-008
   3.9000000000000004        1.5000000000000000        2.6134749752863247E-008
   3.9000000000000004        1.6000000000000005        1.9168452657921002E-008
   3.9000000000000004        1.7000000000000002        1.3780655548945718E-008
   3.9000000000000004        1.8000000000000007        9.7110638338580978E-009
   3.9000000000000004        1.9000000000000004        6.7077651770566138E-009
   3.9000000000000004        2.0000000000000000        4.5415385256455929E-009
   3.9000000000000004        2.1000000000000005        3.0139931785484175E-009
   3.9000000000000004        2.2000000000000002        1.9606299740797832E-009
   3.9000000000000004        2.3000000000000007        1.2501528663867337E-009
   3.9000000000000004        2.4000000000000004        7.8134837719182968E-010
   3.9000000000000004        2.5000000000000000        4.7867463892087812E-010
   3.9000000000000004        2.6000000000000005        2.8744200436154362E-010
   3.9000000000000004        2.7000000000000002        1.6918979226151242E-010
   3.9000000000000004        2.8000000000000007        9.7614018563593118E-011
   3.9000000000000004        2.9000000000000004        5.5203210671400937E-011
   3.9000000000000004        3.0000000000000000        3.0600645880104759E-011
   3.9000000000000004        3.0999999999999996        1.6626887533195942E-011
   3.9000000000000004        3.2000000000000011        8.8553439764438668E-012
   3.9000000000000004        3.3000000000000007        4.6228949246686293E-012
   3.9000000000000004        3.4000000000000004        2.3655749871588228E-012
   3.9000000000000004        3.5000000000000000        1.1865158031401098E-012
   3.9000000000000004        3.5999999999999996        5.8334360980957121E-013
   3.9000000000000004        3.7000000000000011        2.8111852987890045E-013
   3.9000000000000004        3.8000000000000007        1.3279099087051908E-013
   3.9000000000000004        3.9000000000000004        6.1483964127047349E-014
   3.9000000000000004        4.0000000000000000        2.7904177112387636E-014
   3.9000000000000004        4.0999999999999996        1.2413398269759189E-014
   3.9000000000000004        4.2000000000000011        5.4128534563534500E-015
   3.9000000000000004        4.3000000000000007        2.3135343916957365E-015
   3.9000000000000004        4.4000000000000004        9.6925881763862526E-016
   3.9000000000000004        4.5000000000000000        3.9803170936924064E-016
   3.9000000000000004        4.6000000000000014        1.6021740495463243E-016
   3.9000000000000004        4.7000000000000011        6.3214371590960041E-017
   3.9000000000000004        4.8000000000000007        2.4447590766121137E-017
   3.9000000000000004        4.9000000000000004        9.2676669819298108E-018
   3.9000000000000004        5.0000000000000000        3.4436490306397653E-018

   4.0000000000000000       -5.0000000000000000        1.5628821893349888E-018
   4.0000000000000000       -4.9000000000000004        4.2060824241589869E-018
   4.0000000000000000       -4.7999999999999998        1.1095411826397148E-017
   4.0000000000000000       -4.7000000000000002        2.8689513533602258E-017
   4.0000000000000000       -4.5999999999999996        7.2713835352307069E-017
   4.0000000000000000       -4.5000000000000000        1.8064461965456932E-016
   4.0000000000000000       -4.4000000000000004        4.3989306966682363E-016
   4.0000000000000000       -4.2999999999999998        1.0499855423778569E-015
   4.0000000000000000       -4.2000000000000002        2.4565953687921429E-015
   4.0000000000000000       -4.0999999999999996        5.6337561964972140E-015
   4.0000000000000000       -4.0000000000000000        1.2664165549094176E-014
   4.0000000000000000       -3.8999999999999999        2.7904177112387636E-014
   4.0000000000000000       -3.7999999999999998        6.0266500066972401E-014
   4.0000000000000000       -3.7000000000000002        1.2758418164296788E-013
   4.0000000000000000       -3.5999999999999996        2.6474746117329646E-013
   4.0000000000000000       -3.5000000000000000        5.3849402177540356E-013
   4.0000000000000000       -3.3999999999999999        1.0736038957721622E-012
   4.0000000000000000       -3.2999999999999998        2.0980768006980924E-012
   4.0000000000000000       -3.2000000000000002        4.0189517741440411E-012
   4.0000000000000000       -3.0999999999999996        7.5460263686860725E-012
   4.0000000000000000       -3.0000000000000000        1.3887943864964021E-011
   4.0000000000000000       -2.8999999999999999        2.5053689846090828E-011
   4.0000000000000000       -2.7999999999999998        4.4301614271682353E-011
   4.0000000000000000       -2.6999999999999997        7.6785906632790754E-011
   4.0000000000000000       -2.5999999999999996        1.3045405762501584E-010
   4.0000000000000000       -2.5000000000000000        2.1724399350790171E-010
   4.0000000000000000       -2.3999999999999999        3.5461089429082971E-010
   4.0000000000000000       -2.2999999999999998        5.6737537171694200E-010
   4.0000000000000000       -2.1999999999999997        8.8982170921069361E-010
   4.0000000000000000       -2.0999999999999996        1.3678851171007343E-009
   4.0000000000000000       -2.0000000000000000        2.0611536224385579E-009
   4.0000000000000000       -1.8999999999999999        3.0442843135833875E-009
   4.0000000000000000       -1.7999999999999998        4.4073157776512532E-009
   4.0000000000000000       -1.6999999999999997        6.2542787964679351E-009
   4.0000000000000000       -1.5999999999999996        8.6995024724137238E-009
   4.0000000000000000       -1.5000000000000000        1.1861120151343830E-008
   4.0000000000000000       -1.3999999999999999        1.5851527009028729E-008
   4.0000000000000000       -1.2999999999999998        2.0764936871665619E-008
   4.0000000000000000       -1.1999999999999997        2.6662706719135092E-008
   4.0000000000000000       -1.0999999999999996        3.3557682941450082E-008
   4.0000000000000000       -1.0000000000000000        4.1399377187851668E-008
   4.0000000000000000      -0.89999999999999947        5.0062180207670489E-008
   4.0000000000000000      -0.79999999999999982        5.9338945067826102E-008
   4.0000000000000000      -0.70000000000000018        6.8942018307172828E-008
   4.0000000000000000      -0.59999999999999964        7.8513127251894318E-008
   4.0000000000000000      -0.50000000000000000        8.7642482194436360E-008
   4.0000000000000000      -0.39999999999999947        9.5896150177244042E-008
   4.0000000000000000      -0.29999999999999982        1.0284940561587726E-007
   4.0000000000000000      -0.19999999999999929        1.0812260740342576E-007
   4.0000000000000000       -9.9999999999999645E-002   1.1141543102173589E-007
   4.0000000000000000        0.0000000000000000        1.1253517471925912E-007
   4.0000000000000000       0.10000000000000053        1.1141543102173589E-007
   4.0000000000000000       0.20000000000000018        1.0812260740342576E-007
   4.0000000000000000       0.30000000000000071        1.0284940561587726E-007
   4.0000000000000000       0.40000000000000036        9.5896150177244042E-008
   4.0000000000000000       0.50000000000000000        8.7642482194436360E-008
   4.0000000000000000       0.60000000000000053        7.8513127251894318E-008
   4.0000000000000000       0.70000000000000018        6.8942018307172828E-008
   4.0000000000000000       0.80000000000000071        5.9338945067826102E-008
   4.0000000000000000       0.90000000000000036        5.0062180207670310E-008
   4.0000000000000000        1.0000000000000000        4.1399377187851668E-008
   4.0000000000000000        1.1000000000000005        3.3557682941450082E-008
   4.0000000000000000        1.2000000000000002        2.6662706719135000E-008
   4.0000000000000000        1.3000000000000007        2.0764936871665546E-008
   4.0000000000000000        1.4000000000000004        1.5851527009028729E-008
   4.0000000000000000        1.5000000000000000        1.1861120151343830E-008
   4.0000000000000000        1.6000000000000005        8.6995024724136940E-009
   4.0000000000000000        1.7000000000000002        6.2542787964679351E-009
   4.0000000000000000        1.8000000000000007        4.4073157776512375E-009
   4.0000000000000000        1.9000000000000004        3.0442843135833875E-009
   4.0000000000000000        2.0000000000000000        2.0611536224385579E-009
   4.0000000000000000        2.1000000000000005        1.3678851171007246E-009
   4.0000000000000000        2.2000000000000002        8.8982170921069361E-010
   4.0000000000000000        2.3000000000000007        5.6737537171694004E-010
   4.0000000000000000        2.4000000000000004        3.5461089429082842E-010
   4.0000000000000000        2.5000000000000000        2.1724399350790171E-010
   4.0000000000000000        2.6000000000000005        1.3045405762501538E-010
   4.0000000000000000        2.7000000000000002        7.6785906632790754E-011
   4.0000000000000000        2.8000000000000007        4.4301614271682192E-011
   4.0000000000000000        2.9000000000000004        2.5053689846090740E-011
   4.0000000000000000        3.0000000000000000        1.3887943864964021E-011
   4.0000000000000000        3.0999999999999996        7.5460263686860725E-012
   4.0000000000000000        3.2000000000000011        4.0189517741440128E-012
   4.0000000000000000        3.3000000000000007        2.0980768006980852E-012
   4.0000000000000000        3.4000000000000004        1.0736038957721583E-012
   4.0000000000000000        3.5000000000000000        5.3849402177540356E-013
   4.0000000000000000        3.5999999999999996        2.6474746117329646E-013
   4.0000000000000000        3.7000000000000011        1.2758418164296697E-013
   4.0000000000000000        3.8000000000000007        6.0266500066971972E-014
   4.0000000000000000        3.9000000000000004        2.7904177112387636E-014
   4.0000000000000000        4.0000000000000000        1.2664165549094176E-014
   4.0000000000000000        4.0999999999999996        5.6337561964972140E-015
   4.0000000000000000        4.2000000000000011        2.4565953687921255E-015
   4.0000000000000000        4.3000000000000007        1.0499855423778419E-015
   4.0000000000000000        4.4000000000000004        4.3989306966682363E-016
   4.0000000000000000        4.5000000000000000        1.8064461965456932E-016
   4.0000000000000000        4.6000000000000014        7.2713835352306034E-017
   4.0000000000000000        4.7000000000000011        2.8689513533602054E-017
   4.0000000000000000        4.8000000000000007        1.1095411826397070E-017
   4.0000000000000000        4.9000000000000004        4.2060824241589869E-018
   4.0000000000000000        5.0000000000000000        1.5628821893349888E-018

   4.0999999999999996       -5.0000000000000000        6.9526074848183812E-019
   4.0999999999999996       -4.9000000000000004        1.8711096935856630E-018
   4.0999999999999996       -4.7999999999999998        4.9358834490382108E-018
   4.0999999999999996       -4.7000000000000002        1.2762761511435170E-017
   4.0999999999999996       -4.5999999999999996        3.2347336182480585E-017
   4.0999999999999996       -4.5000000000000000        8.0361216173110224E-017
   4.0999999999999996       -4.4000000000000004        1.9568998031685625E-016
   4.0999999999999996       -4.2999999999999998        4.6709453794425839E-016
   4.0999999999999996       -4.2000000000000002        1.0928362652531032E-015
   4.0999999999999996       -4.0999999999999996        2.5062218871452745E-015
   4.0999999999999996       -4.0000000000000000        5.6337561964972140E-015
   4.0999999999999996       -3.8999999999999999        1.2413398269759277E-014
   4.0999999999999996       -3.7999999999999998        2.6810038677818034E-014
   4.0999999999999996       -3.7000000000000002        5.6756852326327227E-014
   4.0999999999999996       -3.5999999999999996        1.1777504361498601E-013
   4.0999999999999996       -3.5000000000000000        2.3955340919962067E-013
   4.0999999999999996       -3.3999999999999999        4.7760135296262065E-013
   4.0999999999999996       -3.2999999999999998        9.3334638834577298E-013
   4.0999999999999996       -3.2000000000000002        1.7878631144889790E-012
   4.0999999999999996       -3.0999999999999996        3.3569106980410252E-012
   4.0999999999999996       -3.0000000000000000        6.1781638515806612E-012
   4.0999999999999996       -2.8999999999999999        1.1145336016681316E-011
   4.0999999999999996       -2.7999999999999998        1.9707930455455287E-011
   4.0999999999999996       -2.6999999999999997        3.4158829937838648E-011
   4.0999999999999996       -2.5999999999999996        5.8033539806000750E-011
   4.0999999999999996       -2.5000000000000000        9.6642742850474453E-011
   4.0999999999999996       -2.3999999999999999        1.5775151669580595E-010
   4.0999999999999996       -2.2999999999999998        2.5240151068452156E-010
   4.0999999999999996       -2.1999999999999997        3.9584436484266193E-010
   4.0999999999999996       -2.0999999999999996        6.0851472800857268E-010
   4.0999999999999996       -2.0000000000000000        9.1692081466642813E-010
   4.0999999999999996       -1.8999999999999999        1.3542744327735411E-009
   4.0999999999999996       -1.7999999999999998        1.9606299740797968E-009
   4.0999999999999996       -1.6999999999999997        2.7822663710158728E-009
   4.0999999999999996       -1.5999999999999996        3.8700438469796699E-009
   4.0999999999999996       -1.5000000000000000        5.2765149737647815E-009
   4.0999999999999996       -1.3999999999999999        7.0516796519172513E-009
   4.0999999999999996       -1.2999999999999998        9.2374496619705944E-009
   4.0999999999999996       -1.1999999999999997        1.1861120151343871E-008
   4.0999999999999996       -1.0999999999999996        1.4928405940256080E-008
   4.0999999999999996       -1.0000000000000000        1.8416846878621859E-008
   4.0999999999999996      -0.89999999999999947        2.2270564678088720E-008
   4.0999999999999996      -0.79999999999999982        2.6397408354582483E-008
   4.0999999999999996      -0.70000000000000018        3.0669412945635550E-008
   4.0999999999999996      -0.59999999999999964        3.4927197962393454E-008
   4.0999999999999996      -0.50000000000000000        3.8988465147995559E-008
   4.0999999999999996      -0.39999999999999947        4.2660175926073594E-008
   4.0999999999999996      -0.29999999999999982        4.5753387694458114E-008
   4.0999999999999996      -0.19999999999999929        4.8099214044470303E-008
   4.0999999999999996       -9.9999999999999645E-002   4.9564053191724981E-008
   4.0999999999999996        0.0000000000000000        5.0062180207670489E-008
   4.0999999999999996       0.10000000000000053        4.9564053191724981E-008
   4.0999999999999996       0.20000000000000018        4.8099214044470303E-008
   4.0999999999999996       0.30000000000000071        4.5753387694458114E-008
   4.0999999999999996       0.40000000000000036        4.2660175926073594E-008
   4.0999999999999996       0.50000000000000000        3.8988465147995559E-008
   4.0999999999999996       0.60000000000000053        3.4927197962393454E-008
   4.0999999999999996       0.70000000000000018        3.0669412945635550E-008
   4.0999999999999996       0.80000000000000071        2.6397408354582483E-008
   4.0999999999999996       0.90000000000000036        2.2270564678088641E-008
   4.0999999999999996        1.0000000000000000        1.8416846878621859E-008
   4.0999999999999996        1.1000000000000005        1.4928405940256080E-008
   4.0999999999999996        1.2000000000000002        1.1861120151343830E-008
   4.0999999999999996        1.3000000000000007        9.2374496619705944E-009
   4.0999999999999996        1.4000000000000004        7.0516796519172513E-009
   4.0999999999999996        1.5000000000000000        5.2765149737647815E-009
   4.0999999999999996        1.6000000000000005        3.8700438469796559E-009
   4.0999999999999996        1.7000000000000002        2.7822663710158728E-009
   4.0999999999999996        1.8000000000000007        1.9606299740797898E-009
   4.0999999999999996        1.9000000000000004        1.3542744327735364E-009
   4.0999999999999996        2.0000000000000000        9.1692081466642813E-010
   4.0999999999999996        2.1000000000000005        6.0851472800857268E-010
   4.0999999999999996        2.2000000000000002        3.9584436484266193E-010
   4.0999999999999996        2.3000000000000007        2.5240151068452068E-010
   4.0999999999999996        2.4000000000000004        1.5775151669580595E-010
   4.0999999999999996        2.5000000000000000        9.6642742850474453E-011
   4.0999999999999996        2.6000000000000005        5.8033539806000543E-011
   4.0999999999999996        2.7000000000000002        3.4158829937838525E-011
   4.0999999999999996        2.8000000000000007        1.9707930455455216E-011
   4.0999999999999996        2.9000000000000004        1.1145336016681316E-011
   4.0999999999999996        3.0000000000000000        6.1781638515806612E-012
   4.0999999999999996        3.0999999999999996        3.3569106980410252E-012
   4.0999999999999996        3.2000000000000011        1.7878631144889727E-012
   4.0999999999999996        3.3000000000000007        9.3334638834576652E-013
   4.0999999999999996        3.4000000000000004        4.7760135296261903E-013
   4.0999999999999996        3.5000000000000000        2.3955340919962067E-013
   4.0999999999999996        3.5999999999999996        1.1777504361498601E-013
   4.0999999999999996        3.7000000000000011        5.6756852326326823E-014
   4.0999999999999996        3.8000000000000007        2.6810038677817936E-014
   4.0999999999999996        3.9000000000000004        1.2413398269759189E-014
   4.0999999999999996        4.0000000000000000        5.6337561964972140E-015
   4.0999999999999996        4.0999999999999996        2.5062218871452745E-015
   4.0999999999999996        4.2000000000000011        1.0928362652531032E-015
   4.0999999999999996        4.3000000000000007        4.6709453794425504E-016
   4.0999999999999996        4.4000000000000004        1.9568998031685625E-016
   4.0999999999999996        4.5000000000000000        8.0361216173110224E-017
   4.0999999999999996        4.6000000000000014        3.2347336182480123E-017
   4.0999999999999996        4.7000000000000011        1.2762761511435170E-017
   4.0999999999999996        4.8000000000000007        4.9358834490381407E-018
   4.0999999999999996        4.9000000000000004        1.8711096935856630E-018
   4.0999999999999996        5.0000000000000000        6.9526074848183812E-019

   4.2000000000000011       -5.0000000000000000        3.0316795318288053E-019
   4.2000000000000011       -4.9000000000000004        8.1589604651733113E-019
   4.2000000000000011       -4.7999999999999998        2.1522884553193643E-018
   4.2000000000000011       -4.7000000000000002        5.5651930485532391E-018
   4.2000000000000011       -4.5999999999999996        1.4105032856773367E-017
   4.2000000000000011       -4.5000000000000000        3.5041450960215172E-017
   4.2000000000000011       -4.4000000000000004        8.5330476257439450E-017
   4.2000000000000011       -4.2999999999999998        2.0367623991527873E-016
   4.2000000000000011       -4.2000000000000002        4.7653047352990543E-016
   4.2000000000000011       -4.0999999999999996        1.0928362652531032E-015
   4.2000000000000011       -4.0000000000000000        2.4565953687921255E-015
   4.2000000000000011       -3.8999999999999999        5.4128534563534500E-015
   4.2000000000000011       -3.7999999999999998        1.1690498231715255E-014
   4.2000000000000011       -3.7000000000000002        2.4748784950751552E-014
   4.2000000000000011       -3.5999999999999996        5.1355723714801913E-014
   4.2000000000000011       -3.5000000000000000        1.0445709311738445E-013
   4.2000000000000011       -3.3999999999999999        2.0825772910554869E-013
   4.2000000000000011       -3.2999999999999998        4.0698502652895205E-013
   4.2000000000000011       -3.2000000000000002        7.7959643511351022E-013
   4.2000000000000011       -3.0999999999999996        1.4637785141258986E-012
   4.2000000000000011       -3.0000000000000000        2.6939839382592327E-012
   4.2000000000000011       -2.8999999999999999        4.8599158158875503E-012
   4.2000000000000011       -2.7999999999999998        8.5936290099756567E-012
   4.2000000000000011       -2.6999999999999997        1.4894933415973114E-011
   4.2000000000000011       -2.5999999999999996        2.5305483615118827E-011
   4.2000000000000011       -2.5000000000000000        4.2140999048104693E-011
   4.2000000000000011       -2.3999999999999999        6.8787436271345610E-011
   4.2000000000000011       -2.2999999999999998        1.1005949860046208E-010
   4.2000000000000011       -2.1999999999999997        1.7260765278404273E-010
   4.2000000000000011       -2.0999999999999996        2.6534241286428003E-010
   4.2000000000000011       -2.0000000000000000        3.9982266684865339E-010
   4.2000000000000011       -1.8999999999999999        5.9053039989439980E-010
   4.2000000000000011       -1.7999999999999998        8.5493130093809857E-010
   4.2000000000000011       -1.6999999999999997        1.2132052654378694E-009
   4.2000000000000011       -1.5999999999999996        1.6875298575085199E-009
   4.2000000000000011       -1.5000000000000000        2.3008205885750088E-009
   4.2000000000000011       -1.3999999999999999        3.0748798795865846E-009
   4.2000000000000011       -1.2999999999999998        4.0279833325333661E-009
   4.2000000000000011       -1.1999999999999997        5.1720329769674335E-009
   4.2000000000000011       -1.0999999999999996        6.5095207561667782E-009
   4.2000000000000011       -1.0000000000000000        8.0306529377159893E-009
   4.2000000000000011      -0.89999999999999947        9.7110638338580978E-009
   4.2000000000000011      -0.79999999999999982        1.1510571073753730E-008
   4.2000000000000011      -0.70000000000000018        1.3373375626844726E-008
   4.2000000000000011      -0.59999999999999964        1.5229979744712520E-008
   4.2000000000000011      -0.50000000000000000        1.7000892402555376E-008
   4.2000000000000011      -0.39999999999999947        1.8601939266915378E-008
   4.2000000000000011      -0.29999999999999982        1.9950732050960813E-008
   4.2000000000000011      -0.19999999999999929        2.0973627956717871E-008
   4.2000000000000011       -9.9999999999999645E-002   2.1612370021454111E-008
   4.2000000000000011        0.0000000000000000        2.1829577951254626E-008
   4.2000000000000011       0.10000000000000053        2.1612370021454111E-008
   4.2000000000000011       0.20000000000000018        2.0973627956717871E-008
   4.2000000000000011       0.30000000000000071        1.9950732050960813E-008
   4.2000000000000011       0.40000000000000036        1.8601939266915378E-008
   4.2000000000000011       0.50000000000000000        1.7000892402555376E-008
   4.2000000000000011       0.60000000000000053        1.5229979744712520E-008
   4.2000000000000011       0.70000000000000018        1.3373375626844726E-008
   4.2000000000000011       0.80000000000000071        1.1510571073753730E-008
   4.2000000000000011       0.90000000000000036        9.7110638338580631E-009
   4.2000000000000011        1.0000000000000000        8.0306529377159893E-009
   4.2000000000000011        1.1000000000000005        6.5095207561667782E-009
   4.2000000000000011        1.2000000000000002        5.1720329769674153E-009
   4.2000000000000011        1.3000000000000007        4.0279833325333520E-009
   4.2000000000000011        1.4000000000000004        3.0748798795865846E-009
   4.2000000000000011        1.5000000000000000        2.3008205885750088E-009
   4.2000000000000011        1.6000000000000005        1.6875298575085139E-009
   4.2000000000000011        1.7000000000000002        1.2132052654378694E-009
   4.2000000000000011        1.8000000000000007        8.5493130093809557E-010
   4.2000000000000011        1.9000000000000004        5.9053039989439980E-010
   4.2000000000000011        2.0000000000000000        3.9982266684865339E-010
   4.2000000000000011        2.1000000000000005        2.6534241286427812E-010
   4.2000000000000011        2.2000000000000002        1.7260765278404273E-010
   4.2000000000000011        2.3000000000000007        1.1005949860046169E-010
   4.2000000000000011        2.4000000000000004        6.8787436271345364E-011
   4.2000000000000011        2.5000000000000000        4.2140999048104693E-011
   4.2000000000000011        2.6000000000000005        2.5305483615118737E-011
   4.2000000000000011        2.7000000000000002        1.4894933415973114E-011
   4.2000000000000011        2.8000000000000007        8.5936290099756260E-012
   4.2000000000000011        2.9000000000000004        4.8599158158875334E-012
   4.2000000000000011        3.0000000000000000        2.6939839382592327E-012
   4.2000000000000011        3.0999999999999996        1.4637785141258986E-012
   4.2000000000000011        3.2000000000000011        7.7959643511350466E-013
   4.2000000000000011        3.3000000000000007        4.0698502652895059E-013
   4.2000000000000011        3.4000000000000004        2.0825772910554796E-013
   4.2000000000000011        3.5000000000000000        1.0445709311738445E-013
   4.2000000000000011        3.5999999999999996        5.1355723714801913E-014
   4.2000000000000011        3.7000000000000011        2.4748784950751376E-014
   4.2000000000000011        3.8000000000000007        1.1690498231715172E-014
   4.2000000000000011        3.9000000000000004        5.4128534563534500E-015
   4.2000000000000011        4.0000000000000000        2.4565953687921255E-015
   4.2000000000000011        4.0999999999999996        1.0928362652531032E-015
   4.2000000000000011        4.2000000000000011        4.7653047352990208E-016
   4.2000000000000011        4.3000000000000007        2.0367623991527873E-016
   4.2000000000000011        4.4000000000000004        8.5330476257439450E-017
   4.2000000000000011        4.5000000000000000        3.5041450960215172E-017
   4.2000000000000011        4.6000000000000014        1.4105032856773065E-017
   4.2000000000000011        4.7000000000000011        5.5651930485531991E-018
   4.2000000000000011        4.8000000000000007        2.1522884553193493E-018
   4.2000000000000011        4.9000000000000004        8.1589604651733113E-019
   4.2000000000000011        5.0000000000000000        3.0316795318288053E-019

   4.3000000000000007       -5.0000000000000000        1.2957851007869545E-019
   4.3000000000000007       -4.9000000000000004        3.4872615319943974E-019
   4.3000000000000007       -4.7999999999999998        9.1992022366436146E-019
   4.3000000000000007       -4.7000000000000002        2.3786466081289060E-018
   4.3000000000000007       -4.5999999999999996        6.0287016586123343E-018
   4.3000000000000007       -4.5000000000000000        1.4977239377544988E-017
   4.3000000000000007       -4.4000000000000004        3.6471519702726126E-017
   4.3000000000000007       -4.2999999999999998        8.7054266222961879E-017
   4.3000000000000007       -4.2000000000000002        2.0367623991527873E-016
   4.3000000000000007       -4.0999999999999996        4.6709453794425504E-016
   4.3000000000000007       -4.0000000000000000        1.0499855423778419E-015
   4.3000000000000007       -3.8999999999999999        2.3135343916957527E-015
   4.3000000000000007       -3.7999999999999998        4.9966935061552786E-015
   4.3000000000000007       -3.7000000000000002        1.0578000235539168E-014
   4.3000000000000007       -3.5999999999999996        2.1950203156739715E-014
   4.3000000000000007       -3.5000000000000000        4.4646521346328775E-014
   4.3000000000000007       -3.3999999999999999        8.9012463113444644E-014
   4.3000000000000007       -3.2999999999999998        1.7395147741802374E-013
   4.3000000000000007       -3.2000000000000002        3.3321115726151159E-013
   4.3000000000000007       -3.0999999999999996        6.2564079400313272E-013
   4.3000000000000007       -3.0000000000000000        1.1514489616420351E-012
   4.3000000000000007       -2.8999999999999999        2.0772005877241223E-012
   4.3000000000000007       -2.7999999999999998        3.6730453584913569E-012
   4.3000000000000007       -2.6999999999999997        6.3663169523689772E-012
   4.3000000000000007       -2.5999999999999996        1.0815941557285654E-011
   4.3000000000000007       -2.5000000000000000        1.8011692240397060E-011
   4.3000000000000007       -2.3999999999999999        2.9400777392844519E-011
   4.3000000000000007       -2.2999999999999998        4.7041073104627580E-011
   4.3000000000000007       -2.1999999999999997        7.3775088168521232E-011
   4.3000000000000007       -2.0999999999999996        1.1341130933749703E-010
   4.3000000000000007       -2.0000000000000000        1.7089017794267597E-010
   4.3000000000000007       -1.8999999999999999        2.5240151068451975E-010
   4.3000000000000007       -1.7999999999999998        3.6541040381129455E-010
   4.3000000000000007       -1.6999999999999997        5.1854204596696489E-010
   4.3000000000000007       -1.5999999999999996        7.2127545920845004E-010
   4.3000000000000007       -1.5000000000000000        9.8340507529201864E-010
   4.3000000000000007       -1.3999999999999999        1.3142495744840115E-009
   4.3000000000000007       -1.2999999999999998        1.7216202219653516E-009
   4.3000000000000007       -1.1999999999999997        2.2106041228871105E-009
   4.3000000000000007       -1.0999999999999996        2.7822663710158534E-009
   4.3000000000000007       -1.0000000000000000        3.4324209788777292E-009
   4.3000000000000007      -0.89999999999999947        4.1506536876982087E-009
   4.3000000000000007      -0.79999999999999982        4.9197899521794427E-009
   4.3000000000000007      -0.70000000000000018        5.7159804334726113E-009
   4.3000000000000007      -0.59999999999999964        6.5095207561668014E-009
   4.3000000000000007      -0.50000000000000000        7.2664352693058455E-009
   4.3000000000000007      -0.39999999999999947        7.9507466058829993E-009
   4.3000000000000007      -0.29999999999999982        8.5272407818887133E-009
   4.3000000000000007      -0.19999999999999929        8.9644417658384981E-009
   4.3000000000000007       -9.9999999999999645E-002   9.2374496619705298E-009
   4.3000000000000007        0.0000000000000000        9.3302875745049391E-009
   4.3000000000000007       0.10000000000000053        9.2374496619705298E-009
   4.3000000000000007       0.20000000000000018        8.9644417658384981E-009
   4.3000000000000007       0.30000000000000071        8.5272407818887133E-009
   4.3000000000000007       0.40000000000000036        7.9507466058829993E-009
   4.3000000000000007       0.50000000000000000        7.2664352693058455E-009
   4.3000000000000007       0.60000000000000053        6.5095207561668014E-009
   4.3000000000000007       0.70000000000000018        5.7159804334726113E-009
   4.3000000000000007       0.80000000000000071        4.9197899521794427E-009
   4.3000000000000007       0.90000000000000036        4.1506536876981938E-009
   4.3000000000000007        1.0000000000000000        3.4324209788777292E-009
   4.3000000000000007        1.1000000000000005        2.7822663710158534E-009
   4.3000000000000007        1.2000000000000002        2.2106041228871026E-009
   4.3000000000000007        1.3000000000000007        1.7216202219653516E-009
   4.3000000000000007        1.4000000000000004        1.3142495744840115E-009
   4.3000000000000007        1.5000000000000000        9.8340507529201864E-010
   4.3000000000000007        1.6000000000000005        7.2127545920844746E-010
   4.3000000000000007        1.7000000000000002        5.1854204596696489E-010
   4.3000000000000007        1.8000000000000007        3.6541040381129325E-010
   4.3000000000000007        1.9000000000000004        2.5240151068451887E-010
   4.3000000000000007        2.0000000000000000        1.7089017794267597E-010
   4.3000000000000007        2.1000000000000005        1.1341130933749703E-010
   4.3000000000000007        2.2000000000000002        7.3775088168521232E-011
   4.3000000000000007        2.3000000000000007        4.7041073104627412E-011
   4.3000000000000007        2.4000000000000004        2.9400777392844519E-011
   4.3000000000000007        2.5000000000000000        1.8011692240397060E-011
   4.3000000000000007        2.6000000000000005        1.0815941557285616E-011
   4.3000000000000007        2.7000000000000002        6.3663169523689545E-012
   4.3000000000000007        2.8000000000000007        3.6730453584913431E-012
   4.3000000000000007        2.9000000000000004        2.0772005877241223E-012
   4.3000000000000007        3.0000000000000000        1.1514489616420351E-012
   4.3000000000000007        3.0999999999999996        6.2564079400313272E-013
   4.3000000000000007        3.2000000000000011        3.3321115726151038E-013
   4.3000000000000007        3.3000000000000007        1.7395147741802250E-013
   4.3000000000000007        3.4000000000000004        8.9012463113444328E-014
   4.3000000000000007        3.5000000000000000        4.4646521346328775E-014
   4.3000000000000007        3.5999999999999996        2.1950203156739715E-014
   4.3000000000000007        3.7000000000000011        1.0578000235539092E-014
   4.3000000000000007        3.8000000000000007        4.9966935061552786E-015
   4.3000000000000007        3.9000000000000004        2.3135343916957365E-015
   4.3000000000000007        4.0000000000000000        1.0499855423778419E-015
   4.3000000000000007        4.0999999999999996        4.6709453794425504E-016
   4.3000000000000007        4.2000000000000011        2.0367623991527873E-016
   4.3000000000000007        4.3000000000000007        8.7054266222961263E-017
   4.3000000000000007        4.4000000000000004        3.6471519702726126E-017
   4.3000000000000007        4.5000000000000000        1.4977239377544988E-017
   4.3000000000000007        4.6000000000000014        6.0287016586122480E-018
   4.3000000000000007        4.7000000000000011        2.3786466081289060E-018
   4.3000000000000007        4.8000000000000007        9.1992022366434836E-019
   4.3000000000000007        4.9000000000000004        3.4872615319943974E-019
   4.3000000000000007        5.0000000000000000        1.2957851007869545E-019

   4.4000000000000004       -5.0000000000000000        5.4287117546670783E-020
   4.4000000000000004       -4.9000000000000004        1.4609936214607619E-019
   4.4000000000000004       -4.7999999999999998        3.8540200288841702E-019
   4.4000000000000004       -4.7000000000000002        9.9653768158825639E-019
   4.4000000000000004       -4.5999999999999996        2.5257338998274724E-018
   4.4000000000000004       -4.5000000000000000        6.2747376406752776E-018
   4.4000000000000004       -4.4000000000000004        1.5279799682872937E-017
   4.4000000000000004       -4.2999999999999998        3.6471519702726385E-017
   4.4000000000000004       -4.2000000000000002        8.5330476257440658E-017
   4.4000000000000004       -4.0999999999999996        1.9568998031685625E-016
   4.4000000000000004       -4.0000000000000000        4.3989306966682363E-016
   4.4000000000000004       -3.8999999999999999        9.6925881763863216E-016
   4.4000000000000004       -3.7999999999999998        2.0933724855193764E-015
   4.4000000000000004       -3.7000000000000002        4.4316695866210356E-015
   4.4000000000000004       -3.5999999999999996        9.1960716188165430E-015
   4.4000000000000004       -3.5000000000000000        1.8704729286562271E-014
   4.4000000000000004       -3.3999999999999999        3.7291909323726044E-014
   4.4000000000000004       -3.2999999999999998        7.2877240958196922E-014
   4.4000000000000004       -3.2000000000000002        1.3959933056130931E-013
   4.4000000000000004       -3.0999999999999996        2.6211317992013606E-013
   4.4000000000000004       -3.0000000000000000        4.8240132635951708E-013
   4.4000000000000004       -2.8999999999999999        8.7024640432512951E-013
   4.4000000000000004       -2.7999999999999998        1.5388280433968073E-012
   4.4000000000000004       -2.6999999999999997        2.6671783501964972E-012
   4.4000000000000004       -2.5999999999999996        4.5313554719967576E-012
   4.4000000000000004       -2.5000000000000000        7.5460263686860450E-012
   4.4000000000000004       -2.3999999999999999        1.2317501237817201E-011
   4.4000000000000004       -2.2999999999999998        1.9707930455455216E-011
   4.4000000000000004       -2.1999999999999997        3.0908187484083207E-011
   4.4000000000000004       -2.0999999999999996        4.7513843749147723E-011
   4.4000000000000004       -2.0000000000000000        7.1594704800288993E-011
   4.4000000000000004       -1.8999999999999999        1.0574400393372432E-010
   4.4000000000000004       -1.7999999999999998        1.5308925478794762E-010
   4.4000000000000004       -1.6999999999999997        2.1724399350790093E-010
   4.4000000000000004       -1.5999999999999996        3.0217947106968314E-010
   4.4000000000000004       -1.5000000000000000        4.1199907983158330E-010
   4.4000000000000004       -1.3999999999999999        5.5060689532812833E-010
   4.4000000000000004       -1.2999999999999998        7.2127545920845004E-010
   4.4000000000000004       -1.1999999999999997        9.2613602205677541E-010
   4.4000000000000004       -1.0999999999999996        1.1656348065567010E-009
   4.4000000000000004       -1.0000000000000000        1.4380180867709259E-009
   4.4000000000000004      -0.89999999999999947        1.7389227928515948E-009
   4.4000000000000004      -0.79999999999999982        2.0611536224385504E-009
   4.4000000000000004      -0.70000000000000018        2.3947188580725476E-009
   4.4000000000000004      -0.59999999999999964        2.7271738056557508E-009
   4.4000000000000004      -0.50000000000000000        3.0442843135833767E-009
   4.4000000000000004      -0.39999999999999947        3.3309776082100985E-009
   4.4000000000000004      -0.29999999999999982        3.5725007363799340E-009
   4.4000000000000004      -0.19999999999999929        3.7556667659382893E-009
   4.4000000000000004       -9.9999999999999645E-002   3.8700438469796418E-009
   4.4000000000000004        0.0000000000000000        3.9089384342648500E-009
   4.4000000000000004       0.10000000000000053        3.8700438469796418E-009
   4.4000000000000004       0.20000000000000018        3.7556667659382893E-009
   4.4000000000000004       0.30000000000000071        3.5725007363799340E-009
   4.4000000000000004       0.40000000000000036        3.3309776082100985E-009
   4.4000000000000004       0.50000000000000000        3.0442843135833767E-009
   4.4000000000000004       0.60000000000000053        2.7271738056557508E-009
   4.4000000000000004       0.70000000000000018        2.3947188580725476E-009
   4.4000000000000004       0.80000000000000071        2.0611536224385504E-009
   4.4000000000000004       0.90000000000000036        1.7389227928515886E-009
   4.4000000000000004        1.0000000000000000        1.4380180867709259E-009
   4.4000000000000004        1.1000000000000005        1.1656348065567010E-009
   4.4000000000000004        1.2000000000000002        9.2613602205677210E-010
   4.4000000000000004        1.3000000000000007        7.2127545920845004E-010
   4.4000000000000004        1.4000000000000004        5.5060689532812833E-010
   4.4000000000000004        1.5000000000000000        4.1199907983158330E-010
   4.4000000000000004        1.6000000000000005        3.0217947106968205E-010
   4.4000000000000004        1.7000000000000002        2.1724399350790093E-010
   4.4000000000000004        1.8000000000000007        1.5308925478794706E-010
   4.4000000000000004        1.9000000000000004        1.0574400393372395E-010
   4.4000000000000004        2.0000000000000000        7.1594704800288993E-011
   4.4000000000000004        2.1000000000000005        4.7513843749147723E-011
   4.4000000000000004        2.2000000000000002        3.0908187484083207E-011
   4.4000000000000004        2.3000000000000007        1.9707930455455148E-011
   4.4000000000000004        2.4000000000000004        1.2317501237817201E-011
   4.4000000000000004        2.5000000000000000        7.5460263686860450E-012
   4.4000000000000004        2.6000000000000005        4.5313554719967415E-012
   4.4000000000000004        2.7000000000000002        2.6671783501964875E-012
   4.4000000000000004        2.8000000000000007        1.5388280433968019E-012
   4.4000000000000004        2.9000000000000004        8.7024640432512951E-013
   4.4000000000000004        3.0000000000000000        4.8240132635951708E-013
   4.4000000000000004        3.0999999999999996        2.6211317992013606E-013
   4.4000000000000004        3.2000000000000011        1.3959933056130880E-013
   4.4000000000000004        3.3000000000000007        7.2877240958196404E-014
   4.4000000000000004        3.4000000000000004        3.7291909323725911E-014
   4.4000000000000004        3.5000000000000000        1.8704729286562271E-014
   4.4000000000000004        3.5999999999999996        9.1960716188165430E-015
   4.4000000000000004        3.7000000000000011        4.4316695866210040E-015
   4.4000000000000004        3.8000000000000007        2.0933724855193614E-015
   4.4000000000000004        3.9000000000000004        9.6925881763862526E-016
   4.4000000000000004        4.0000000000000000        4.3989306966682363E-016
   4.4000000000000004        4.0999999999999996        1.9568998031685625E-016
   4.4000000000000004        4.2000000000000011        8.5330476257439450E-017
   4.4000000000000004        4.3000000000000007        3.6471519702726126E-017
   4.4000000000000004        4.4000000000000004        1.5279799682872937E-017
   4.4000000000000004        4.5000000000000000        6.2747376406752776E-018
   4.4000000000000004        4.6000000000000014        2.5257338998274185E-018
   4.4000000000000004        4.7000000000000011        9.9653768158824214E-019
   4.4000000000000004        4.8000000000000007        3.8540200288841702E-019
   4.4000000000000004        4.9000000000000004        1.4609936214607619E-019
   4.4000000000000004        5.0000000000000000        5.4287117546670783E-020

   4.5000000000000000       -5.0000000000000000        2.2293317120883141E-020
   4.5000000000000000       -4.9000000000000004        5.9996543538734410E-020
   4.5000000000000000       -4.7999999999999998        1.5826754960840555E-019
   4.5000000000000000       -4.7000000000000002        4.0923393177870236E-019
   4.5000000000000000       -4.5999999999999996        1.0372071558857673E-018
   4.5000000000000000       -4.5000000000000000        2.5767571091549810E-018
   4.5000000000000000       -4.4000000000000004        6.2747376406752776E-018
   4.5000000000000000       -4.2999999999999998        1.4977239377545201E-017
   4.5000000000000000       -4.2000000000000002        3.5041450960215418E-017
   4.5000000000000000       -4.0999999999999996        8.0361216173110224E-017
   4.5000000000000000       -4.0000000000000000        1.8064461965456932E-016
   4.5000000000000000       -3.8999999999999999        3.9803170936924064E-016
   4.5000000000000000       -3.7999999999999998        8.5965545383201361E-016
   4.5000000000000000       -3.7000000000000002        1.8198906100435490E-015
   4.5000000000000000       -3.5999999999999996        3.7764197129896124E-015
   4.5000000000000000       -3.5000000000000000        7.6812046852020953E-015
   4.5000000000000000       -3.3999999999999999        1.5314137094906978E-014
   4.5000000000000000       -3.2999999999999998        2.9927458244202403E-014
   4.5000000000000000       -3.2000000000000002        5.7327268175378149E-014
   4.5000000000000000       -3.0999999999999996        1.0763828520641439E-013
   4.5000000000000000       -3.0000000000000000        1.9810087980489796E-013
   4.5000000000000000       -2.8999999999999999        3.5737169224815913E-013
   4.5000000000000000       -2.7999999999999998        6.3192858851753677E-013
   4.5000000000000000       -2.6999999999999997        1.0952921331247048E-012
   4.5000000000000000       -2.5999999999999996        1.8608271923412937E-012
   4.5000000000000000       -2.5000000000000000        3.0988191387218256E-012
   4.5000000000000000       -2.3999999999999999        5.0582527428438030E-012
   4.5000000000000000       -2.2999999999999998        8.0931750163758614E-012
   4.5000000000000000       -2.1999999999999997        1.2692624997486851E-011
   4.5000000000000000       -2.0999999999999996        1.9511833270963712E-011
   4.5000000000000000       -2.0000000000000000        2.9400777392844726E-011
   4.5000000000000000       -1.8999999999999999        4.3424383534450674E-011
   4.5000000000000000       -1.7999999999999998        6.2866983163240419E-011
   4.5000000000000000       -1.6999999999999997        8.9212495684912973E-011
   4.5000000000000000       -1.5999999999999996        1.2409173815842671E-010
   4.5000000000000000       -1.5000000000000000        1.6918979226151304E-010
   4.5000000000000000       -1.3999999999999999        2.2610988907160514E-010
   4.5000000000000000       -1.2999999999999998        2.9619591664304164E-010
   4.5000000000000000       -1.1999999999999997        3.8032308528878910E-010
   4.5000000000000000       -1.0999999999999996        4.7867463892087812E-010
   4.5000000000000000       -1.0000000000000000        5.9053039989440393E-010
   4.5000000000000000      -0.89999999999999947        7.1409864847668469E-010
   4.5000000000000000      -0.79999999999999982        8.4642459236072915E-010
   4.5000000000000000      -0.70000000000000018        9.8340507529202216E-010
   4.5000000000000000      -0.59999999999999964        1.1199296120480444E-009
   4.5000000000000000      -0.50000000000000000        1.2501528663867426E-009
   4.5000000000000000      -0.39999999999999947        1.3678851171007296E-009
   4.5000000000000000      -0.29999999999999982        1.4670679791064146E-009
   4.5000000000000000      -0.19999999999999929        1.5422861628533596E-009
   4.5000000000000000       -9.9999999999999645E-002   1.5892557691660126E-009
   4.5000000000000000        0.0000000000000000        1.6052280551856116E-009
   4.5000000000000000       0.10000000000000053        1.5892557691660126E-009
   4.5000000000000000       0.20000000000000018        1.5422861628533596E-009
   4.5000000000000000       0.30000000000000071        1.4670679791064146E-009
   4.5000000000000000       0.40000000000000036        1.3678851171007296E-009
   4.5000000000000000       0.50000000000000000        1.2501528663867426E-009
   4.5000000000000000       0.60000000000000053        1.1199296120480444E-009
   4.5000000000000000       0.70000000000000018        9.8340507529202216E-010
   4.5000000000000000       0.80000000000000071        8.4642459236072915E-010
   4.5000000000000000       0.90000000000000036        7.1409864847668220E-010
   4.5000000000000000        1.0000000000000000        5.9053039989440393E-010
   4.5000000000000000        1.1000000000000005        4.7867463892087812E-010
   4.5000000000000000        1.2000000000000002        3.8032308528878770E-010
   4.5000000000000000        1.3000000000000007        2.9619591664304061E-010
   4.5000000000000000        1.4000000000000004        2.2610988907160514E-010
   4.5000000000000000        1.5000000000000000        1.6918979226151304E-010
   4.5000000000000000        1.6000000000000005        1.2409173815842627E-010
   4.5000000000000000        1.7000000000000002        8.9212495684912973E-011
   4.5000000000000000        1.8000000000000007        6.2866983163240199E-011
   4.5000000000000000        1.9000000000000004        4.3424383534450674E-011
   4.5000000000000000        2.0000000000000000        2.9400777392844726E-011
   4.5000000000000000        2.1000000000000005        1.9511833270963573E-011
   4.5000000000000000        2.2000000000000002        1.2692624997486851E-011
   4.5000000000000000        2.3000000000000007        8.0931750163758323E-012
   4.5000000000000000        2.4000000000000004        5.0582527428437852E-012
   4.5000000000000000        2.5000000000000000        3.0988191387218256E-012
   4.5000000000000000        2.6000000000000005        1.8608271923412872E-012
   4.5000000000000000        2.7000000000000002        1.0952921331247048E-012
   4.5000000000000000        2.8000000000000007        6.3192858851753455E-013
   4.5000000000000000        2.9000000000000004        3.5737169224815786E-013
   4.5000000000000000        3.0000000000000000        1.9810087980489796E-013
   4.5000000000000000        3.0999999999999996        1.0763828520641439E-013
   4.5000000000000000        3.2000000000000011        5.7327268175377745E-014
   4.5000000000000000        3.3000000000000007        2.9927458244202302E-014
   4.5000000000000000        3.4000000000000004        1.5314137094906921E-014
   4.5000000000000000        3.5000000000000000        7.6812046852020953E-015
   4.5000000000000000        3.5999999999999996        3.7764197129896124E-015
   4.5000000000000000        3.7000000000000011        1.8198906100435234E-015
   4.5000000000000000        3.8000000000000007        8.5965545383200750E-016
   4.5000000000000000        3.9000000000000004        3.9803170936924064E-016
   4.5000000000000000        4.0000000000000000        1.8064461965456932E-016
   4.5000000000000000        4.0999999999999996        8.0361216173110224E-017
   4.5000000000000000        4.2000000000000011        3.5041450960215172E-017
   4.5000000000000000        4.3000000000000007        1.4977239377544988E-017
   4.5000000000000000        4.4000000000000004        6.2747376406752776E-018
   4.5000000000000000        4.5000000000000000        2.5767571091549810E-018
   4.5000000000000000        4.6000000000000014        1.0372071558857525E-018
   4.5000000000000000        4.7000000000000011        4.0923393177869948E-019
   4.5000000000000000        4.8000000000000007        1.5826754960840444E-019
   4.5000000000000000        4.9000000000000004        5.9996543538734410E-020
   4.5000000000000000        5.0000000000000000        2.2293317120883141E-020

   4.6000000000000014       -5.0000000000000000        8.9736001752191615E-021
   4.6000000000000014       -4.9000000000000004        2.4150062132629063E-020
   4.6000000000000014       -4.7999999999999998        6.3706522595827292E-020
   4.6000000000000014       -4.7000000000000002        1.6472657083745431E-019
   4.6000000000000014       -4.5999999999999996        4.1750100558504848E-019
   4.6000000000000014       -4.5000000000000000        1.0372071558857525E-018
   4.6000000000000014       -4.4000000000000004        2.5257338998274185E-018
   4.6000000000000014       -4.2999999999999998        6.0287016586122911E-018
   4.6000000000000014       -4.2000000000000002        1.4105032856773266E-017
   4.6000000000000014       -4.0999999999999996        3.2347336182480123E-017
   4.6000000000000014       -4.0000000000000000        7.2713835352306034E-017
   4.6000000000000014       -3.8999999999999999        1.6021740495463356E-016
   4.6000000000000014       -3.7999999999999998        3.4603214449000826E-016
   4.6000000000000014       -3.7000000000000002        7.3255005563386693E-016
   4.6000000000000014       -3.5999999999999996        1.5201004145964429E-015
   4.6000000000000014       -3.5000000000000000        3.0918709555544691E-015
   4.6000000000000014       -3.3999999999999999        6.1643111508720628E-015
   4.6000000000000014       -3.2999999999999998        1.2046526907046485E-014
   4.6000000000000014       -3.2000000000000002        2.3075614138261914E-014
   4.6000000000000014       -3.0999999999999996        4.3327017229022682E-014
   4.6000000000000014       -3.0000000000000000        7.9740402923845999E-014
   4.6000000000000014       -2.8999999999999999        1.4385076311377556E-013
   4.6000000000000014       -2.7999999999999998        2.5436656473768869E-013
   4.6000000000000014       -2.6999999999999997        4.4088161597616135E-013
   4.6000000000000014       -2.5999999999999996        7.4902802165785798E-013
   4.6000000000000014       -2.5000000000000000        1.2473497692345651E-012
   4.6000000000000014       -2.3999999999999999        2.0360692602791762E-012
   4.6000000000000014       -2.2999999999999998        3.2576989934350560E-012
   4.6000000000000014       -2.1999999999999997        5.1090890280632524E-012
   4.6000000000000014       -2.0999999999999996        7.8539855468682094E-012
   4.6000000000000014       -2.0000000000000000        1.1834525106040319E-011
   4.6000000000000014       -1.8999999999999999        1.7479366286343507E-011
   4.6000000000000014       -1.7999999999999998        2.5305483615118646E-011
   4.6000000000000014       -1.6999999999999997        3.5910190599673175E-011
   4.6000000000000014       -1.5999999999999996        4.9949930611205129E-011
   4.6000000000000014       -1.5000000000000000        6.8102989844476626E-011
   4.6000000000000014       -1.3999999999999999        9.1014707644878058E-011
   4.6000000000000014       -1.2999999999999998        1.1922603150866973E-010
   4.6000000000000014       -1.1999999999999997        1.5308925478794597E-010
   4.6000000000000014       -1.0999999999999996        1.9267813759620457E-010
   4.6000000000000014       -1.0000000000000000        2.3770279098576430E-010
   4.6000000000000014      -0.89999999999999947        2.8744200436154161E-010
   4.6000000000000014      -0.79999999999999982        3.4070640224298429E-010
   4.6000000000000014      -0.70000000000000018        3.9584436484265490E-010
   4.6000000000000014      -0.59999999999999964        4.5079879806192359E-010
   4.6000000000000014      -0.50000000000000000        5.0321681246574217E-010
   4.6000000000000014      -0.39999999999999947        5.5060689532812254E-010
   4.6000000000000014      -0.29999999999999982        5.9053039989439556E-010
   4.6000000000000014      -0.19999999999999929        6.2080754094035355E-010
   4.6000000000000014       -9.9999999999999645E-002   6.3971394527451938E-010
   4.6000000000000014        0.0000000000000000        6.4614317731060164E-010
   4.6000000000000014       0.10000000000000053        6.3971394527451938E-010
   4.6000000000000014       0.20000000000000018        6.2080754094035355E-010
   4.6000000000000014       0.30000000000000071        5.9053039989439556E-010
   4.6000000000000014       0.40000000000000036        5.5060689532812254E-010
   4.6000000000000014       0.50000000000000000        5.0321681246574217E-010
   4.6000000000000014       0.60000000000000053        4.5079879806192359E-010
   4.6000000000000014       0.70000000000000018        3.9584436484265490E-010
   4.6000000000000014       0.80000000000000071        3.4070640224298429E-010
   4.6000000000000014       0.90000000000000036        2.8744200436154057E-010
   4.6000000000000014        1.0000000000000000        2.3770279098576430E-010
   4.6000000000000014        1.1000000000000005        1.9267813759620457E-010
   4.6000000000000014        1.2000000000000002        1.5308925478794543E-010
   4.6000000000000014        1.3000000000000007        1.1922603150866973E-010
   4.6000000000000014        1.4000000000000004        9.1014707644878058E-011
   4.6000000000000014        1.5000000000000000        6.8102989844476626E-011
   4.6000000000000014        1.6000000000000005        4.9949930611204948E-011
   4.6000000000000014        1.7000000000000002        3.5910190599673175E-011
   4.6000000000000014        1.8000000000000007        2.5305483615118556E-011
   4.6000000000000014        1.9000000000000004        1.7479366286343445E-011
   4.6000000000000014        2.0000000000000000        1.1834525106040319E-011
   4.6000000000000014        2.1000000000000005        7.8539855468682094E-012
   4.6000000000000014        2.2000000000000002        5.1090890280632524E-012
   4.6000000000000014        2.3000000000000007        3.2576989934350443E-012
   4.6000000000000014        2.4000000000000004        2.0360692602791762E-012
   4.6000000000000014        2.5000000000000000        1.2473497692345651E-012
   4.6000000000000014        2.6000000000000005        7.4902802165785535E-013
   4.6000000000000014        2.7000000000000002        4.4088161597615979E-013
   4.6000000000000014        2.8000000000000007        2.5436656473768778E-013
   4.6000000000000014        2.9000000000000004        1.4385076311377556E-013
   4.6000000000000014        3.0000000000000000        7.9740402923845999E-014
   4.6000000000000014        3.0999999999999996        4.3327017229022682E-014
   4.6000000000000014        3.2000000000000011        2.3075614138261832E-014
   4.6000000000000014        3.3000000000000007        1.2046526907046399E-014
   4.6000000000000014        3.4000000000000004        6.1643111508720628E-015
   4.6000000000000014        3.5000000000000000        3.0918709555544691E-015
   4.6000000000000014        3.5999999999999996        1.5201004145964429E-015
   4.6000000000000014        3.7000000000000011        7.3255005563386170E-016
   4.6000000000000014        3.8000000000000007        3.4603214449000580E-016
   4.6000000000000014        3.9000000000000004        1.6021740495463243E-016
   4.6000000000000014        4.0000000000000000        7.2713835352306034E-017
   4.6000000000000014        4.0999999999999996        3.2347336182480123E-017
   4.6000000000000014        4.2000000000000011        1.4105032856773065E-017
   4.6000000000000014        4.3000000000000007        6.0287016586122480E-018
   4.6000000000000014        4.4000000000000004        2.5257338998274185E-018
   4.6000000000000014        4.5000000000000000        1.0372071558857525E-018
   4.6000000000000014        4.6000000000000014        4.1750100558503957E-019
   4.6000000000000014        4.7000000000000011        1.6472657083745197E-019
   4.6000000000000014        4.8000000000000007        6.3706522595827292E-020
   4.6000000000000014        4.9000000000000004        2.4150062132629063E-020
   4.6000000000000014        5.0000000000000000        8.9736001752191615E-021

   4.7000000000000011       -5.0000000000000000        3.5405672445239709E-021
   4.7000000000000011       -4.9000000000000004        9.5284966201335022E-021
   4.7000000000000011       -4.7999999999999998        2.5135644865056091E-020
   4.7000000000000011       -4.7000000000000002        6.4993479720708002E-020
   4.7000000000000011       -4.5999999999999996        1.6472657083745549E-019
   4.7000000000000011       -4.5000000000000000        4.0923393177869948E-019
   4.7000000000000011       -4.4000000000000004        9.9653768158824214E-019
   4.7000000000000011       -4.2999999999999998        2.3786466081289060E-018
   4.7000000000000011       -4.2000000000000002        5.5651930485532391E-018
   4.7000000000000011       -4.0999999999999996        1.2762761511435170E-017
   4.7000000000000011       -4.0000000000000000        2.8689513533602054E-017
   4.7000000000000011       -3.8999999999999999        6.3214371590960041E-017
   4.7000000000000011       -3.7999999999999998        1.3652826651637576E-016
   4.7000000000000011       -3.7000000000000002        2.8903034248326508E-016
   4.7000000000000011       -3.5999999999999996        5.9976125871643592E-016
   4.7000000000000011       -3.5000000000000000        1.2199091575042039E-015
   4.7000000000000011       -3.3999999999999999        2.4321518364616251E-015
   4.7000000000000011       -3.2999999999999998        4.7530018882665201E-015
   4.7000000000000011       -3.2000000000000002        9.1045691773546509E-015
   4.7000000000000011       -3.0999999999999996        1.7094835407045194E-014
   4.7000000000000011       -3.0000000000000000        3.1461871840130026E-014
   4.7000000000000011       -2.8999999999999999        5.6756852326326622E-014
   4.7000000000000011       -2.7999999999999998        1.0036127191173353E-013
   4.7000000000000011       -2.6999999999999997        1.7395147741802250E-013
   4.7000000000000011       -2.5999999999999996        2.9553178511740901E-013
   4.7000000000000011       -2.5000000000000000        4.9214647958265992E-013
   4.7000000000000011       -2.3999999999999999        8.0333868121671621E-013
   4.7000000000000011       -2.2999999999999998        1.2853372251336366E-012
   4.7000000000000011       -2.1999999999999997        2.0158100326412014E-012
   4.7000000000000011       -2.0999999999999996        3.0988191387218033E-012
   4.7000000000000011       -2.0000000000000000        4.6693557910740925E-012
   4.7000000000000011       -1.8999999999999999        6.8965488232211318E-012
   4.7000000000000011       -1.7999999999999998        9.9843724530928586E-012
   4.7000000000000011       -1.6999999999999997        1.4168498941252499E-011
   4.7000000000000011       -1.5999999999999996        1.9707930455455077E-011
   4.7000000000000011       -1.5000000000000000        2.6870287330537826E-011
   4.7000000000000011       -1.3999999999999999        3.5910190599673304E-011
   4.7000000000000011       -1.2999999999999998        4.7041073104627412E-011
   4.7000000000000011       -1.1999999999999997        6.0401933494607727E-011
   4.7000000000000011       -1.0999999999999996        7.6021874096072707E-011
   4.7000000000000011       -1.0000000000000000        9.3786518149118847E-011
   4.7000000000000011      -0.89999999999999947        1.1341130933749662E-010
   4.7000000000000011      -0.79999999999999982        1.3442697515232917E-010
   4.7000000000000011      -0.70000000000000018        1.5618186287835985E-010
   4.7000000000000011      -0.59999999999999964        1.7786433840639079E-010
   4.7000000000000011      -0.50000000000000000        1.9854606047972950E-010
   4.7000000000000011      -0.39999999999999947        2.1724399350789938E-010
   4.7000000000000011      -0.29999999999999982        2.3299596036556003E-010
   4.7000000000000011      -0.19999999999999929        2.4494191870468712E-010
   4.7000000000000011       -9.9999999999999645E-002   2.5240151068451800E-010
   4.7000000000000011        0.0000000000000000        2.5493818803919421E-010
   4.7000000000000011       0.10000000000000053        2.5240151068451800E-010
   4.7000000000000011       0.20000000000000018        2.4494191870468712E-010
   4.7000000000000011       0.30000000000000071        2.3299596036556003E-010
   4.7000000000000011       0.40000000000000036        2.1724399350789938E-010
   4.7000000000000011       0.50000000000000000        1.9854606047972950E-010
   4.7000000000000011       0.60000000000000053        1.7786433840639079E-010
   4.7000000000000011       0.70000000000000018        1.5618186287835985E-010
   4.7000000000000011       0.80000000000000071        1.3442697515232917E-010
   4.7000000000000011       0.90000000000000036        1.1341130933749622E-010
   4.7000000000000011        1.0000000000000000        9.3786518149118847E-011
   4.7000000000000011        1.1000000000000005        7.6021874096072707E-011
   4.7000000000000011        1.2000000000000002        6.0401933494607507E-011
   4.7000000000000011        1.3000000000000007        4.7041073104627244E-011
   4.7000000000000011        1.4000000000000004        3.5910190599673304E-011
   4.7000000000000011        1.5000000000000000        2.6870287330537826E-011
   4.7000000000000011        1.6000000000000005        1.9707930455455006E-011
   4.7000000000000011        1.7000000000000002        1.4168498941252499E-011
   4.7000000000000011        1.8000000000000007        9.9843724530928231E-012
   4.7000000000000011        1.9000000000000004        6.8965488232211318E-012
   4.7000000000000011        2.0000000000000000        4.6693557910740925E-012
   4.7000000000000011        2.1000000000000005        3.0988191387217815E-012
   4.7000000000000011        2.2000000000000002        2.0158100326412014E-012
   4.7000000000000011        2.3000000000000007        1.2853372251336319E-012
   4.7000000000000011        2.4000000000000004        8.0333868121671339E-013
   4.7000000000000011        2.5000000000000000        4.9214647958265992E-013
   4.7000000000000011        2.6000000000000005        2.9553178511740795E-013
   4.7000000000000011        2.7000000000000002        1.7395147741802250E-013
   4.7000000000000011        2.8000000000000007        1.0036127191173318E-013
   4.7000000000000011        2.9000000000000004        5.6756852326326420E-014
   4.7000000000000011        3.0000000000000000        3.1461871840130026E-014
   4.7000000000000011        3.0999999999999996        1.7094835407045194E-014
   4.7000000000000011        3.2000000000000011        9.1045691773545862E-015
   4.7000000000000011        3.3000000000000007        4.7530018882664862E-015
   4.7000000000000011        3.4000000000000004        2.4321518364616078E-015
   4.7000000000000011        3.5000000000000000        1.2199091575042039E-015
   4.7000000000000011        3.5999999999999996        5.9976125871643592E-016
   4.7000000000000011        3.7000000000000011        2.8903034248326508E-016
   4.7000000000000011        3.8000000000000007        1.3652826651637477E-016
   4.7000000000000011        3.9000000000000004        6.3214371590960041E-017
   4.7000000000000011        4.0000000000000000        2.8689513533602054E-017
   4.7000000000000011        4.0999999999999996        1.2762761511435170E-017
   4.7000000000000011        4.2000000000000011        5.5651930485531991E-018
   4.7000000000000011        4.3000000000000007        2.3786466081289060E-018
   4.7000000000000011        4.4000000000000004        9.9653768158824214E-019
   4.7000000000000011        4.5000000000000000        4.0923393177869948E-019
   4.7000000000000011        4.6000000000000014        1.6472657083745197E-019
   4.7000000000000011        4.7000000000000011        6.4993479720707545E-020
   4.7000000000000011        4.8000000000000007        2.5135644865055913E-020
   4.7000000000000011        4.9000000000000004        9.5284966201335022E-021
   4.7000000000000011        5.0000000000000000        3.5405672445239709E-021

   4.8000000000000007       -5.0000000000000000        1.3692825997566897E-021
   4.8000000000000007       -4.9000000000000004        3.6850605348532021E-021
   4.8000000000000007       -4.7999999999999998        9.7209850203007111E-021
   4.8000000000000007       -4.7000000000000002        2.5135644865056091E-020
   4.8000000000000007       -4.5999999999999996        6.3706522595828195E-020
   4.8000000000000007       -4.5000000000000000        1.5826754960840444E-019
   4.8000000000000007       -4.4000000000000004        3.8540200288841702E-019
   4.8000000000000007       -4.2999999999999998        9.1992022366436146E-019
   4.8000000000000007       -4.2000000000000002        2.1522884553193643E-018
   4.8000000000000007       -4.0999999999999996        4.9358834490381407E-018
   4.8000000000000007       -4.0000000000000000        1.1095411826397070E-017
   4.8000000000000007       -3.8999999999999999        2.4447590766121137E-017
   4.8000000000000007       -3.7999999999999998        5.2801081523012291E-017
   4.8000000000000007       -3.7000000000000002        1.1177989046138422E-016
   4.8000000000000007       -3.5999999999999996        2.3195228302435696E-016
   4.8000000000000007       -3.5000000000000000        4.7178891609469618E-016
   4.8000000000000007       -3.3999999999999999        9.4061289042991084E-016
   4.8000000000000007       -3.2999999999999998        1.8381808147493786E-015
   4.8000000000000007       -3.2000000000000002        3.5211104017624585E-015
   4.8000000000000007       -3.0999999999999996        6.6112741411069311E-015
   4.8000000000000007       -3.0000000000000000        1.2167596515246290E-014
   4.8000000000000007       -2.8999999999999999        2.1950203156739640E-014
   4.8000000000000007       -2.7999999999999998        3.8813821014339479E-014
   4.8000000000000007       -2.6999999999999997        6.7274172408068867E-014
   4.8000000000000007       -2.5999999999999996        1.1429426503964297E-013
   4.8000000000000007       -2.5000000000000000        1.9033323320332851E-013
   4.8000000000000007       -2.3999999999999999        3.1068402375434344E-013
   4.8000000000000007       -2.2999999999999998        4.9709263393235332E-013
   4.8000000000000007       -2.1999999999999997        7.7959643511351294E-013
   4.8000000000000007       -2.0999999999999996        1.1984404852096714E-012
   4.8000000000000007       -2.0000000000000000        1.8058314375132044E-012
   4.8000000000000007       -1.8999999999999999        2.6671783501964875E-012
   4.8000000000000007       -1.7999999999999998        3.8613664210600778E-012
   4.8000000000000007       -1.6999999999999997        5.4795397813540317E-012
   4.8000000000000007       -1.5999999999999996        7.6218651945128628E-012
   4.8000000000000007       -1.5000000000000000        1.0391842422728761E-011
   4.8000000000000007       -1.3999999999999999        1.3887943864963922E-011
   4.8000000000000007       -1.2999999999999998        1.8192712756881695E-011
   4.8000000000000007       -1.1999999999999997        2.3359905578335407E-011
   4.8000000000000007       -1.0999999999999996        2.9400777392844519E-011
   4.8000000000000007       -1.0000000000000000        3.6271094015224530E-011
   4.8000000000000007      -0.89999999999999947        4.3860805844498657E-011
   4.8000000000000007      -0.79999999999999982        5.1988425950304807E-011
   4.8000000000000007      -0.70000000000000018        6.0401933494607727E-011
   4.8000000000000007      -0.59999999999999964        6.8787436271345610E-011
   4.8000000000000007      -0.50000000000000000        7.6785906632790211E-011
   4.8000000000000007      -0.39999999999999947        8.4017164388588387E-011
   4.8000000000000007      -0.29999999999999982        9.0109096172541469E-011
   4.8000000000000007      -0.19999999999999929        9.4729088326760339E-011
   4.8000000000000007       -9.9999999999999645E-002   9.7614018563593118E-011
   4.8000000000000007        0.0000000000000000        9.8595055759914462E-011
   4.8000000000000007       0.10000000000000053        9.7614018563593118E-011
   4.8000000000000007       0.20000000000000018        9.4729088326760339E-011
   4.8000000000000007       0.30000000000000071        9.0109096172541469E-011
   4.8000000000000007       0.40000000000000036        8.4017164388588387E-011
   4.8000000000000007       0.50000000000000000        7.6785906632790211E-011
   4.8000000000000007       0.60000000000000053        6.8787436271345610E-011
   4.8000000000000007       0.70000000000000018        6.0401933494607727E-011
   4.8000000000000007       0.80000000000000071        5.1988425950304807E-011
   4.8000000000000007       0.90000000000000036        4.3860805844498502E-011
   4.8000000000000007        1.0000000000000000        3.6271094015224530E-011
   4.8000000000000007        1.1000000000000005        2.9400777392844519E-011
   4.8000000000000007        1.2000000000000002        2.3359905578335323E-011
   4.8000000000000007        1.3000000000000007        1.8192712756881630E-011
   4.8000000000000007        1.4000000000000004        1.3887943864963922E-011
   4.8000000000000007        1.5000000000000000        1.0391842422728761E-011
   4.8000000000000007        1.6000000000000005        7.6218651945128354E-012
   4.8000000000000007        1.7000000000000002        5.4795397813540317E-012
   4.8000000000000007        1.8000000000000007        3.8613664210600641E-012
   4.8000000000000007        1.9000000000000004        2.6671783501964875E-012
   4.8000000000000007        2.0000000000000000        1.8058314375132044E-012
   4.8000000000000007        2.1000000000000005        1.1984404852096629E-012
   4.8000000000000007        2.2000000000000002        7.7959643511351294E-013
   4.8000000000000007        2.3000000000000007        4.9709263393235160E-013
   4.8000000000000007        2.4000000000000004        3.1068402375434233E-013
   4.8000000000000007        2.5000000000000000        1.9033323320332851E-013
   4.8000000000000007        2.6000000000000005        1.1429426503964256E-013
   4.8000000000000007        2.7000000000000002        6.7274172408068867E-014
   4.8000000000000007        2.8000000000000007        3.8813821014339340E-014
   4.8000000000000007        2.9000000000000004        2.1950203156739561E-014
   4.8000000000000007        3.0000000000000000        1.2167596515246290E-014
   4.8000000000000007        3.0999999999999996        6.6112741411069311E-015
   4.8000000000000007        3.2000000000000011        3.5211104017624337E-015
   4.8000000000000007        3.3000000000000007        1.8381808147493786E-015
   4.8000000000000007        3.4000000000000004        9.4061289042991084E-016
   4.8000000000000007        3.5000000000000000        4.7178891609469618E-016
   4.8000000000000007        3.5999999999999996        2.3195228302435696E-016
   4.8000000000000007        3.7000000000000011        1.1177989046138262E-016
   4.8000000000000007        3.8000000000000007        5.2801081523011915E-017
   4.8000000000000007        3.9000000000000004        2.4447590766121137E-017
   4.8000000000000007        4.0000000000000000        1.1095411826397070E-017
   4.8000000000000007        4.0999999999999996        4.9358834490381407E-018
   4.8000000000000007        4.2000000000000011        2.1522884553193493E-018
   4.8000000000000007        4.3000000000000007        9.1992022366434836E-019
   4.8000000000000007        4.4000000000000004        3.8540200288841702E-019
   4.8000000000000007        4.5000000000000000        1.5826754960840444E-019
   4.8000000000000007        4.6000000000000014        6.3706522595827292E-020
   4.8000000000000007        4.7000000000000011        2.5135644865055913E-020
   4.8000000000000007        4.8000000000000007        9.7209850203006434E-021
   4.8000000000000007        4.9000000000000004        3.6850605348532021E-021
   4.8000000000000007        5.0000000000000000        1.3692825997566897E-021

   4.9000000000000004       -5.0000000000000000        5.1907180793788676E-022
   4.9000000000000004       -4.9000000000000004        1.3969439431470891E-021
   4.9000000000000004       -4.7999999999999998        3.6850605348532277E-021
   4.9000000000000004       -4.7000000000000002        9.5284966201335699E-021
   4.9000000000000004       -4.5999999999999996        2.4150062132629406E-020
   4.9000000000000004       -4.5000000000000000        5.9996543538734410E-020
   4.9000000000000004       -4.4000000000000004        1.4609936214607619E-019
   4.9000000000000004       -4.2999999999999998        3.4872615319944465E-019
   4.9000000000000004       -4.2000000000000002        8.1589604651733690E-019
   4.9000000000000004       -4.0999999999999996        1.8711096935856630E-018
   4.9000000000000004       -4.0000000000000000        4.2060824241589869E-018
   4.9000000000000004       -3.8999999999999999        9.2676669819298108E-018
   4.9000000000000004       -3.7999999999999998        2.0015994398888757E-017
   4.9000000000000004       -3.7000000000000002        4.2373860474966705E-017
   4.9000000000000004       -3.5999999999999996        8.7929176143892754E-017
   4.9000000000000004       -3.5000000000000000        1.7884717565668714E-016
   4.9000000000000004       -3.3999999999999999        3.5657039218339040E-016
   4.9000000000000004       -3.2999999999999998        6.9682316783857612E-016
   4.9000000000000004       -3.2000000000000002        1.3347932285975936E-015
   4.9000000000000004       -3.0999999999999996        2.5062218871452567E-015
   4.9000000000000004       -3.0000000000000000        4.6125294534158972E-015
   4.9000000000000004       -2.8999999999999999        8.3209496996437162E-015
   4.9000000000000004       -2.7999999999999998        1.4713661190517370E-014
   4.9000000000000004       -2.6999999999999997        2.5502497662342620E-014
   4.9000000000000004       -2.5999999999999996        4.3327017229022992E-014
   4.9000000000000004       -2.5000000000000000        7.2152100294760554E-014
   4.9000000000000004       -2.3999999999999999        1.1777504361498518E-013
   4.9000000000000004       -2.2999999999999998        1.8843938588989741E-013
   4.9000000000000004       -2.1999999999999997        2.9553178511741007E-013
   4.9000000000000004       -2.0999999999999996        4.5430846011939412E-013
   4.9000000000000004       -2.0000000000000000        6.8456006763513431E-013
   4.9000000000000004       -1.8999999999999999        1.0110820721560967E-012
   4.9000000000000004       -1.7999999999999998        1.4637785141259037E-012
   4.9000000000000004       -1.6999999999999997        2.0772005877241223E-012
   4.9000000000000004       -1.5999999999999996        2.8893198139504922E-012
   4.9000000000000004       -1.5000000000000000        3.9393711970998073E-012
   4.9000000000000004       -1.3999999999999999        5.2646839533399881E-012
   4.9000000000000004       -1.2999999999999998        6.8965488232211803E-012
   4.9000000000000004       -1.1999999999999997        8.8553439764439298E-012
   4.9000000000000004       -1.0999999999999996        1.1145336016681237E-011
   4.9000000000000004       -1.0000000000000000        1.3749756514625336E-011
   4.9000000000000004      -0.89999999999999947        1.6626887533195881E-011
   4.9000000000000004      -0.79999999999999982        1.9707930455455148E-011
   4.9000000000000004      -0.70000000000000018        2.2897348456455365E-011
   4.9000000000000004      -0.59999999999999964        2.6076150325085657E-011
   4.9000000000000004      -0.50000000000000000        2.9108234769882069E-011
   4.9000000000000004      -0.39999999999999947        3.1849481929258806E-011
   4.9000000000000004      -0.29999999999999982        3.4158829937838409E-011
   4.9000000000000004      -0.19999999999999929        3.5910190599673563E-011
   4.9000000000000004       -9.9999999999999645E-002   3.7003818718568491E-011
   4.9000000000000004        0.0000000000000000        3.7375713279442431E-011
   4.9000000000000004       0.10000000000000053        3.7003818718568491E-011
   4.9000000000000004       0.20000000000000018        3.5910190599673563E-011
   4.9000000000000004       0.30000000000000071        3.4158829937838409E-011
   4.9000000000000004       0.40000000000000036        3.1849481929258806E-011
   4.9000000000000004       0.50000000000000000        2.9108234769882069E-011
   4.9000000000000004       0.60000000000000053        2.6076150325085657E-011
   4.9000000000000004       0.70000000000000018        2.2897348456455365E-011
   4.9000000000000004       0.80000000000000071        1.9707930455455148E-011
   4.9000000000000004       0.90000000000000036        1.6626887533195822E-011
   4.9000000000000004        1.0000000000000000        1.3749756514625336E-011
   4.9000000000000004        1.1000000000000005        1.1145336016681237E-011
   4.9000000000000004        1.2000000000000002        8.8553439764438975E-012
   4.9000000000000004        1.3000000000000007        6.8965488232211560E-012
   4.9000000000000004        1.4000000000000004        5.2646839533399881E-012
   4.9000000000000004        1.5000000000000000        3.9393711970998073E-012
   4.9000000000000004        1.6000000000000005        2.8893198139504822E-012
   4.9000000000000004        1.7000000000000002        2.0772005877241223E-012
   4.9000000000000004        1.8000000000000007        1.4637785141258986E-012
   4.9000000000000004        1.9000000000000004        1.0110820721560967E-012
   4.9000000000000004        2.0000000000000000        6.8456006763513431E-013
   4.9000000000000004        2.1000000000000005        4.5430846011939089E-013
   4.9000000000000004        2.2000000000000002        2.9553178511741007E-013
   4.9000000000000004        2.3000000000000007        1.8843938588989673E-013
   4.9000000000000004        2.4000000000000004        1.1777504361498475E-013
   4.9000000000000004        2.5000000000000000        7.2152100294760554E-014
   4.9000000000000004        2.6000000000000005        4.3327017229022834E-014
   4.9000000000000004        2.7000000000000002        2.5502497662342620E-014
   4.9000000000000004        2.8000000000000007        1.4713661190517319E-014
   4.9000000000000004        2.9000000000000004        8.3209496996436578E-015
   4.9000000000000004        3.0000000000000000        4.6125294534158972E-015
   4.9000000000000004        3.0999999999999996        2.5062218871452567E-015
   4.9000000000000004        3.2000000000000011        1.3347932285975839E-015
   4.9000000000000004        3.3000000000000007        6.9682316783857612E-016
   4.9000000000000004        3.4000000000000004        3.5657039218339040E-016
   4.9000000000000004        3.5000000000000000        1.7884717565668714E-016
   4.9000000000000004        3.5999999999999996        8.7929176143892754E-017
   4.9000000000000004        3.7000000000000011        4.2373860474966101E-017
   4.9000000000000004        3.8000000000000007        2.0015994398888616E-017
   4.9000000000000004        3.9000000000000004        9.2676669819298108E-018
   4.9000000000000004        4.0000000000000000        4.2060824241589869E-018
   4.9000000000000004        4.0999999999999996        1.8711096935856630E-018
   4.9000000000000004        4.2000000000000011        8.1589604651733113E-019
   4.9000000000000004        4.3000000000000007        3.4872615319943974E-019
   4.9000000000000004        4.4000000000000004        1.4609936214607619E-019
   4.9000000000000004        4.5000000000000000        5.9996543538734410E-020
   4.9000000000000004        4.6000000000000014        2.4150062132629063E-020
   4.9000000000000004        4.7000000000000011        9.5284966201335022E-021
   4.9000000000000004        4.8000000000000007        3.6850605348532021E-021
   4.9000000000000004        4.9000000000000004        1.3969439431470891E-021
   4.9000000000000004        5.0000000000000000        5.1907180793788676E-022

   5.0000000000000000       -5.0000000000000000        1.9287498479639178E-022
   5.0000000000000000       -4.9000000000000004        5.1907180793788676E-022
   5.0000000000000000       -4.7999999999999998        1.3692825997566993E-021
   5.0000000000000000       -4.7000000000000002        3.5405672445239965E-021
   5.0000000000000000       -4.5999999999999996        8.9736001752192879E-021
   5.0000000000000000       -4.5000000000000000        2.2293317120883141E-020
   5.0000000000000000       -4.4000000000000004        5.4287117546670783E-020
   5.0000000000000000       -4.2999999999999998        1.2957851007869728E-019
   5.0000000000000000       -4.2000000000000002        3.0316795318288269E-019
   5.0000000000000000       -4.0999999999999996        6.9526074848183812E-019
   5.0000000000000000       -4.0000000000000000        1.5628821893349888E-018
   5.0000000000000000       -3.8999999999999999        3.4436490306397653E-018
   5.0000000000000000       -3.7999999999999998        7.4374769662549228E-018
   5.0000000000000000       -3.7000000000000002        1.5745138861118057E-017
   5.0000000000000000       -3.5999999999999996        3.2672432315842433E-017
   5.0000000000000000       -3.5000000000000000        6.6455441729150706E-017
   5.0000000000000000       -3.3999999999999999        1.3249324644393799E-016
   5.0000000000000000       -3.2999999999999998        2.5892324693295902E-016
   5.0000000000000000       -3.2000000000000002        4.9597805108092934E-016
   5.0000000000000000       -3.0999999999999996        9.3125363579246603E-016
   5.0000000000000000       -3.0000000000000000        1.7139084315420130E-015
   5.0000000000000000       -2.8999999999999999        3.0918709555545129E-015
   5.0000000000000000       -2.7999999999999998        5.4672535379919853E-015
   5.0000000000000000       -2.6999999999999997        9.4761336941707752E-015
   5.0000000000000000       -2.5999999999999996        1.6099309693815608E-014
   5.0000000000000000       -2.5000000000000000        2.6810038677818034E-014
   5.0000000000000000       -2.3999999999999999        4.3762460991433526E-014
   5.0000000000000000       -2.2999999999999998        7.0019683467194794E-014
   5.0000000000000000       -2.1999999999999997        1.0981272280576603E-013
   5.0000000000000000       -2.0999999999999996        1.6881043431448633E-013
   5.0000000000000000       -2.0000000000000000        2.5436656473769228E-013
   5.0000000000000000       -1.8999999999999999        3.7569453072347756E-013
   5.0000000000000000       -1.7999999999999998        5.4390597666807287E-013
   5.0000000000000000       -1.6999999999999997        7.7183932097558182E-013
   5.0000000000000000       -1.5999999999999996        1.0736038957721622E-012
   5.0000000000000000       -1.5000000000000000        1.4637785141259089E-012
   5.0000000000000000       -1.3999999999999999        1.9562338426589448E-012
   5.0000000000000000       -1.2999999999999998        2.5625967912045225E-012
   5.0000000000000000       -1.1999999999999997        3.2904394126290563E-012
   5.0000000000000000       -1.0999999999999996        4.1413470774072622E-012
   5.0000000000000000       -1.0000000000000000        5.1090890280633251E-012
   5.0000000000000000      -0.89999999999999947        6.1781638515806612E-012
   5.0000000000000000      -0.79999999999999982        7.3230075855306592E-012
   5.0000000000000000      -0.70000000000000018        8.5081209726284732E-012
   5.0000000000000000      -0.59999999999999964        9.6892896523888197E-012
   5.0000000000000000      -0.50000000000000000        1.0815941557285693E-011
   5.0000000000000000      -0.39999999999999947        1.1834525106040489E-011
   5.0000000000000000      -0.29999999999999982        1.2692624997486851E-011
   5.0000000000000000      -0.19999999999999929        1.3343389796997741E-011
   5.0000000000000000       -9.9999999999999645E-002   1.3749756514625386E-011
   5.0000000000000000        0.0000000000000000        1.3887943864964021E-011
   5.0000000000000000       0.10000000000000053        1.3749756514625386E-011
   5.0000000000000000       0.20000000000000018        1.3343389796997741E-011
   5.0000000000000000       0.30000000000000071        1.2692624997486851E-011
   5.0000000000000000       0.40000000000000036        1.1834525106040489E-011
   5.0000000000000000       0.50000000000000000        1.0815941557285693E-011
   5.0000000000000000       0.60000000000000053        9.6892896523888197E-012
   5.0000000000000000       0.70000000000000018        8.5081209726284732E-012
   5.0000000000000000       0.80000000000000071        7.3230075855306592E-012
   5.0000000000000000       0.90000000000000036        6.1781638515806394E-012
   5.0000000000000000        1.0000000000000000        5.1090890280633251E-012
   5.0000000000000000        1.1000000000000005        4.1413470774072622E-012
   5.0000000000000000        1.2000000000000002        3.2904394126290445E-012
   5.0000000000000000        1.3000000000000007        2.5625967912045136E-012
   5.0000000000000000        1.4000000000000004        1.9562338426589448E-012
   5.0000000000000000        1.5000000000000000        1.4637785141259089E-012
   5.0000000000000000        1.6000000000000005        1.0736038957721583E-012
   5.0000000000000000        1.7000000000000002        7.7183932097558182E-013
   5.0000000000000000        1.8000000000000007        5.4390597666807095E-013
   5.0000000000000000        1.9000000000000004        3.7569453072347756E-013
   5.0000000000000000        2.0000000000000000        2.5436656473769228E-013
   5.0000000000000000        2.1000000000000005        1.6881043431448514E-013
   5.0000000000000000        2.2000000000000002        1.0981272280576603E-013
   5.0000000000000000        2.3000000000000007        7.0019683467194555E-014
   5.0000000000000000        2.4000000000000004        4.3762460991433368E-014
   5.0000000000000000        2.5000000000000000        2.6810038677818034E-014
   5.0000000000000000        2.6000000000000005        1.6099309693815552E-014
   5.0000000000000000        2.7000000000000002        9.4761336941707752E-015
   5.0000000000000000        2.8000000000000007        5.4672535379919467E-015
   5.0000000000000000        2.9000000000000004        3.0918709555544908E-015
   5.0000000000000000        3.0000000000000000        1.7139084315420130E-015
   5.0000000000000000        3.0999999999999996        9.3125363579246603E-016
   5.0000000000000000        3.2000000000000011        4.9597805108092579E-016
   5.0000000000000000        3.3000000000000007        2.5892324693295902E-016
   5.0000000000000000        3.4000000000000004        1.3249324644393799E-016
   5.0000000000000000        3.5000000000000000        6.6455441729150706E-017
   5.0000000000000000        3.5999999999999996        3.2672432315842433E-017
   5.0000000000000000        3.7000000000000011        1.5745138861117835E-017
   5.0000000000000000        3.8000000000000007        7.4374769662548704E-018
   5.0000000000000000        3.9000000000000004        3.4436490306397653E-018
   5.0000000000000000        4.0000000000000000        1.5628821893349888E-018
   5.0000000000000000        4.0999999999999996        6.9526074848183812E-019
   5.0000000000000000        4.2000000000000011        3.0316795318288053E-019
   5.0000000000000000        4.3000000000000007        1.2957851007869545E-019
   5.0000000000000000        4.4000000000000004        5.4287117546670783E-020
   5.0000000000000000        4.5000000000000000        2.2293317120883141E-020
   5.0000000000000000        4.6000000000000014        8.9736001752191615E-021
   5.0000000000000000        4.7000000000000011        3.5405672445239709E-021
   5.0000000000000000        4.8000000000000007        1.3692825997566897E-021
   5.0000000000000000        4.9000000000000004        5.1907180793788676E-022
   5.0000000000000000        5.0000000000000000        1.9287498479639178E-022

